sz,s3d/stat_planar.1.1000E-03.field.d64,327118.089630,477554.918816,0.000000,0.000000,0.000000,0.000000,0.000000,15612451033.058142,0.000001,0.000000,0.000000,0.000000,0.000000,125000000,129.038960,0.000000,0.000000,0.039200,0.015364,-0.000000,0.039200,0.018303,2.074773,32418323,30.846753,1000000000,1000000000,3057,2094,201
sz,s3d/stat_planar.1.1000E-03.field.d64,326264.274062,484730.974309,0.000000,0.000000,0.000000,0.000000,0.000000,15612451033.058142,0.000001,0.000000,0.000000,0.000000,0.000000,125000000,129.038960,0.000000,0.000000,0.039200,0.015364,-0.000000,0.039200,0.018303,2.074773,32418323,30.846753,1000000000,1000000000,3065,2063,201
sz,s3d/stat_planar.1.1000E-03.field.d64,327653.997379,519750.519751,0.000000,0.000000,0.000000,0.000000,0.000000,15612451033.058142,0.000001,0.000000,0.000000,0.000000,0.000000,125000000,129.038960,0.000000,0.000000,0.039200,0.015364,-0.000000,0.039200,0.018303,2.074773,32418323,30.846753,1000000000,1000000000,3052,1924,201
sz,s3d/stat_planar.1.1000E-03.field.d64,348432.055749,456829.602558,0.000000,0.000000,0.000000,0.000000,0.000000,15612451033.058142,0.000001,0.000000,0.000000,0.000000,0.000000,125000000,129.038960,0.000000,0.000000,0.039200,0.015364,-0.000000,0.039200,0.018303,2.074773,32418323,30.846753,1000000000,1000000000,2870,2189,201
sz,s3d/stat_planar.1.1000E-03.field.d64,349772.647779,545851.528384,0.000000,0.000000,0.000000,0.000000,0.000000,15612451033.058142,0.000001,0.000000,0.000000,0.000000,0.000000,125000000,129.038960,0.000000,0.000000,0.039200,0.015364,-0.000000,0.039200,0.018303,2.074773,32418323,30.846753,1000000000,1000000000,2859,1832,201
sz,s3d/stat_planar.1.1000E-03.field.d64,336473.755047,526038.926881,0.000000,0.000000,0.000000,0.000000,0.000000,15612451033.058142,0.000001,0.000000,0.000000,0.000000,0.000000,125000000,129.038960,0.000000,0.000000,0.039200,0.015364,-0.000000,0.039200,0.018303,2.074773,32418323,30.846753,1000000000,1000000000,2972,1901,201
sz,s3d/stat_planar.1.1000E-03.field.d64,350017.500875,552791.597568,0.000000,0.000000,0.000000,0.000000,0.000000,15612451033.058142,0.000001,0.000000,0.000000,0.000000,0.000000,125000000,129.038960,0.000000,0.000000,0.039200,0.015364,-0.000000,0.039200,0.018303,2.074773,32418323,30.846753,1000000000,1000000000,2857,1809,201
sz,s3d/stat_planar.1.1000E-03.field.d64,349283.967866,528820.729773,0.000000,0.000000,0.000000,0.000000,0.000000,15612451033.058142,0.000001,0.000000,0.000000,0.000000,0.000000,125000000,129.038960,0.000000,0.000000,0.039200,0.015364,-0.000000,0.039200,0.018303,2.074773,32418323,30.846753,1000000000,1000000000,2863,1891,201
sz,s3d/stat_planar.1.1000E-03.field.d64,349283.967866,554938.956715,0.000000,0.000000,0.000000,0.000000,0.000000,15612451033.058142,0.000001,0.000000,0.000000,0.000000,0.000000,125000000,129.038960,0.000000,0.000000,0.039200,0.015364,-0.000000,0.039200,0.018303,2.074773,32418323,30.846753,1000000000,1000000000,2863,1802,201
sz,s3d/stat_planar.1.1000E-03.field.d64,349650.349650,555247.084953,0.000000,0.000000,0.000000,0.000000,0.000000,15612451033.058142,0.000001,0.000000,0.000000,0.000000,0.000000,125000000,129.038960,0.000000,0.000000,0.039200,0.015364,-0.000000,0.039200,0.018303,2.074773,32418323,30.846753,1000000000,1000000000,2860,1801,201
sz,s3d/stat_planar.1.1000E-03.field.d64,340947.834981,524109.014675,0.000000,0.000000,0.000000,0.000000,0.000000,15612451033.058142,0.000001,0.000000,0.000000,0.000000,0.000000,125000000,129.038960,0.000000,0.000000,0.039200,0.015364,-0.000000,0.039200,0.018303,2.074773,32418323,30.846753,1000000000,1000000000,2933,1908,201
sz,s3d/stat_planar.1.1000E-03.field.d64,336473.755047,545553.737043,0.000000,0.000000,0.000000,0.000000,0.000000,15612451033.058142,0.000001,0.000000,0.000000,0.000000,0.000000,125000000,129.038960,0.000000,0.000000,0.039200,0.015364,-0.000000,0.039200,0.018303,2.074773,32418323,30.846753,1000000000,1000000000,2972,1833,201
sz,s3d/stat_planar.1.1000E-03.field.d64,350754.121361,556483.027268,0.000000,0.000000,0.000000,0.000000,0.000000,15612451033.058142,0.000001,0.000000,0.000000,0.000000,0.000000,125000000,129.038960,0.000000,0.000000,0.039200,0.015364,-0.000000,0.039200,0.018303,2.074773,32418323,30.846753,1000000000,1000000000,2851,1797,201
sz,s3d/stat_planar.1.1000E-03.field.d64,350631.136045,556792.873051,0.000000,0.000000,0.000000,0.000000,0.000000,15612451033.058142,0.000001,0.000000,0.000000,0.000000,0.000000,125000000,129.038960,0.000000,0.000000,0.039200,0.015364,-0.000000,0.039200,0.018303,2.074773,32418323,30.846753,1000000000,1000000000,2852,1796,201
sz,s3d/stat_planar.1.1000E-03.field.d64,349528.137015,554016.620499,0.000000,0.000000,0.000000,0.000000,0.000000,15612451033.058142,0.000001,0.000000,0.000000,0.000000,0.000000,125000000,129.038960,0.000000,0.000000,0.039200,0.015364,-0.000000,0.039200,0.018303,2.074773,32418323,30.846753,1000000000,1000000000,2861,1805,201
sz,s3d/stat_planar.1.1000E-03.field.d64,347826.086957,553709.856035,0.000000,0.000000,0.000000,0.000000,0.000000,15612451033.058142,0.000001,0.000000,0.000000,0.000000,0.000000,125000000,129.038960,0.000000,0.000000,0.039200,0.015364,-0.000000,0.039200,0.018303,2.074773,32418323,30.846753,1000000000,1000000000,2875,1806,201
sz,s3d/stat_planar.1.1000E-03.field.d64,328839.197632,526870.389884,0.000000,0.000000,0.000000,0.000000,0.000000,15612451033.058142,0.000001,0.000000,0.000000,0.000000,0.000000,125000000,129.038960,0.000000,0.000000,0.039200,0.015364,-0.000000,0.039200,0.018303,2.074773,32418323,30.846753,1000000000,1000000000,3041,1898,201
sz,s3d/stat_planar.1.1000E-03.field.d64,343760.742523,554016.620499,0.000000,0.000000,0.000000,0.000000,0.000000,15612451033.058142,0.000001,0.000000,0.000000,0.000000,0.000000,125000000,129.038960,0.000000,0.000000,0.039200,0.015364,-0.000000,0.039200,0.018303,2.074773,32418323,30.846753,1000000000,1000000000,2909,1805,201
sz,s3d/stat_planar.1.1000E-03.field.d64,348918.353105,555247.084953,0.000000,0.000000,0.000000,0.000000,0.000000,15612451033.058142,0.000001,0.000000,0.000000,0.000000,0.000000,125000000,129.038960,0.000000,0.000000,0.039200,0.015364,-0.000000,0.039200,0.018303,2.074773,32418323,30.846753,1000000000,1000000000,2866,1801,201
sz,s3d/stat_planar.1.1000E-03.field.d64,349528.137015,555247.084953,0.000000,0.000000,0.000000,0.000000,0.000000,15612451033.058142,0.000001,0.000000,0.000000,0.000000,0.000000,125000000,129.038960,0.000000,0.000000,0.039200,0.015364,-0.000000,0.039200,0.018303,2.074773,32418323,30.846753,1000000000,1000000000,2861,1801,201
sz,s3d/stat_planar.1.1000E-03.field.d64,350385.423966,555247.084953,0.000000,0.000000,0.000000,0.000000,0.000000,15612451033.058142,0.000001,0.000000,0.000000,0.000000,0.000000,125000000,129.038960,0.000000,0.000000,0.039200,0.015364,-0.000000,0.039200,0.018303,2.074773,32418323,30.846753,1000000000,1000000000,2854,1801,201
sz,s3d/stat_planar.1.1000E-03.field.d64,349650.349650,554323.725055,0.000000,0.000000,0.000000,0.000000,0.000000,15612451033.058142,0.000001,0.000000,0.000000,0.000000,0.000000,125000000,129.038960,0.000000,0.000000,0.039200,0.015364,-0.000000,0.039200,0.018303,2.074773,32418323,30.846753,1000000000,1000000000,2860,1804,201
sz,s3d/stat_planar.1.1000E-03.field.d64,349162.011173,481231.953802,0.000000,0.000000,0.000000,0.000000,0.000000,15612451033.058142,0.000001,0.000000,0.000000,0.000000,0.000000,125000000,129.038960,0.000000,0.000000,0.039200,0.015364,-0.000000,0.039200,0.018303,2.074773,32418323,30.846753,1000000000,1000000000,2864,2078,201
sz,s3d/stat_planar.1.1000E-03.field.d64,339097.999322,535045.478866,0.000000,0.000000,0.000000,0.000000,0.000000,15612451033.058142,0.000001,0.000000,0.000000,0.000000,0.000000,125000000,129.038960,0.000000,0.000000,0.039200,0.015364,-0.000000,0.039200,0.018303,2.074773,32418323,30.846753,1000000000,1000000000,2949,1869,68
sz,s3d/stat_planar.1.1000E-03.field.d64,348796.651552,554016.620499,0.000000,0.000000,0.000000,0.000000,0.000000,15612451033.058142,0.000001,0.000000,0.000000,0.000000,0.000000,125000000,129.038960,0.000000,0.000000,0.039200,0.015364,-0.000000,0.039200,0.018303,2.074773,32418323,30.846753,1000000000,1000000000,2867,1805,68
sz,s3d/stat_planar.1.1000E-03.field.d64,370096.225019,626566.416040,0.000000,0.000000,0.000001,0.000000,0.000000,51761529667.556618,0.000010,0.000000,0.000000,0.000000,0.000000,125000000,109.493660,0.000000,0.000003,0.039200,0.015364,-0.000000,0.039200,0.018303,0.884645,13822571,72.345441,1000000000,1000000000,2702,1596,68
sz,s3d/stat_planar.1.1000E-03.field.d64,373552.484124,624609.618988,0.000000,0.000000,0.000001,0.000000,0.000000,51761529667.556618,0.000010,0.000000,0.000000,0.000000,0.000000,125000000,109.493660,0.000000,0.000003,0.039200,0.015364,-0.000000,0.039200,0.018303,0.884645,13822571,72.345441,1000000000,1000000000,2677,1601,68
sz,s3d/stat_planar.1.1000E-03.field.d64,372162.262747,623830.318153,0.000000,0.000000,0.000001,0.000000,0.000000,51761529667.556618,0.000010,0.000000,0.000000,0.000000,0.000000,125000000,109.493660,0.000000,0.000003,0.039200,0.015364,-0.000000,0.039200,0.018303,0.884645,13822571,72.345441,1000000000,1000000000,2687,1603,68
sz,s3d/stat_planar.1.1000E-03.field.d64,371333.085778,587544.065805,0.000000,0.000000,0.000001,0.000000,0.000000,51761529667.556618,0.000010,0.000000,0.000000,0.000000,0.000000,125000000,109.493660,0.000000,0.000003,0.039200,0.015364,-0.000000,0.039200,0.018303,0.884645,13822571,72.345441,1000000000,1000000000,2693,1702,68
sz,s3d/stat_planar.1.1000E-03.field.d64,336360.578540,583090.379009,0.000000,0.000000,0.000001,0.000000,0.000000,51761529667.556618,0.000010,0.000000,0.000000,0.000000,0.000000,125000000,109.493660,0.000000,0.000003,0.039200,0.015364,-0.000000,0.039200,0.018303,0.884645,13822571,72.345441,1000000000,1000000000,2973,1715,68
sz,s3d/stat_planar.1.1000E-03.field.d64,372717.107715,626174.076393,0.000000,0.000000,0.000001,0.000000,0.000000,51761529667.556618,0.000010,0.000000,0.000000,0.000000,0.000000,125000000,109.493660,0.000000,0.000003,0.039200,0.015364,-0.000000,0.039200,0.018303,0.884645,13822571,72.345441,1000000000,1000000000,2683,1597,68
sz,s3d/stat_planar.1.1000E-03.field.d64,372856.077554,625782.227785,0.000000,0.000000,0.000001,0.000000,0.000000,51761529667.556618,0.000010,0.000000,0.000000,0.000000,0.000000,125000000,109.493660,0.000000,0.000003,0.039200,0.015364,-0.000000,0.039200,0.018303,0.884645,13822571,72.345441,1000000000,1000000000,2682,1598,68
sz,s3d/stat_planar.1.1000E-03.field.d64,371885.459279,622665.006227,0.000000,0.000000,0.000001,0.000000,0.000000,51761529667.556618,0.000010,0.000000,0.000000,0.000000,0.000000,125000000,109.493660,0.000000,0.000003,0.039200,0.015364,-0.000000,0.039200,0.018303,0.884645,13822571,72.345441,1000000000,1000000000,2689,1606,68
sz,s3d/stat_planar.1.1000E-03.field.d64,369685.767098,611995.104039,0.000000,0.000000,0.000001,0.000000,0.000000,51761529667.556618,0.000010,0.000000,0.000000,0.000000,0.000000,125000000,109.493660,0.000000,0.000003,0.039200,0.015364,-0.000000,0.039200,0.018303,0.884645,13822571,72.345441,1000000000,1000000000,2705,1634,68
sz,s3d/stat_planar.1.1000E-03.field.d64,369412.633912,600240.096038,0.000000,0.000000,0.000001,0.000000,0.000000,51761529667.556618,0.000010,0.000000,0.000000,0.000000,0.000000,125000000,109.493660,0.000000,0.000003,0.039200,0.015364,-0.000000,0.039200,0.018303,0.884645,13822571,72.345441,1000000000,1000000000,2707,1666,68
sz,s3d/stat_planar.1.1000E-03.field.d64,369549.150037,626566.416040,0.000000,0.000000,0.000001,0.000000,0.000000,51761529667.556618,0.000010,0.000000,0.000000,0.000000,0.000000,125000000,109.493660,0.000000,0.000003,0.039200,0.015364,-0.000000,0.039200,0.018303,0.884645,13822571,72.345441,1000000000,1000000000,2706,1596,68
sz,s3d/stat_planar.1.1000E-03.field.d64,351123.595506,626174.076393,0.000000,0.000000,0.000001,0.000000,0.000000,51761529667.556618,0.000010,0.000000,0.000000,0.000000,0.000000,125000000,109.493660,0.000000,0.000003,0.039200,0.015364,-0.000000,0.039200,0.018303,0.884645,13822571,72.345441,1000000000,1000000000,2848,1597,68
sz,s3d/stat_planar.1.1000E-03.field.d64,370644.922165,624609.618988,0.000000,0.000000,0.000001,0.000000,0.000000,51761529667.556618,0.000010,0.000000,0.000000,0.000000,0.000000,125000000,109.493660,0.000000,0.000003,0.039200,0.015364,-0.000000,0.039200,0.018303,0.884645,13822571,72.345441,1000000000,1000000000,2698,1601,68
sz,s3d/stat_planar.1.1000E-03.field.d64,371747.211896,597014.925373,0.000000,0.000000,0.000001,0.000000,0.000000,51761529667.556618,0.000010,0.000000,0.000000,0.000000,0.000000,125000000,109.493660,0.000000,0.000003,0.039200,0.015364,-0.000000,0.039200,0.018303,0.884645,13822571,72.345441,1000000000,1000000000,2690,1675,68
sz,s3d/stat_planar.1.1000E-03.field.d64,345901.072293,583090.379009,0.000000,0.000000,0.000001,0.000000,0.000000,51761529667.556618,0.000010,0.000000,0.000000,0.000000,0.000000,125000000,109.493660,0.000000,0.000003,0.039200,0.015364,-0.000000,0.039200,0.018303,0.884645,13822571,72.345441,1000000000,1000000000,2891,1715,68
sz,s3d/stat_planar.1.1000E-03.field.d64,372578.241431,626959.247649,0.000000,0.000000,0.000001,0.000000,0.000000,51761529667.556618,0.000010,0.000000,0.000000,0.000000,0.000000,125000000,109.493660,0.000000,0.000003,0.039200,0.015364,-0.000000,0.039200,0.018303,0.884645,13822571,72.345441,1000000000,1000000000,2684,1595,68
sz,s3d/stat_planar.1.1000E-03.field.d64,371471.025260,621890.547264,0.000000,0.000000,0.000001,0.000000,0.000000,51761529667.556618,0.000010,0.000000,0.000000,0.000000,0.000000,125000000,109.493660,0.000000,0.000003,0.039200,0.015364,-0.000000,0.039200,0.018303,0.884645,13822571,72.345441,1000000000,1000000000,2692,1608,68
sz,s3d/stat_planar.1.1000E-03.field.d64,370370.370370,620732.464308,0.000000,0.000000,0.000001,0.000000,0.000000,51761529667.556618,0.000010,0.000000,0.000000,0.000000,0.000000,125000000,109.493660,0.000000,0.000003,0.039200,0.015364,-0.000000,0.039200,0.018303,0.884645,13822571,72.345441,1000000000,1000000000,2700,1611,68
sz,s3d/stat_planar.1.1000E-03.field.d64,349162.011173,560224.089636,0.000000,0.000000,0.000001,0.000000,0.000000,51761529667.556618,0.000010,0.000000,0.000000,0.000000,0.000000,125000000,109.493660,0.000000,0.000003,0.039200,0.015364,-0.000000,0.039200,0.018303,0.884645,13822571,72.345441,1000000000,1000000000,2864,1785,68
sz,s3d/stat_planar.1.1000E-03.field.d64,369822.485207,625000.000000,0.000000,0.000000,0.000001,0.000000,0.000000,51761529667.556618,0.000010,0.000000,0.000000,0.000000,0.000000,125000000,109.493660,0.000000,0.000003,0.039200,0.015364,-0.000000,0.039200,0.018303,0.884645,13822571,72.345441,1000000000,1000000000,2704,1600,68
sz,s3d/stat_planar.1.1000E-03.field.d64,371609.067261,619962.802232,0.000000,0.000000,0.000001,0.000000,0.000000,51761529667.556618,0.000010,0.000000,0.000000,0.000000,0.000000,125000000,109.493660,0.000000,0.000003,0.039200,0.015364,-0.000000,0.039200,0.018303,0.884645,13822571,72.345441,1000000000,1000000000,2691,1613,68
sz,s3d/stat_planar.1.1000E-03.field.d64,370096.225019,621890.547264,0.000000,0.000000,0.000001,0.000000,0.000000,51761529667.556618,0.000010,0.000000,0.000000,0.000000,0.000000,125000000,109.493660,0.000000,0.000003,0.039200,0.015364,-0.000000,0.039200,0.018303,0.884645,13822571,72.345441,1000000000,1000000000,2702,1608,68
sz,s3d/stat_planar.1.1000E-03.field.d64,371195.248701,586854.460094,0.000000,0.000000,0.000001,0.000000,0.000000,51761529667.556618,0.000010,0.000000,0.000000,0.000000,0.000000,125000000,109.493660,0.000000,0.000003,0.039200,0.015364,-0.000000,0.039200,0.018303,0.884645,13822571,72.345441,1000000000,1000000000,2694,1704,68
sz,s3d/stat_planar.1.1000E-03.field.d64,362976.406534,625000.000000,0.000000,0.000000,0.000001,0.000000,0.000000,51761529667.556618,0.000010,0.000000,0.000000,0.000000,0.000000,125000000,109.493660,0.000000,0.000003,0.039200,0.015364,-0.000000,0.039200,0.018303,0.884645,13822571,72.345441,1000000000,1000000000,2755,1600,68
sz,s3d/stat_planar.1.1000E-03.field.d64,368867.576540,564652.738566,0.000000,0.000000,0.000001,0.000000,0.000000,51761529667.556618,0.000010,0.000000,0.000000,0.000000,0.000000,125000000,109.493660,0.000000,0.000003,0.039200,0.015364,-0.000000,0.039200,0.018303,0.884645,13822571,72.345441,1000000000,1000000000,2711,1771,68
sz,s3d/stat_planar.1.1000E-03.field.d64,345423.143351,634115.409004,0.000000,0.000001,0.000008,0.000004,0.000004,118236407487.439407,0.000100,0.000000,0.000000,0.000000,0.000000,125000000,90.259334,0.000001,0.000031,0.039200,0.015364,-0.000000,0.039200,0.018303,0.648899,10139053,98.628541,1000000000,1000000000,2895,1577,68
sz,s3d/stat_planar.1.1000E-03.field.d64,341530.054645,567214.974475,0.000000,0.000001,0.000008,0.000004,0.000004,118236407487.439407,0.000100,0.000000,0.000000,0.000000,0.000000,125000000,90.259334,0.000001,0.000031,0.039200,0.015364,-0.000000,0.039200,0.018303,0.648899,10139053,98.628541,1000000000,1000000000,2928,1763,68
sz,s3d/stat_planar.1.1000E-03.field.d64,355113.636364,633713.561470,0.000000,0.000001,0.000008,0.000004,0.000004,118236407487.439407,0.000100,0.000000,0.000000,0.000000,0.000000,125000000,90.259334,0.000001,0.000031,0.039200,0.015364,-0.000000,0.039200,0.018303,0.648899,10139053,98.628541,1000000000,1000000000,2816,1578,68
sz,s3d/stat_planar.1.1000E-03.field.d64,353731.871242,634517.766497,0.000000,0.000001,0.000008,0.000004,0.000004,118236407487.439407,0.000100,0.000000,0.000000,0.000000,0.000000,125000000,90.259334,0.000001,0.000031,0.039200,0.015364,-0.000000,0.039200,0.018303,0.648899,10139053,98.628541,1000000000,1000000000,2827,1576,68
sz,s3d/stat_planar.1.1000E-03.field.d64,352858.151023,596302.921884,0.000000,0.000001,0.000008,0.000004,0.000004,118236407487.439407,0.000100,0.000000,0.000000,0.000000,0.000000,125000000,90.259334,0.000001,0.000031,0.039200,0.015364,-0.000000,0.039200,0.018303,0.648899,10139053,98.628541,1000000000,1000000000,2834,1677,68
sz,s3d/stat_planar.1.1000E-03.field.d64,353606.789250,594530.321046,0.000000,0.000001,0.000008,0.000004,0.000004,118236407487.439407,0.000100,0.000000,0.000000,0.000000,0.000000,125000000,90.259334,0.000001,0.000031,0.039200,0.015364,-0.000000,0.039200,0.018303,0.648899,10139053,98.628541,1000000000,1000000000,2828,1682,68
sz,s3d/stat_planar.1.1000E-03.field.d64,326264.274062,634115.409004,0.000000,0.000001,0.000008,0.000004,0.000004,118236407487.439407,0.000100,0.000000,0.000000,0.000000,0.000000,125000000,90.259334,0.000001,0.000031,0.039200,0.015364,-0.000000,0.039200,0.018303,0.648899,10139053,98.628541,1000000000,1000000000,3065,1577,68
sz,s3d/stat_planar.1.1000E-03.field.d64,352733.686067,634115.409004,0.000000,0.000001,0.000008,0.000004,0.000004,118236407487.439407,0.000100,0.000000,0.000000,0.000000,0.000000,125000000,90.259334,0.000001,0.000031,0.039200,0.015364,-0.000000,0.039200,0.018303,0.648899,10139053,98.628541,1000000000,1000000000,2835,1577,68
sz,s3d/stat_planar.1.1000E-03.field.d64,343524.562006,598086.124402,0.000000,0.000001,0.000008,0.000004,0.000004,118236407487.439407,0.000100,0.000000,0.000000,0.000000,0.000000,125000000,90.259334,0.000001,0.000031,0.039200,0.015364,-0.000000,0.039200,0.018303,0.648899,10139053,98.628541,1000000000,1000000000,2911,1672,68
sz,s3d/stat_planar.1.1000E-03.field.d64,352360.817477,631313.131313,0.000000,0.000001,0.000008,0.000004,0.000004,118236407487.439407,0.000100,0.000000,0.000000,0.000000,0.000000,125000000,90.259334,0.000001,0.000031,0.039200,0.015364,-0.000000,0.039200,0.018303,0.648899,10139053,98.628541,1000000000,1000000000,2838,1584,68
sz,s3d/stat_planar.1.1000E-03.field.d64,338868.180278,635727.908455,0.000000,0.000001,0.000008,0.000004,0.000004,118236407487.439407,0.000100,0.000000,0.000000,0.000000,0.000000,125000000,90.259334,0.000001,0.000031,0.039200,0.015364,-0.000000,0.039200,0.018303,0.648899,10139053,98.628541,1000000000,1000000000,2951,1573,68
sz,s3d/stat_planar.1.1000E-03.field.d64,352609.308886,633713.561470,0.000000,0.000001,0.000008,0.000004,0.000004,118236407487.439407,0.000100,0.000000,0.000000,0.000000,0.000000,125000000,90.259334,0.000001,0.000031,0.039200,0.015364,-0.000000,0.039200,0.018303,0.648899,10139053,98.628541,1000000000,1000000000,2836,1578,68
sz,s3d/stat_planar.1.1000E-03.field.d64,340483.486551,558659.217877,0.000000,0.000001,0.000008,0.000004,0.000004,118236407487.439407,0.000100,0.000000,0.000000,0.000000,0.000000,125000000,90.259334,0.000001,0.000031,0.039200,0.015364,-0.000000,0.039200,0.018303,0.648899,10139053,98.628541,1000000000,1000000000,2937,1790,68
sz,s3d/stat_planar.1.1000E-03.field.d64,334448.160535,634517.766497,0.000000,0.000001,0.000008,0.000004,0.000004,118236407487.439407,0.000100,0.000000,0.000000,0.000000,0.000000,125000000,90.259334,0.000001,0.000031,0.039200,0.015364,-0.000000,0.039200,0.018303,0.648899,10139053,98.628541,1000000000,1000000000,2990,1576,68
sz,s3d/stat_planar.1.1000E-03.field.d64,351617.440225,635727.908455,0.000000,0.000001,0.000008,0.000004,0.000004,118236407487.439407,0.000100,0.000000,0.000000,0.000000,0.000000,125000000,90.259334,0.000001,0.000031,0.039200,0.015364,-0.000000,0.039200,0.018303,0.648899,10139053,98.628541,1000000000,1000000000,2844,1573,68
sz,s3d/stat_planar.1.1000E-03.field.d64,344352.617080,597014.925373,0.000000,0.000001,0.000008,0.000004,0.000004,118236407487.439407,0.000100,0.000000,0.000000,0.000000,0.000000,125000000,90.259334,0.000001,0.000031,0.039200,0.015364,-0.000000,0.039200,0.018303,0.648899,10139053,98.628541,1000000000,1000000000,2904,1675,68
sz,s3d/stat_planar.1.1000E-03.field.d64,318775.900542,636537.237428,0.000000,0.000001,0.000008,0.000004,0.000004,118236407487.439407,0.000100,0.000000,0.000000,0.000000,0.000000,125000000,90.259334,0.000001,0.000031,0.039200,0.015364,-0.000000,0.039200,0.018303,0.648899,10139053,98.628541,1000000000,1000000000,3137,1571,68
sz,s3d/stat_planar.1.1000E-03.field.d64,343642.611684,634517.766497,0.000000,0.000001,0.000008,0.000004,0.000004,118236407487.439407,0.000100,0.000000,0.000000,0.000000,0.000000,125000000,90.259334,0.000001,0.000031,0.039200,0.015364,-0.000000,0.039200,0.018303,0.648899,10139053,98.628541,1000000000,1000000000,2910,1576,68
sz,s3d/stat_planar.1.1000E-03.field.d64,342817.963661,635727.908455,0.000000,0.000001,0.000008,0.000004,0.000004,118236407487.439407,0.000100,0.000000,0.000000,0.000000,0.000000,125000000,90.259334,0.000001,0.000031,0.039200,0.015364,-0.000000,0.039200,0.018303,0.648899,10139053,98.628541,1000000000,1000000000,2917,1573,68
sz,s3d/stat_planar.1.1000E-03.field.d64,328083.989501,516262.261229,0.000000,0.000001,0.000008,0.000004,0.000004,118236407487.439407,0.000100,0.000000,0.000000,0.000000,0.000000,125000000,90.259334,0.000001,0.000031,0.039200,0.015364,-0.000000,0.039200,0.018303,0.648899,10139053,98.628541,1000000000,1000000000,3048,1937,68
sz,s3d/stat_planar.1.1000E-03.field.d64,343524.562006,634920.634921,0.000000,0.000001,0.000008,0.000004,0.000004,118236407487.439407,0.000100,0.000000,0.000000,0.000000,0.000000,125000000,90.259334,0.000001,0.000031,0.039200,0.015364,-0.000000,0.039200,0.018303,0.648899,10139053,98.628541,1000000000,1000000000,2911,1575,68
sz,s3d/stat_planar.1.1000E-03.field.d64,343997.248022,633713.561470,0.000000,0.000001,0.000008,0.000004,0.000004,118236407487.439407,0.000100,0.000000,0.000000,0.000000,0.000000,125000000,90.259334,0.000001,0.000031,0.039200,0.015364,-0.000000,0.039200,0.018303,0.648899,10139053,98.628541,1000000000,1000000000,2907,1578,68
sz,s3d/stat_planar.1.1000E-03.field.d64,352733.686067,595947.556615,0.000000,0.000001,0.000008,0.000004,0.000004,118236407487.439407,0.000100,0.000000,0.000000,0.000000,0.000000,125000000,90.259334,0.000001,0.000031,0.039200,0.015364,-0.000000,0.039200,0.018303,0.648899,10139053,98.628541,1000000000,1000000000,2835,1678,68
sz,s3d/stat_planar.1.1000E-03.field.d64,351864.883885,634920.634921,0.000000,0.000001,0.000008,0.000004,0.000004,118236407487.439407,0.000100,0.000000,0.000000,0.000000,0.000000,125000000,90.259334,0.000001,0.000031,0.039200,0.015364,-0.000000,0.039200,0.018303,0.648899,10139053,98.628541,1000000000,1000000000,2842,1575,68
sz,s3d/stat_planar.1.1000E-03.field.d64,344352.617080,633312.222926,0.000000,0.000001,0.000008,0.000004,0.000004,118236407487.439407,0.000100,0.000000,0.000000,0.000000,0.000000,125000000,90.259334,0.000001,0.000031,0.039200,0.015364,-0.000000,0.039200,0.018303,0.648899,10139053,98.628541,1000000000,1000000000,2904,1579,68
sz,s3d/stat_planar.1.1000E-03.field.d64,377358.490566,708215.297450,0.000000,0.000004,0.000078,0.000039,0.000039,6162512079.554464,0.001000,0.000000,0.000000,0.000000,0.000000,125000000,71.538873,0.000010,0.000265,0.039200,0.015364,-0.000000,0.039200,0.018303,0.453463,7085364,141.136009,1000000000,1000000000,2650,1412,68
sz,s3d/stat_planar.1.1000E-03.field.d64,352485.019387,612745.098039,0.000000,0.000004,0.000078,0.000039,0.000039,6162512079.554464,0.001000,0.000000,0.000000,0.000000,0.000000,125000000,71.538873,0.000010,0.000265,0.039200,0.015364,-0.000000,0.039200,0.018303,0.453463,7085364,141.136009,1000000000,1000000000,2837,1632,68
sz,s3d/stat_planar.1.1000E-03.field.d64,366300.366300,710732.054016,0.000000,0.000004,0.000078,0.000039,0.000039,6162512079.554464,0.001000,0.000000,0.000000,0.000000,0.000000,125000000,71.538873,0.000010,0.000265,0.039200,0.015364,-0.000000,0.039200,0.018303,0.453463,7085364,141.136009,1000000000,1000000000,2730,1407,68
sz,s3d/stat_planar.1.1000E-03.field.d64,375939.849624,708717.221828,0.000000,0.000004,0.000078,0.000039,0.000039,6162512079.554464,0.001000,0.000000,0.000000,0.000000,0.000000,125000000,71.538873,0.000010,0.000265,0.039200,0.015364,-0.000000,0.039200,0.018303,0.453463,7085364,141.136009,1000000000,1000000000,2660,1411,68
sz,s3d/stat_planar.1.1000E-03.field.d64,376789.751319,704721.634954,0.000000,0.000004,0.000078,0.000039,0.000039,6162512079.554464,0.001000,0.000000,0.000000,0.000000,0.000000,125000000,71.538873,0.000010,0.000265,0.039200,0.015364,-0.000000,0.039200,0.018303,0.453463,7085364,141.136009,1000000000,1000000000,2654,1419,68
sz,s3d/stat_planar.1.1000E-03.field.d64,348310.693138,626566.416040,0.000000,0.000004,0.000078,0.000039,0.000039,6162512079.554464,0.001000,0.000000,0.000000,0.000000,0.000000,125000000,71.538873,0.000010,0.000265,0.039200,0.015364,-0.000000,0.039200,0.018303,0.453463,7085364,141.136009,1000000000,1000000000,2871,1596,68
sz,s3d/stat_planar.1.1000E-03.field.d64,375234.521576,711237.553343,0.000000,0.000004,0.000078,0.000039,0.000039,6162512079.554464,0.001000,0.000000,0.000000,0.000000,0.000000,125000000,71.538873,0.000010,0.000265,0.039200,0.015364,-0.000000,0.039200,0.018303,0.453463,7085364,141.136009,1000000000,1000000000,2665,1406,68
sz,s3d/stat_planar.1.1000E-03.field.d64,366166.239473,706713.780919,0.000000,0.000004,0.000078,0.000039,0.000039,6162512079.554464,0.001000,0.000000,0.000000,0.000000,0.000000,125000000,71.538873,0.000010,0.000265,0.039200,0.015364,-0.000000,0.039200,0.018303,0.453463,7085364,141.136009,1000000000,1000000000,2731,1415,68
sz,s3d/stat_planar.1.1000E-03.field.d64,345303.867403,711237.553343,0.000000,0.000004,0.000078,0.000039,0.000039,6162512079.554464,0.001000,0.000000,0.000000,0.000000,0.000000,125000000,71.538873,0.000010,0.000265,0.039200,0.015364,-0.000000,0.039200,0.018303,0.453463,7085364,141.136009,1000000000,1000000000,2896,1406,68
sz,s3d/stat_planar.1.1000E-03.field.d64,353982.300885,613120.784795,0.000000,0.000004,0.000078,0.000039,0.000039,6162512079.554464,0.001000,0.000000,0.000000,0.000000,0.000000,125000000,71.538873,0.000010,0.000265,0.039200,0.015364,-0.000000,0.039200,0.018303,0.453463,7085364,141.136009,1000000000,1000000000,2825,1631,68
sz,s3d/stat_planar.1.1000E-03.field.d64,377073.906486,673854.447439,0.000000,0.000004,0.000078,0.000039,0.000039,6162512079.554464,0.001000,0.000000,0.000000,0.000000,0.000000,125000000,71.538873,0.000010,0.000265,0.039200,0.015364,-0.000000,0.039200,0.018303,0.453463,7085364,141.136009,1000000000,1000000000,2652,1484,68
sz,s3d/stat_planar.1.1000E-03.field.d64,375798.571965,707213.578501,0.000000,0.000004,0.000078,0.000039,0.000039,6162512079.554464,0.001000,0.000000,0.000000,0.000000,0.000000,125000000,71.538873,0.000010,0.000265,0.039200,0.015364,-0.000000,0.039200,0.018303,0.453463,7085364,141.136009,1000000000,1000000000,2661,1414,68
sz,s3d/stat_planar.1.1000E-03.field.d64,366166.239473,706214.689266,0.000000,0.000004,0.000078,0.000039,0.000039,6162512079.554464,0.001000,0.000000,0.000000,0.000000,0.000000,125000000,71.538873,0.000010,0.000265,0.039200,0.015364,-0.000000,0.039200,0.018303,0.453463,7085364,141.136009,1000000000,1000000000,2731,1416,68
sz,s3d/stat_planar.1.1000E-03.field.d64,352236.703064,622277.535781,0.000000,0.000004,0.000078,0.000039,0.000039,6162512079.554464,0.001000,0.000000,0.000000,0.000000,0.000000,125000000,71.538873,0.000010,0.000265,0.039200,0.015364,-0.000000,0.039200,0.018303,0.453463,7085364,141.136009,1000000000,1000000000,2839,1607,68
sz,s3d/stat_planar.1.1000E-03.field.d64,377216.144851,707714.083510,0.000000,0.000004,0.000078,0.000039,0.000039,6162512079.554464,0.001000,0.000000,0.000000,0.000000,0.000000,125000000,71.538873,0.000010,0.000265,0.039200,0.015364,-0.000000,0.039200,0.018303,0.453463,7085364,141.136009,1000000000,1000000000,2651,1413,68
sz,s3d/stat_planar.1.1000E-03.field.d64,345065.562457,706713.780919,0.000000,0.000004,0.000078,0.000039,0.000039,6162512079.554464,0.001000,0.000000,0.000000,0.000000,0.000000,125000000,71.538873,0.000010,0.000265,0.039200,0.015364,-0.000000,0.039200,0.018303,0.453463,7085364,141.136009,1000000000,1000000000,2898,1415,68
sz,s3d/stat_planar.1.1000E-03.field.d64,375093.773443,709219.858156,0.000000,0.000004,0.000078,0.000039,0.000039,6162512079.554464,0.001000,0.000000,0.000000,0.000000,0.000000,125000000,71.538873,0.000010,0.000265,0.039200,0.015364,-0.000000,0.039200,0.018303,0.453463,7085364,141.136009,1000000000,1000000000,2666,1410,68
sz,s3d/stat_planar.1.1000E-03.field.d64,343524.562006,614628.149969,0.000000,0.000004,0.000078,0.000039,0.000039,6162512079.554464,0.001000,0.000000,0.000000,0.000000,0.000000,125000000,71.538873,0.000010,0.000265,0.039200,0.015364,-0.000000,0.039200,0.018303,0.453463,7085364,141.136009,1000000000,1000000000,2911,1627,68
sz,s3d/stat_planar.1.1000E-03.field.d64,365363.536719,705716.302047,0.000000,0.000004,0.000078,0.000039,0.000039,6162512079.554464,0.001000,0.000000,0.000000,0.000000,0.000000,125000000,71.538873,0.000010,0.000265,0.039200,0.015364,-0.000000,0.039200,0.018303,0.453463,7085364,141.136009,1000000000,1000000000,2737,1417,68
sz,s3d/stat_planar.1.1000E-03.field.d64,375375.375375,705716.302047,0.000000,0.000004,0.000078,0.000039,0.000039,6162512079.554464,0.001000,0.000000,0.000000,0.000000,0.000000,125000000,71.538873,0.000010,0.000265,0.039200,0.015364,-0.000000,0.039200,0.018303,0.453463,7085364,141.136009,1000000000,1000000000,2664,1417,68
sz,s3d/stat_planar.1.1000E-03.field.d64,365898.280278,704721.634954,0.000000,0.000004,0.000078,0.000039,0.000039,6162512079.554464,0.001000,0.000000,0.000000,0.000000,0.000000,125000000,71.538873,0.000010,0.000265,0.039200,0.015364,-0.000000,0.039200,0.018303,0.453463,7085364,141.136009,1000000000,1000000000,2733,1419,68
sz,s3d/stat_planar.1.1000E-03.field.d64,347947.112039,620732.464308,0.000000,0.000004,0.000078,0.000039,0.000039,6162512079.554464,0.001000,0.000000,0.000000,0.000000,0.000000,125000000,71.538873,0.000010,0.000265,0.039200,0.015364,-0.000000,0.039200,0.018303,0.453463,7085364,141.136009,1000000000,1000000000,2874,1611,68
sz,s3d/stat_planar.1.1000E-03.field.d64,376931.775349,626959.247649,0.000000,0.000004,0.000078,0.000039,0.000039,6162512079.554464,0.001000,0.000000,0.000000,0.000000,0.000000,125000000,71.538873,0.000010,0.000265,0.039200,0.015364,-0.000000,0.039200,0.018303,0.453463,7085364,141.136009,1000000000,1000000000,2653,1595,68
sz,s3d/stat_planar.1.1000E-03.field.d64,376931.775349,706713.780919,0.000000,0.000004,0.000078,0.000039,0.000039,6162512079.554464,0.001000,0.000000,0.000000,0.000000,0.000000,125000000,71.538873,0.000010,0.000265,0.039200,0.015364,-0.000000,0.039200,0.018303,0.453463,7085364,141.136009,1000000000,1000000000,2653,1415,68
sz,s3d/stat_planar.1.1000E-03.field.d64,364697.301240,651890.482399,0.000000,0.000004,0.000078,0.000039,0.000039,6162512079.554464,0.001000,0.000000,0.000000,0.000000,0.000000,125000000,71.538873,0.000010,0.000265,0.039200,0.015364,-0.000000,0.039200,0.018303,0.453463,7085364,141.136009,1000000000,1000000000,2742,1534,68
sz,s3d/stat_planar.1.1000E-03.field.d64,387747.188833,786163.522013,-0.000001,0.000016,0.000784,0.000392,0.000392,44166079134.359398,0.010000,0.000000,0.000000,0.000000,0.000000,125000000,58.290331,0.000048,0.001218,0.039200,0.015364,-0.000000,0.039200,0.018303,0.066627,1041041,960.576961,1000000000,1000000000,2579,1272,68
sz,s3d/stat_planar.1.1000E-03.field.d64,404040.404040,857632.933105,-0.000001,0.000016,0.000784,0.000392,0.000392,44166079134.359398,0.010000,0.000000,0.000000,0.000000,0.000000,125000000,58.290331,0.000048,0.001218,0.039200,0.015364,-0.000000,0.039200,0.018303,0.066627,1041041,960.576961,1000000000,1000000000,2475,1166,68
sz,s3d/stat_planar.1.1000E-03.field.d64,416493.127863,856898.029135,-0.000001,0.000016,0.000784,0.000392,0.000392,44166079134.359398,0.010000,0.000000,0.000000,0.000000,0.000000,125000000,58.290331,0.000048,0.001218,0.039200,0.015364,-0.000000,0.039200,0.018303,0.066627,1041041,960.576961,1000000000,1000000000,2401,1167,68
sz,s3d/stat_planar.1.1000E-03.field.d64,416666.666667,859845.227859,-0.000001,0.000016,0.000784,0.000392,0.000392,44166079134.359398,0.010000,0.000000,0.000000,0.000000,0.000000,125000000,58.290331,0.000048,0.001218,0.039200,0.015364,-0.000000,0.039200,0.018303,0.066627,1041041,960.576961,1000000000,1000000000,2400,1163,68
sz,s3d/stat_planar.1.1000E-03.field.d64,404858.299595,723589.001447,-0.000001,0.000016,0.000784,0.000392,0.000392,44166079134.359398,0.010000,0.000000,0.000000,0.000000,0.000000,125000000,58.290331,0.000048,0.001218,0.039200,0.015364,-0.000000,0.039200,0.018303,0.066627,1041041,960.576961,1000000000,1000000000,2470,1382,68
sz,s3d/stat_planar.1.1000E-03.field.d64,377643.504532,860585.197935,-0.000001,0.000016,0.000784,0.000392,0.000392,44166079134.359398,0.010000,0.000000,0.000000,0.000000,0.000000,125000000,58.290331,0.000048,0.001218,0.039200,0.015364,-0.000000,0.039200,0.018303,0.066627,1041041,960.576961,1000000000,1000000000,2648,1162,64
sz,s3d/stat_planar.1.1000E-03.field.d64,415454.923141,863557.858377,-0.000001,0.000016,0.000784,0.000392,0.000392,44166079134.359398,0.010000,0.000000,0.000000,0.000000,0.000000,125000000,58.290331,0.000048,0.001218,0.039200,0.015364,-0.000000,0.039200,0.018303,0.066627,1041041,960.576961,1000000000,1000000000,2407,1158,64
sz,s3d/stat_planar.1.1000E-03.field.d64,417710.944027,858369.098712,-0.000001,0.000016,0.000784,0.000392,0.000392,44166079134.359398,0.010000,0.000000,0.000000,0.000000,0.000000,125000000,58.290331,0.000048,0.001218,0.039200,0.015364,-0.000000,0.039200,0.018303,0.066627,1041041,960.576961,1000000000,1000000000,2394,1165,64
sz,s3d/stat_planar.1.1000E-03.field.d64,403063.280935,787401.574803,-0.000001,0.000016,0.000784,0.000392,0.000392,44166079134.359398,0.010000,0.000000,0.000000,0.000000,0.000000,125000000,58.290331,0.000048,0.001218,0.039200,0.015364,-0.000000,0.039200,0.018303,0.066627,1041041,960.576961,1000000000,1000000000,2481,1270,64
sz,s3d/stat_planar.1.1000E-03.field.d64,398883.127244,789265.982636,-0.000001,0.000016,0.000784,0.000392,0.000392,44166079134.359398,0.010000,0.000000,0.000000,0.000000,0.000000,125000000,58.290331,0.000048,0.001218,0.039200,0.015364,-0.000000,0.039200,0.018303,0.066627,1041041,960.576961,1000000000,1000000000,2507,1267,64
sz,s3d/stat_planar.1.1000E-03.field.d64,417188.151856,859106.529210,-0.000001,0.000016,0.000784,0.000392,0.000392,44166079134.359398,0.010000,0.000000,0.000000,0.000000,0.000000,125000000,58.290331,0.000048,0.001218,0.039200,0.015364,-0.000000,0.039200,0.018303,0.066627,1041041,960.576961,1000000000,1000000000,2397,1164,64
sz,s3d/stat_planar.1.1000E-03.field.d64,405350.628293,859845.227859,-0.000001,0.000016,0.000784,0.000392,0.000392,44166079134.359398,0.010000,0.000000,0.000000,0.000000,0.000000,125000000,58.290331,0.000048,0.001218,0.039200,0.015364,-0.000000,0.039200,0.018303,0.066627,1041041,960.576961,1000000000,1000000000,2467,1163,64
sz,s3d/stat_planar.1.1000E-03.field.d64,403714.170367,859845.227859,-0.000001,0.000016,0.000784,0.000392,0.000392,44166079134.359398,0.010000,0.000000,0.000000,0.000000,0.000000,125000000,58.290331,0.000048,0.001218,0.039200,0.015364,-0.000000,0.039200,0.018303,0.066627,1041041,960.576961,1000000000,1000000000,2477,1163,64
sz,s3d/stat_planar.1.1000E-03.field.d64,378931.413414,569800.569801,-0.000001,0.000016,0.000784,0.000392,0.000392,44166079134.359398,0.010000,0.000000,0.000000,0.000000,0.000000,125000000,58.290331,0.000048,0.001218,0.039200,0.015364,-0.000000,0.039200,0.018303,0.066627,1041041,960.576961,1000000000,1000000000,2639,1755,64
sz,s3d/stat_planar.1.1000E-03.field.d64,402738.622634,858369.098712,-0.000001,0.000016,0.000784,0.000392,0.000392,44166079134.359398,0.010000,0.000000,0.000000,0.000000,0.000000,125000000,58.290331,0.000048,0.001218,0.039200,0.015364,-0.000000,0.039200,0.018303,0.066627,1041041,960.576961,1000000000,1000000000,2483,1165,64
sz,s3d/stat_planar.1.1000E-03.field.d64,404367.165386,859845.227859,-0.000001,0.000016,0.000784,0.000392,0.000392,44166079134.359398,0.010000,0.000000,0.000000,0.000000,0.000000,125000000,58.290331,0.000048,0.001218,0.039200,0.015364,-0.000000,0.039200,0.018303,0.066627,1041041,960.576961,1000000000,1000000000,2473,1163,64
sz,s3d/stat_planar.1.1000E-03.field.d64,404367.165386,856164.383562,-0.000001,0.000016,0.000784,0.000392,0.000392,44166079134.359398,0.010000,0.000000,0.000000,0.000000,0.000000,125000000,58.290331,0.000048,0.001218,0.039200,0.015364,-0.000000,0.039200,0.018303,0.066627,1041041,960.576961,1000000000,1000000000,2473,1168,64
sz,s3d/stat_planar.1.1000E-03.field.d64,403551.251009,858369.098712,-0.000001,0.000016,0.000784,0.000392,0.000392,44166079134.359398,0.010000,0.000000,0.000000,0.000000,0.000000,125000000,58.290331,0.000048,0.001218,0.039200,0.015364,-0.000000,0.039200,0.018303,0.066627,1041041,960.576961,1000000000,1000000000,2478,1165,64
sz,s3d/stat_planar.1.1000E-03.field.d64,383729.854183,723589.001447,-0.000001,0.000016,0.000784,0.000392,0.000392,44166079134.359398,0.010000,0.000000,0.000000,0.000000,0.000000,125000000,58.290331,0.000048,0.001218,0.039200,0.015364,-0.000000,0.039200,0.018303,0.066627,1041041,960.576961,1000000000,1000000000,2606,1382,64
sz,s3d/stat_planar.1.1000E-03.field.d64,416493.127863,859845.227859,-0.000001,0.000016,0.000784,0.000392,0.000392,44166079134.359398,0.010000,0.000000,0.000000,0.000000,0.000000,125000000,58.290331,0.000048,0.001218,0.039200,0.015364,-0.000000,0.039200,0.018303,0.066627,1041041,960.576961,1000000000,1000000000,2401,1163,64
sz,s3d/stat_planar.1.1000E-03.field.d64,404203.718674,861326.442722,-0.000001,0.000016,0.000784,0.000392,0.000392,44166079134.359398,0.010000,0.000000,0.000000,0.000000,0.000000,125000000,58.290331,0.000048,0.001218,0.039200,0.015364,-0.000000,0.039200,0.018303,0.066627,1041041,960.576961,1000000000,1000000000,2474,1161,64
sz,s3d/stat_planar.1.1000E-03.field.d64,377643.504532,859845.227859,-0.000001,0.000016,0.000784,0.000392,0.000392,44166079134.359398,0.010000,0.000000,0.000000,0.000000,0.000000,125000000,58.290331,0.000048,0.001218,0.039200,0.015364,-0.000000,0.039200,0.018303,0.066627,1041041,960.576961,1000000000,1000000000,2648,1163,64
sz,s3d/stat_planar.1.1000E-03.field.d64,415800.415800,786163.522013,-0.000001,0.000016,0.000784,0.000392,0.000392,44166079134.359398,0.010000,0.000000,0.000000,0.000000,0.000000,125000000,58.290331,0.000048,0.001218,0.039200,0.015364,-0.000000,0.039200,0.018303,0.066627,1041041,960.576961,1000000000,1000000000,2405,1272,64
sz,s3d/stat_planar.1.1000E-03.field.d64,401929.260450,858369.098712,-0.000001,0.000016,0.000784,0.000392,0.000392,44166079134.359398,0.010000,0.000000,0.000000,0.000000,0.000000,125000000,58.290331,0.000048,0.001218,0.039200,0.015364,-0.000000,0.039200,0.018303,0.066627,1041041,960.576961,1000000000,1000000000,2488,1165,64
sz,s3d/stat_planar.1.1000E-03.field.d64,403551.251009,859845.227859,-0.000001,0.000016,0.000784,0.000392,0.000392,44166079134.359398,0.010000,0.000000,0.000000,0.000000,0.000000,125000000,58.290331,0.000048,0.001218,0.039200,0.015364,-0.000000,0.039200,0.018303,0.066627,1041041,960.576961,1000000000,1000000000,2478,1163,64
sz,s3d/stat_planar.1.1000E-03.field.d64,381097.560976,995024.875622,-0.000001,0.000025,0.003676,0.001970,0.001970,77047957975.412598,0.050259,0.000000,0.000000,0.000000,0.000000,125000000,55.558950,0.000065,0.001667,0.039200,0.015364,-0.000000,0.039200,0.018303,0.022953,358640,2788.311399,1000000000,1000000000,2624,1005,64
sz,s3d/stat_planar.1.1000E-03.field.d64,381825.124093,980392.156863,-0.000001,0.000025,0.003676,0.001970,0.001970,77047957975.412598,0.050259,0.000000,0.000000,0.000000,0.000000,125000000,55.558950,0.000065,0.001667,0.039200,0.015364,-0.000000,0.039200,0.018303,0.022953,358640,2788.311399,1000000000,1000000000,2619,1020,64
sz,s3d/stat_planar.1.1000E-03.field.d64,383141.762452,798722.044728,-0.000001,0.000025,0.003676,0.001970,0.001970,77047957975.412598,0.050259,0.000000,0.000000,0.000000,0.000000,125000000,55.558950,0.000065,0.001667,0.039200,0.015364,-0.000000,0.039200,0.018303,0.022953,358640,2788.311399,1000000000,1000000000,2610,1252,64
sz,s3d/stat_planar.1.1000E-03.field.d64,334784.064279,968992.248062,-0.000001,0.000025,0.003676,0.001970,0.001970,77047957975.412598,0.050259,0.000000,0.000000,0.000000,0.000000,125000000,55.558950,0.000065,0.001667,0.039200,0.015364,-0.000000,0.039200,0.018303,0.022953,358640,2788.311399,1000000000,1000000000,2987,1032,64
sz,s3d/stat_planar.1.1000E-03.field.d64,366434.591425,977517.106549,-0.000001,0.000025,0.003676,0.001970,0.001970,77047957975.412598,0.050259,0.000000,0.000000,0.000000,0.000000,125000000,55.558950,0.000065,0.001667,0.039200,0.015364,-0.000000,0.039200,0.018303,0.022953,358640,2788.311399,1000000000,1000000000,2729,1023,64
