Compressor,Dataset,Field,ABS Error Bound,Iteration,Compression Rate,Decompression Rate,Avg Difference,Avg Error,Difference Range,Error Range,Max Error,Max PW-REL Error,Max REL Error,Min Error,Min PW-REL Error,Min REL Error,MSE,Number of Elements,PSNR,RMSE,NRMSE,Max Value,Mean Value,Min Value,Value Range,Std Dev,Bit Rate,Compressed Size,Compression Ratio,Decompressed Size,Uncompressed Size,Compression Runtime (ms),Decompression Runtime (ms),CPU Core,Compression Energy (J),Decompression Energy (J)
sz,s3d,stat_planar.1.1000E-03.field.d64,0.1,0,433053.8,706850.0,-0.0002614162,0.004599853,0.2,0.1,0.1,8.388209e+16,0.006501831,0.0,0.0,0.0,0.0001763967,1375000000,61.27438,0.01328144,0.0008635369,15.36255,1.096437,-0.0177315,15.38028,3.444214,0.07609978,13079650,841.0011,11000000000,11000000000,25401,15562,142,884.0009402656289,541.5858679742419
sz,s3d,stat_planar.1.1000E-03.field.d64,0.1,1,398724.1,719848.2,-0.0002614162,0.004599853,0.2,0.1,0.1,8.388209e+16,0.006501831,0.0,0.0,0.0,0.0001763967,1375000000,61.27438,0.01328144,0.0008635369,15.36255,1.096437,-0.0177315,15.38028,3.444214,0.07609978,13079650,841.0011,11000000000,11000000000,27588,15281,14,960.1125128950895,531.8065575449422
sz,s3d,stat_planar.1.1000E-03.field.d64,0.1,2,451060.0,775849.9,-0.0002614162,0.004599853,0.2,0.1,0.1,8.388209e+16,0.006501831,0.0,0.0,0.0,0.0001763967,1375000000,61.27438,0.01328144,0.0008635369,15.36255,1.096437,-0.0177315,15.38028,3.444214,0.07609978,13079650,841.0011,11000000000,11000000000,24387,14178,14,848.7118983606114,493.4201539737052
sz,s3d,stat_planar.1.1000E-03.field.d64,0.1,3,422979.3,778100.0,-0.0002614162,0.004599853,0.2,0.1,0.1,8.388209e+16,0.006501831,0.0,0.0,0.0,0.0001763967,1375000000,61.27438,0.01328144,0.0008635369,15.36255,1.096437,-0.0177315,15.38028,3.444214,0.07609978,13079650,841.0011,11000000000,11000000000,26006,14137,132,905.0560392326265,491.9932794982558
sz,s3d,stat_planar.1.1000E-03.field.d64,0.1,4,440881.8,777605.0,-0.0002614162,0.004599853,0.2,0.1,0.1,8.388209e+16,0.006501831,0.0,0.0,0.0,0.0001763967,1375000000,61.27438,0.01328144,0.0008635369,15.36255,1.096437,-0.0177315,15.38028,3.444214,0.07609978,13079650,841.0011,11000000000,11000000000,24950,14146,132,868.3053210356852,492.30649584652514
sz,s3d,stat_planar.1.1000E-03.field.d64,0.1,5,422183.8,769230.8,-0.0002614162,0.004599853,0.2,0.1,0.1,8.388209e+16,0.006501831,0.0,0.0,0.0,0.0001763967,1375000000,61.27438,0.01328144,0.0008635369,15.36255,1.096437,-0.0177315,15.38028,3.444214,0.07609978,13079650,841.0011,11000000000,11000000000,26055,14300,132,906.761328239871,497.6659755835791
sz,s3d,stat_planar.1.1000E-03.field.d64,0.1,6,429419.1,715168.1,-0.0002614162,0.004599853,0.2,0.1,0.1,8.388209e+16,0.006501831,0.0,0.0,0.0,0.0001763967,1375000000,61.27438,0.01328144,0.0008635369,15.36255,1.096437,-0.0177315,15.38028,3.444214,0.07609978,13079650,841.0011,11000000000,11000000000,25616,15381,132,891.4833308076197,535.2867391923797
sz,s3d,stat_planar.1.1000E-03.field.d64,0.1,7,390195.5,645010.0,-0.0002614162,0.004599853,0.2,0.1,0.1,8.388209e+16,0.006501831,0.0,0.0,0.0,0.0001763967,1375000000,61.27438,0.01328144,0.0008635369,15.36255,1.096437,-0.0177315,15.38028,3.444214,0.07609978,13079650,841.0011,11000000000,11000000000,28191,17054,132,981.0980082291384,593.510178154011
sz,s3d,stat_planar.1.1000E-03.field.d64,0.01,0,438981.6,671714.7,-9.009224e-05,0.001095623,0.02,0.01,0.01,7.269781e+16,0.0006501831,0.0,0.0,0.0,5.729983e-06,1375000000,76.15775,0.002393738,0.0001556368,15.36255,1.096437,-0.0177315,15.38028,3.444214,0.2524464,43389228,253.5191,11000000000,11000000000,25058,16376,11,896.0253148355802,585.5738908032349
sz,s3d,stat_planar.1.1000E-03.field.d64,0.01,1,410539.7,675509.7,-9.009224e-05,0.001095623,0.02,0.01,0.01,7.269781e+16,0.0006501831,0.0,0.0,0.0,5.729983e-06,1375000000,76.15775,0.002393738,0.0001556368,15.36255,1.096437,-0.0177315,15.38028,3.444214,0.2524464,43389228,253.5191,11000000000,11000000000,26794,16284,11,958.1012964204859,582.2841498436662
sz,s3d,stat_planar.1.1000E-03.field.d64,0.01,2,477389.1,725928.9,-9.009224e-05,0.001095623,0.02,0.01,0.01,7.269781e+16,0.0006501831,0.0,0.0,0.0,5.729983e-06,1375000000,76.15775,0.002393738,0.0001556368,15.36255,1.096437,-0.0177315,15.38028,3.444214,0.2524464,43389228,253.5191,11000000000,11000000000,23042,15153,11,823.9370781563348,541.8417908733157
sz,s3d,stat_planar.1.1000E-03.field.d64,0.01,3,441926.8,732551.9,-9.009224e-05,0.001095623,0.02,0.01,0.01,7.269781e+16,0.0006501831,0.0,0.0,0.0,5.729983e-06,1375000000,76.15775,0.002393738,0.0001556368,15.36255,1.096437,-0.0177315,15.38028,3.444214,0.2524464,43389228,253.5191,11000000000,11000000000,24891,15016,11,890.0537198328847,536.942937487871
sz,s3d,stat_planar.1.1000E-03.field.d64,0.01,4,442513.5,680061.8,-9.009224e-05,0.001095623,0.02,0.01,0.01,7.269781e+16,0.0006501831,0.0,0.0,0.0,5.729983e-06,1375000000,76.15775,0.002393738,0.0001556368,15.36255,1.096437,-0.0177315,15.38028,3.444214,0.2524464,43389228,253.5191,11000000000,11000000000,24858,16175,11,888.873704053909,578.3865219676554
sz,s3d,stat_planar.1.1000E-03.field.d64,0.01,5,444318.8,673937.0,-9.009224e-05,0.001095623,0.02,0.01,0.01,7.269781e+16,0.0006501831,0.0,0.0,0.0,5.729983e-06,1375000000,76.15775,0.002393738,0.0001556368,15.36255,1.096437,-0.0177315,15.38028,3.444214,0.2524464,43389228,253.5191,11000000000,11000000000,24757,16322,11,885.262140609165,583.6429558921837
sz,s3d,stat_planar.1.1000E-03.field.d64,0.01,6,445344.1,667962.1,-9.009224e-05,0.001095623,0.02,0.01,0.01,7.269781e+16,0.0006501831,0.0,0.0,0.0,5.729983e-06,1375000000,76.15775,0.002393738,0.0001556368,15.36255,1.096437,-0.0177315,15.38028,3.444214,0.2524464,43389228,253.5191,11000000000,11000000000,24700,16468,11,883.2239315363888,588.8636317628036
sz,s3d,stat_planar.1.1000E-03.field.d64,0.01,7,443459.0,668774.3,-9.009224e-05,0.001095623,0.02,0.01,0.01,7.269781e+16,0.0006501831,0.0,0.0,0.0,5.729983e-06,1375000000,76.15775,0.002393738,0.0001556368,15.36255,1.096437,-0.0177315,15.38028,3.444214,0.2524464,43389228,253.5191,11000000000,11000000000,24805,16448,11,886.9785271967662,588.1484706846365
sz,s3d,stat_planar.1.1000E-03.field.d64,0.001,0,395327.9,548902.2,-8.842027e-06,0.0001960475,0.002,0.001,0.001,1.053186e+16,6.501831e-05,0.0,0.0,0.0,1.184052e-07,1375000000,93.00558,0.0003441006,2.237284e-05,15.36255,1.096437,-0.0177315,15.38028,3.444214,0.9470379,162772138,67.57913,11000000000,11000000000,27825,20040,9,943.9876571005914,679.8746684023666
sz,s3d,stat_planar.1.1000E-03.field.d64,0.001,1,370969.9,594401.8,-8.842027e-06,0.0001960475,0.002,0.001,0.001,1.053186e+16,6.501831e-05,0.0,0.0,0.0,1.184052e-07,1375000000,93.00558,0.0003441006,2.237284e-05,15.36255,1.096437,-0.0177315,15.38028,3.444214,0.9470379,162772138,67.57913,11000000000,11000000000,29652,18506,9,1005.9702428875736,627.8323659408281
sz,s3d,stat_planar.1.1000E-03.field.d64,0.001,2,420666.2,589527.8,-8.842027e-06,0.0001960475,0.002,0.001,0.001,1.053186e+16,6.501831e-05,0.0,0.0,0.0,1.184052e-07,1375000000,93.00558,0.0003441006,2.237284e-05,15.36255,1.096437,-0.0177315,15.38028,3.444214,0.9470379,162772138,67.57913,11000000000,11000000000,26149,18659,9,887.1278794437867,633.0230258343194
sz,s3d,stat_planar.1.1000E-03.field.d64,0.001,3,398796.4,584267.3,-8.842027e-06,0.0001960475,0.002,0.001,0.001,1.053186e+16,6.501831e-05,0.0,0.0,0.0,1.184052e-07,1375000000,93.00558,0.0003441006,2.237284e-05,15.36255,1.096437,-0.0177315,15.38028,3.444214,0.9470379,162772138,67.57913,11000000000,11000000000,27583,18827,9,935.7775937396447,638.7225739526624
sz,s3d,stat_planar.1.1000E-03.field.d64,0.001,4,396482.1,639163.3,-8.842027e-06,0.0001960475,0.002,0.001,0.001,1.053186e+16,6.501831e-05,0.0,0.0,0.0,1.184052e-07,1375000000,93.00558,0.0003441006,2.237284e-05,15.36255,1.096437,-0.0177315,15.38028,3.444214,0.9470379,162772138,67.57913,11000000000,11000000000,27744,17210,9,941.2396606863903,583.8644233136092
sz,s3d,stat_planar.1.1000E-03.field.d64,0.001,5,395200.1,582905.0,-8.842027e-06,0.0001960475,0.002,0.001,0.001,1.053186e+16,6.501831e-05,0.0,0.0,0.0,1.184052e-07,1375000000,93.00558,0.0003441006,2.237284e-05,15.36255,1.096437,-0.0177315,15.38028,3.444214,0.9470379,162772138,67.57913,11000000000,11000000000,27834,18871,9,944.2929900355026,640.2153127455618
sz,s3d,stat_planar.1.1000E-03.field.d64,0.001,6,394548.1,590097.1,-8.842027e-06,0.0001960475,0.002,0.001,0.001,1.053186e+16,6.501831e-05,0.0,0.0,0.0,1.184052e-07,1375000000,93.00558,0.0003441006,2.237284e-05,15.36255,1.096437,-0.0177315,15.38028,3.444214,0.9470379,162772138,67.57913,11000000000,11000000000,27880,18641,9,945.8535805917156,632.4123599644968
sz,s3d,stat_planar.1.1000E-03.field.d64,0.001,7,369946.9,585604.8,-8.842027e-06,0.0001960475,0.002,0.001,0.001,1.053186e+16,6.501831e-05,0.0,0.0,0.0,1.184052e-07,1375000000,93.00558,0.0003441006,2.237284e-05,15.36255,1.096437,-0.0177315,15.38028,3.444214,0.9470379,162772138,67.57913,11000000000,11000000000,29734,18784,9,1008.7521651834317,637.2637610414199
sz,s3d,stat_planar.1.1000E-03.field.d64,0.0001,0,338628.2,446827.5,-2.142081e-07,2.660425e-05,0.0002,0.0001,0.0001,1242698000000000.0,6.501831e-06,0.0,0.0,0.0,1.665017e-09,1375000000,111.5251,4.080463e-05,2.653048e-06,15.36255,1.096437,-0.0177315,15.38028,3.444214,1.80537,310297999,35.44979,11000000000,11000000000,32484,24618,7,994.4470094714093,753.641684495972
sz,s3d,stat_planar.1.1000E-03.field.d64,0.0001,1,340325.5,475758.0,-2.142081e-07,2.660425e-05,0.0002,0.0001,0.0001,1242698000000000.0,6.501831e-06,0.0,0.0,0.0,1.665017e-09,1375000000,111.5251,4.080463e-05,2.653048e-06,15.36255,1.096437,-0.0177315,15.38028,3.444214,1.80537,310297999,35.44979,11000000000,11000000000,32322,23121,7,989.4876320691691,707.8133636863827
sz,s3d,stat_planar.1.1000E-03.field.d64,0.0001,2,340220.2,473016.6,-2.142081e-07,2.660425e-05,0.0002,0.0001,0.0001,1242698000000000.0,6.501831e-06,0.0,0.0,0.0,1.665017e-09,1375000000,111.5251,4.080463e-05,2.653048e-06,15.36255,1.096437,-0.0177315,15.38028,3.444214,1.80537,310297999,35.44979,11000000000,11000000000,32332,23255,7,989.7937664767147,711.9155647474947
sz,s3d,stat_planar.1.1000E-03.field.d64,0.0001,3,329183.6,469243.2,-2.142081e-07,2.660425e-05,0.0002,0.0001,0.0001,1242698000000000.0,6.501831e-06,0.0,0.0,0.0,1.665017e-09,1375000000,111.5251,4.080463e-05,2.653048e-06,15.36255,1.096437,-0.0177315,15.38028,3.444214,1.80537,310297999,35.44979,11000000000,11000000000,33416,23442,7,1022.9787362546672,717.6402781685991
sz,s3d,stat_planar.1.1000E-03.field.d64,0.0001,4,326332.0,474383.3,-2.142081e-07,2.660425e-05,0.0002,0.0001,0.0001,1242698000000000.0,6.501831e-06,0.0,0.0,0.0,1.665017e-09,1375000000,111.5251,4.080463e-05,2.653048e-06,15.36255,1.096437,-0.0177315,15.38028,3.444214,1.80537,310297999,35.44979,11000000000,11000000000,33708,23188,7,1031.9178609550013,709.8644642169387
sz,s3d,stat_planar.1.1000E-03.field.d64,0.0001,5,339244.4,459328.5,-2.142081e-07,2.660425e-05,0.0002,0.0001,0.0001,1242698000000000.0,6.501831e-06,0.0,0.0,0.0,1.665017e-09,1375000000,111.5251,4.080463e-05,2.653048e-06,15.36255,1.096437,-0.0177315,15.38028,3.444214,1.80537,310297999,35.44979,11000000000,11000000000,32425,23948,136,992.6408164668898,733.1306791904109
sz,s3d,stat_planar.1.1000E-03.field.d64,0.0001,6,338774.3,458218.8,-2.142081e-07,2.660425e-05,0.0002,0.0001,0.0001,1242698000000000.0,6.501831e-06,0.0,0.0,0.0,1.665017e-09,1375000000,111.5251,4.080463e-05,2.653048e-06,15.36255,1.096437,-0.0177315,15.38028,3.444214,1.80537,310297999,35.44979,11000000000,11000000000,32470,24006,8,994.0184213008454,734.906258754176
sz,s3d,stat_planar.1.1000E-03.field.d64,0.0001,7,338003.9,465037.6,-2.142081e-07,2.660425e-05,0.0002,0.0001,0.0001,1242698000000000.0,6.501831e-06,0.0,0.0,0.0,1.665017e-09,1375000000,111.5251,4.080463e-05,2.653048e-06,15.36255,1.096437,-0.0177315,15.38028,3.444214,1.80537,310297999,35.44979,11000000000,11000000000,32544,23654,8,996.2838159166834,724.1303276085678
sz,s3d,stat_planar.1.1000E-03.field.d64,1e-05,0,301808.1,372868.7,3.65379e-08,3.010228e-06,2e-05,1e-05,1e-05,61977220000000.0,6.501831e-07,0.0,0.0,0.0,1.909715e-11,1375000000,130.9296,4.370029e-06,2.841319e-07,15.36255,1.096437,-0.0177315,15.38028,3.444214,3.249984,558590967,19.69241,11000000000,11000000000,36447,29501,137,1115.1966762012933,902.6646128519318
sz,s3d,stat_planar.1.1000E-03.field.d64,1e-05,1,304996.4,373781.0,3.65379e-08,3.010228e-06,2e-05,1e-05,1e-05,61977220000000.0,6.501831e-07,0.0,0.0,0.0,1.909715e-11,1375000000,130.9296,4.370029e-06,2.841319e-07,15.36255,1.096437,-0.0177315,15.38028,3.444214,3.249984,558590967,19.69241,11000000000,11000000000,36066,29429,9,1103.5389284131986,900.4615738998508
sz,s3d,stat_planar.1.1000E-03.field.d64,1e-05,2,304405.6,368879.9,3.65379e-08,3.010228e-06,2e-05,1e-05,1e-05,61977220000000.0,6.501831e-07,0.0,0.0,0.0,1.909715e-11,1375000000,130.9296,4.370029e-06,2.841319e-07,15.36255,1.096437,-0.0177315,15.38028,3.444214,3.249984,558590967,19.69241,11000000000,11000000000,36136,29820,9,1105.680771838833,912.4252993201792
sz,s3d,stat_planar.1.1000E-03.field.d64,1e-05,3,290229.8,377617.6,3.65379e-08,3.010228e-06,2e-05,1e-05,1e-05,61977220000000.0,6.501831e-07,0.0,0.0,0.0,1.909715e-11,1375000000,130.9296,4.370029e-06,2.841319e-07,15.36255,1.096437,-0.0177315,15.38028,3.444214,3.249984,558590967,19.69241,11000000000,11000000000,37901,29130,4,1159.6858239280386,891.3128426960703
sz,s3d,stat_planar.1.1000E-03.field.d64,1e-05,4,291692.1,374787.1,3.65379e-08,3.010228e-06,2e-05,1e-05,1e-05,61977220000000.0,6.501831e-07,0.0,0.0,0.0,1.909715e-11,1375000000,130.9296,4.370029e-06,2.841319e-07,15.36255,1.096437,-0.0177315,15.38028,3.444214,3.249984,558590967,19.69241,11000000000,11000000000,37711,29350,9,1153.872248915603,898.0443506052064
sz,s3d,stat_planar.1.1000E-03.field.d64,1e-05,5,290214.5,364769.9,3.65379e-08,3.010228e-06,2e-05,1e-05,1e-05,61977220000000.0,6.501831e-07,0.0,0.0,0.0,1.909715e-11,1375000000,130.9296,4.370029e-06,2.841319e-07,15.36255,1.096437,-0.0177315,15.38028,3.444214,3.249984,558590967,19.69241,11000000000,11000000000,37903,30156,9,1159.7470194544853,922.7061477632235
sz,s3d,stat_planar.1.1000E-03.field.d64,1e-05,6,291182.5,356159.9,3.65379e-08,3.010228e-06,2e-05,1e-05,1e-05,61977220000000.0,6.501831e-07,0.0,0.0,0.0,1.909715e-11,1375000000,130.9296,4.370029e-06,2.841319e-07,15.36255,1.096437,-0.0177315,15.38028,3.444214,3.249984,558590967,19.69241,11000000000,11000000000,37777,30885,9,1155.8917012883437,945.0119171530426
sz,s3d,stat_planar.1.1000E-03.field.d64,1e-05,7,290859.1,362318.8,3.65379e-08,3.010228e-06,2e-05,1e-05,1e-05,61977220000000.0,6.501831e-07,0.0,0.0,0.0,1.909715e-11,1375000000,130.9296,4.370029e-06,2.841319e-07,15.36255,1.096437,-0.0177315,15.38028,3.444214,3.249984,558590967,19.69241,11000000000,11000000000,37819,30360,9,1157.176807343724,928.948091460786
sz,s3d,stat_planar.1.1000E-03.field.d64,1e-06,0,286085.8,297804.4,-2.132485e-09,3.601077e-07,2e-06,1e-06,1e-06,11122400000000.0,6.501831e-08,0.0,0.0,0.0,2.260046e-13,1375000000,150.1981,4.753994e-07,3.090966e-08,15.36255,1.096437,-0.0177315,15.38028,3.444214,4.695488,807036941,13.63011,11000000000,11000000000,38450,36937,136,1179.0234815519766,1132.6291375314788
sz,s3d,stat_planar.1.1000E-03.field.d64,1e-06,1,287566.7,305844.4,-2.132485e-09,3.601077e-07,2e-06,1e-06,1e-06,11122400000000.0,6.501831e-08,0.0,0.0,0.0,2.260046e-13,1375000000,150.1981,4.753994e-07,3.090966e-08,15.36255,1.096437,-0.0177315,15.38028,3.444214,4.695488,807036941,13.63011,11000000000,11000000000,38252,35966,136,1172.952047238653,1102.8545783484626
sz,s3d,stat_planar.1.1000E-03.field.d64,1e-06,2,278157.1,306637.3,-2.132485e-09,3.601077e-07,2e-06,1e-06,1e-06,11122400000000.0,6.501831e-08,0.0,0.0,0.0,2.260046e-13,1375000000,150.1981,4.753994e-07,3.090966e-08,15.36255,1.096437,-0.0177315,15.38028,3.444214,4.695488,807036941,13.63011,11000000000,11000000000,39546,35873,136,1212.6310169428991,1100.0028440497804
sz,s3d,stat_planar.1.1000E-03.field.d64,1e-06,3,273938.5,301982.1,-2.132485e-09,3.601077e-07,2e-06,1e-06,1e-06,11122400000000.0,6.501831e-08,0.0,0.0,0.0,2.260046e-13,1375000000,150.1981,4.753994e-07,3.090966e-08,15.36255,1.096437,-0.0177315,15.38028,3.444214,4.695488,807036941,13.63011,11000000000,11000000000,40155,36426,136,1231.3052770278184,1116.959930793558
sz,s3d,stat_planar.1.1000E-03.field.d64,1e-06,4,276513.9,293717.1,-2.132485e-09,3.601077e-07,2e-06,1e-06,1e-06,11122400000000.0,6.501831e-08,0.0,0.0,0.0,2.260046e-13,1375000000,150.1981,4.753994e-07,3.090966e-08,15.36255,1.096437,-0.0177315,15.38028,3.444214,4.695488,807036941,13.63011,11000000000,11000000000,39781,37451,136,1219.8370122137628,1148.3903356983897
sz,s3d,stat_planar.1.1000E-03.field.d64,1e-06,5,274485.3,298588.5,-2.132485e-09,3.601077e-07,2e-06,1e-06,1e-06,11122400000000.0,6.501831e-08,0.0,0.0,0.0,2.260046e-13,1375000000,150.1981,4.753994e-07,3.090966e-08,15.36255,1.096437,-0.0177315,15.38028,3.444214,4.695488,807036941,13.63011,11000000000,11000000000,40075,36840,136,1228.8521722547584,1129.6547479941435
sz,s3d,stat_planar.1.1000E-03.field.d64,1e-06,6,284428.8,289985.0,-2.132485e-09,3.601077e-07,2e-06,1e-06,1e-06,11122400000000.0,6.501831e-08,0.0,0.0,0.0,2.260046e-13,1375000000,150.1981,4.753994e-07,3.090966e-08,15.36255,1.096437,-0.0177315,15.38028,3.444214,4.695488,807036941,13.63011,11000000000,11000000000,38674,37933,8,1185.8921749165447,1163.1702919560762
sz,s3d,stat_planar.1.1000E-03.field.d64,1e-06,7,285706.9,300941.1,-2.132485e-09,3.601077e-07,2e-06,1e-06,1e-06,11122400000000.0,6.501831e-08,0.0,0.0,0.0,2.260046e-13,1375000000,150.1981,4.753994e-07,3.090966e-08,15.36255,1.096437,-0.0177315,15.38028,3.444214,4.695488,807036941,13.63011,11000000000,11000000000,38501,36552,8,1180.5873358448025,1120.8235708111274
sz3,s3d,stat_planar.1.1000E-03.field.d64,0.1,0,377812.1,699567.5,-0.0008188767,0.02212494,0.2,0.09999999,0.09999999,5.042104e+17,0.006501831,5.157036e-18,9.731661e-12,3.353018e-19,0.0007886852,1375000000,54.77025,0.02808354,0.001825944,15.36255,1.096437,-0.0177315,15.38028,3.444214,0.08683294,14924411,737.0475,11000000000,11000000000,29115,15724,11,914.2531702331064,493.75637467784185
sz3,s3d,stat_planar.1.1000E-03.field.d64,0.1,1,356390.7,792678.5,-0.0008188767,0.02212494,0.2,0.09999999,0.09999999,5.042104e+17,0.006501831,5.157036e-18,9.731661e-12,3.353018e-19,0.0007886852,1375000000,54.77025,0.02808354,0.001825944,15.36255,1.096437,-0.0177315,15.38028,3.444214,0.08683294,14924411,737.0475,11000000000,11000000000,30865,13877,11,969.2057049371399,435.75789947878474
sz3,s3d,stat_planar.1.1000E-03.field.d64,0.1,2,377216.1,775084.6,-0.0008188767,0.02212494,0.2,0.09999999,0.09999999,5.042104e+17,0.006501831,5.157036e-18,9.731661e-12,3.353018e-19,0.0007886852,1375000000,54.77025,0.02808354,0.001825944,15.36255,1.096437,-0.0177315,15.38028,3.444214,0.08683294,14924411,737.0475,11000000000,11000000000,29161,14192,11,915.6976368596124,445.64935572551076
sz3,s3d,stat_planar.1.1000E-03.field.d64,0.1,3,367991.4,840143.6,-0.0008188767,0.02212494,0.2,0.09999999,0.09999999,5.042104e+17,0.006501831,5.157036e-18,9.731661e-12,3.353018e-19,0.0007886852,1375000000,54.77025,0.02808354,0.001825944,15.36255,1.096437,-0.0177315,15.38028,3.444214,0.08683294,14924411,737.0475,11000000000,11000000000,29892,13093,11,938.6520956416973,411.1391639313777
sz3,s3d,stat_planar.1.1000E-03.field.d64,0.1,4,366691.1,836883.7,-0.0008188767,0.02212494,0.2,0.09999999,0.09999999,5.042104e+17,0.006501831,5.157036e-18,9.731661e-12,3.353018e-19,0.0007886852,1375000000,54.77025,0.02808354,0.001825944,15.36255,1.096437,-0.0177315,15.38028,3.444214,0.08683294,14924411,737.0475,11000000000,11000000000,29998,13144,11,941.9806491723416,412.74063779989524
sz3,s3d,stat_planar.1.1000E-03.field.d64,0.1,5,365145.2,767727.5,-0.0008188767,0.02212494,0.2,0.09999999,0.09999999,5.042104e+17,0.006501831,5.157036e-18,9.731661e-12,3.353018e-19,0.0007886852,1375000000,54.77025,0.02808354,0.001825944,15.36255,1.096437,-0.0177315,15.38028,3.444214,0.08683294,14924411,737.0475,11000000000,11000000000,30125,14328,11,945.9686331194343,449.91995270822423
sz3,s3d,stat_planar.1.1000E-03.field.d64,0.1,6,357479.4,758568.4,-0.0008188767,0.02212494,0.2,0.09999999,0.09999999,5.042104e+17,0.006501831,5.157036e-18,9.731661e-12,3.353018e-19,0.0007886852,1375000000,54.77025,0.02808354,0.001825944,15.36255,1.096437,-0.0177315,15.38028,3.444214,0.08683294,14924411,737.0475,11000000000,11000000000,30771,14501,11,966.2539687873233,455.352403281823
sz3,s3d,stat_planar.1.1000E-03.field.d64,0.1,7,331425.1,766070.1,-0.0008188767,0.02212494,0.2,0.09999999,0.09999999,5.042104e+17,0.006501831,5.157036e-18,9.731661e-12,3.353018e-19,0.0007886852,1375000000,54.77025,0.02808354,0.001825944,15.36255,1.096437,-0.0177315,15.38028,3.444214,0.08683294,14924411,737.0475,11000000000,11000000000,33190,14359,11,1042.2140724724989,450.8933976086957
sz3,s3d,stat_planar.1.1000E-03.field.d64,0.01,0,352541.5,739595.2,-6.184859e-05,0.00250538,0.02,0.01,0.01,7.186473e+16,0.0006501831,3.701065e-17,8.339515e-14,2.40637e-18,1.066283e-05,1375000000,73.46056,0.003265398,0.0002123107,15.36255,1.096437,-0.0177315,15.38028,3.444214,0.2468834,42433086,259.2317,11000000000,11000000000,31202,14873,135,980.8409533119449,467.53565472112547
sz3,s3d,stat_planar.1.1000E-03.field.d64,0.01,1,345890.2,741090.1,-6.184859e-05,0.00250538,0.02,0.01,0.01,7.186473e+16,0.0006501831,3.701065e-17,8.339515e-14,2.40637e-18,1.066283e-05,1375000000,73.46056,0.003265398,0.0002123107,15.36255,1.096437,-0.0177315,15.38028,3.444214,0.2468834,42433086,259.2317,11000000000,11000000000,31802,14843,7,999.7020702912143,466.592598872162
sz3,s3d,stat_planar.1.1000E-03.field.d64,0.01,2,337589.0,734018.4,-6.184859e-05,0.00250538,0.02,0.01,0.01,7.186473e+16,0.0006501831,3.701065e-17,8.339515e-14,2.40637e-18,1.066283e-05,1375000000,73.46056,0.003265398,0.0002123107,15.36255,1.096437,-0.0177315,15.38028,3.444214,0.2468834,42433086,259.2317,11000000000,11000000000,32584,14986,7,1024.2843927541956,471.0878317522212
sz3,s3d,stat_planar.1.1000E-03.field.d64,0.01,3,337920.9,741090.1,-6.184859e-05,0.00250538,0.02,0.01,0.01,7.186473e+16,0.0006501831,3.701065e-17,8.339515e-14,2.40637e-18,1.066283e-05,1375000000,73.46056,0.003265398,0.0002123107,15.36255,1.096437,-0.0177315,15.38028,3.444214,0.2468834,42433086,259.2317,11000000000,11000000000,32552,14843,7,1023.2784665153013,466.592598872162
sz3,s3d,stat_planar.1.1000E-03.field.d64,0.01,4,336216.6,734312.4,-6.184859e-05,0.00250538,0.02,0.01,0.01,7.186473e+16,0.0006501831,3.701065e-17,8.339515e-14,2.40637e-18,1.066283e-05,1375000000,73.46056,0.003265398,0.0002123107,15.36255,1.096437,-0.0177315,15.38028,3.444214,0.2468834,42433086,259.2317,11000000000,11000000000,32717,14980,7,1028.4652736846003,470.8992205824285
sz3,s3d,stat_planar.1.1000E-03.field.d64,0.01,5,338784.7,738156.0,-6.184859e-05,0.00250538,0.02,0.01,0.01,7.186473e+16,0.0006501831,3.701065e-17,8.339515e-14,2.40637e-18,1.066283e-05,1375000000,73.46056,0.003265398,0.0002123107,15.36255,1.096437,-0.0177315,15.38028,3.444214,0.2468834,42433086,259.2317,11000000000,11000000000,32469,14902,8,1020.669345333169,468.4472753751234
sz3,s3d,stat_planar.1.1000E-03.field.d64,0.01,6,340346.5,730799.9,-6.184859e-05,0.00250538,0.02,0.01,0.01,7.186473e+16,0.0006501831,3.701065e-17,8.339515e-14,2.40637e-18,1.066283e-05,1375000000,73.46056,0.003265398,0.0002123107,15.36255,1.096437,-0.0177315,15.38028,3.444214,0.2468834,42433086,259.2317,11000000000,11000000000,32320,15052,132,1015.985501283317,473.1625546199408
sz3,s3d,stat_planar.1.1000E-03.field.d64,0.01,7,316246.4,736821.0,-6.184859e-05,0.00250538,0.02,0.01,0.01,7.186473e+16,0.0006501831,3.701065e-17,8.339515e-14,2.40637e-18,1.066283e-05,1375000000,73.46056,0.003265398,0.0002123107,15.36255,1.096437,-0.0177315,15.38028,3.444214,0.2468834,42433086,259.2317,11000000000,11000000000,34783,14929,132,1093.4103864832184,469.2960256391906
sz3,s3d,stat_planar.1.1000E-03.field.d64,0.001,0,324378.5,635470.8,-1.357323e-05,0.0002876506,0.002,0.001,0.001,1.190493e+16,6.501831e-05,1.03883e-15,2.567741e-13,6.754298e-17,1.385805e-07,1375000000,92.32227,0.000372264,2.420398e-05,15.36255,1.096437,-0.0177315,15.38028,3.444214,0.6622871,113830603,96.63482,11000000000,11000000000,33911,17310,11,1190.584667845666,607.7385096401899
sz3,s3d,stat_planar.1.1000E-03.field.d64,0.001,1,312375.8,665658.1,-1.357323e-05,0.0002876506,0.002,0.001,0.001,1.190493e+16,6.501831e-05,1.03883e-15,2.567741e-13,6.754298e-17,1.385805e-07,1375000000,92.32227,0.000372264,2.420398e-05,15.36255,1.096437,-0.0177315,15.38028,3.444214,0.6622871,113830603,96.63482,11000000000,11000000000,35214,16525,11,1236.331824290563,580.1778666553517
sz3,s3d,stat_planar.1.1000E-03.field.d64,0.001,2,320102.4,665497.0,-1.357323e-05,0.0002876506,0.002,0.001,0.001,1.190493e+16,6.501831e-05,1.03883e-15,2.567741e-13,6.754298e-17,1.385805e-07,1375000000,92.32227,0.000372264,2.420398e-05,15.36255,1.096437,-0.0177315,15.38028,3.444214,0.6622871,113830603,96.63482,11000000000,11000000000,34364,16529,11,1206.4890898483816,580.3183030527266
sz3,s3d,stat_planar.1.1000E-03.field.d64,0.001,3,314699.3,658840.4,-1.357323e-05,0.0002876506,0.002,0.001,0.001,1.190493e+16,6.501831e-05,1.03883e-15,2.567741e-13,6.754298e-17,1.385805e-07,1375000000,92.32227,0.000372264,2.420398e-05,15.36255,1.096437,-0.0177315,15.38028,3.444214,0.6622871,113830603,96.63482,11000000000,11000000000,34954,16696,11,1227.20345846119,586.1815226431318
sz3,s3d,stat_planar.1.1000E-03.field.d64,0.001,4,314429.5,654177.8,-1.357323e-05,0.0002876506,0.002,0.001,0.001,1.190493e+16,6.501831e-05,1.03883e-15,2.567741e-13,6.754298e-17,1.385805e-07,1375000000,92.32227,0.000372264,2.420398e-05,15.36255,1.096437,-0.0177315,15.38028,3.444214,0.6622871,113830603,96.63482,11000000000,11000000000,34984,16815,11,1228.2567314415023,590.3595054650372
sz3,s3d,stat_planar.1.1000E-03.field.d64,0.001,5,310497.6,608777.5,-1.357323e-05,0.0002876506,0.002,0.001,0.001,1.190493e+16,6.501831e-05,1.03883e-15,2.567741e-13,6.754298e-17,1.385805e-07,1375000000,92.32227,0.000372264,2.420398e-05,15.36255,1.096437,-0.0177315,15.38028,3.444214,0.6622871,113830603,96.63482,11000000000,11000000000,35427,18069,11,1243.8100624507804,634.3863160420908
sz3,s3d,stat_planar.1.1000E-03.field.d64,0.001,6,318877.6,627567.3,-1.357323e-05,0.0002876506,0.002,0.001,0.001,1.190493e+16,6.501831e-05,1.03883e-15,2.567741e-13,6.754298e-17,1.385805e-07,1375000000,92.32227,0.000372264,2.420398e-05,15.36255,1.096437,-0.0177315,15.38028,3.444214,0.6622871,113830603,96.63482,11000000000,11000000000,34496,17528,11,1211.1234909617558,615.3922932971259
sz3,s3d,stat_planar.1.1000E-03.field.d64,0.001,7,311376.6,608306.1,-1.357323e-05,0.0002876506,0.002,0.001,0.001,1.190493e+16,6.501831e-05,1.03883e-15,2.567741e-13,6.754298e-17,1.385805e-07,1375000000,92.32227,0.000372264,2.420398e-05,15.36255,1.096437,-0.0177315,15.38028,3.444214,0.6622871,113830603,96.63482,11000000000,11000000000,35327,18083,139,1240.2991525164061,634.8778434329032
sz3,s3d,stat_planar.1.1000E-03.field.d64,0.0001,0,305072.5,525511.2,-4.183457e-07,3.159175e-05,0.0002,0.0001,0.0001,3603136000000000.0,6.501831e-06,0.0,0.0,0.0,1.644843e-09,1375000000,111.578,4.055666e-05,2.636926e-06,15.36255,1.096437,-0.0177315,15.38028,3.444214,1.442527,247934379,44.36658,11000000000,11000000000,36057,20932,15,2461.9873348585484,1429.2458854940548
sz3,s3d,stat_planar.1.1000E-03.field.d64,0.0001,1,297844.7,561396.3,-4.183457e-07,3.159175e-05,0.0002,0.0001,0.0001,3603136000000000.0,6.501831e-06,0.0,0.0,0.0,1.644843e-09,1375000000,111.578,4.055666e-05,2.636926e-06,15.36255,1.096437,-0.0177315,15.38028,3.444214,1.442527,247934379,44.36658,11000000000,11000000000,36932,19594,4,2521.732707962279,1337.8866749651495
sz3,s3d,stat_planar.1.1000E-03.field.d64,0.0001,2,295516.2,559625.6,-4.183457e-07,3.159175e-05,0.0002,0.0001,0.0001,3603136000000000.0,6.501831e-06,0.0,0.0,0.0,1.644843e-09,1375000000,111.578,4.055666e-05,2.636926e-06,15.36255,1.096437,-0.0177315,15.38028,3.444214,1.442527,247934379,44.36658,11000000000,11000000000,37223,19656,4,2541.6023120459204,1342.1200614022139
sz3,s3d,stat_planar.1.1000E-03.field.d64,0.0001,3,296816.0,552098.0,-4.183457e-07,3.159175e-05,0.0002,0.0001,0.0001,3603136000000000.0,6.501831e-06,0.0,0.0,0.0,1.644843e-09,1375000000,111.578,4.055666e-05,2.636926e-06,15.36255,1.096437,-0.0177315,15.38028,3.444214,1.442527,247934379,44.36658,11000000000,11000000000,37060,19924,4,2530.472602542025,1360.4192156785568
sz3,s3d,stat_planar.1.1000E-03.field.d64,0.0001,4,296816.0,512605.4,-4.183457e-07,3.159175e-05,0.0002,0.0001,0.0001,3603136000000000.0,6.501831e-06,0.0,0.0,0.0,1.644843e-09,1375000000,111.578,4.055666e-05,2.636926e-06,15.36255,1.096437,-0.0177315,15.38028,3.444214,1.442527,247934379,44.36658,11000000000,11000000000,37060,21459,4,2530.472602542025,1465.229670209102
sz3,s3d,stat_planar.1.1000E-03.field.d64,0.0001,5,300645.0,515802.3,-4.183457e-07,3.159175e-05,0.0002,0.0001,0.0001,3603136000000000.0,6.501831e-06,0.0,0.0,0.0,1.644843e-09,1375000000,111.578,4.055666e-05,2.636926e-06,15.36255,1.096437,-0.0177315,15.38028,3.444214,1.442527,247934379,44.36658,11000000000,11000000000,36588,21326,4,2498.2442412792125,1456.148373497335
sz3,s3d,stat_planar.1.1000E-03.field.d64,0.0001,6,300875.3,535957.9,-4.183457e-07,3.159175e-05,0.0002,0.0001,0.0001,3603136000000000.0,6.501831e-06,0.0,0.0,0.0,1.644843e-09,1375000000,111.578,4.055666e-05,2.636926e-06,15.36255,1.096437,-0.0177315,15.38028,3.444214,1.442527,247934379,44.36658,11000000000,11000000000,36560,20524,8,2496.3323893398933,1401.3874715211152
sz3,s3d,stat_planar.1.1000E-03.field.d64,0.0001,7,283351.8,530708.7,-4.183457e-07,3.159175e-05,0.0002,0.0001,0.0001,3603136000000000.0,6.501831e-06,0.0,0.0,0.0,1.644843e-09,1375000000,111.578,4.055666e-05,2.636926e-06,15.36255,1.096437,-0.0177315,15.38028,3.444214,1.442527,247934379,44.36658,11000000000,11000000000,38821,20727,8,2650.7144334399345,1415.2483980811805
sz3,s3d,stat_planar.1.1000E-03.field.d64,1e-05,0,280927.6,432372.9,8.830056e-09,3.473332e-06,2e-05,1e-05,1e-05,303670800000000.0,6.501831e-07,0.0,0.0,0.0,1.944153e-11,1375000000,130.852,4.409255e-06,2.866823e-07,15.36255,1.096437,-0.0177315,15.38028,3.444214,2.753524,473261916,23.24294,11000000000,11000000000,39156,25441,130,2698.2096715750235,1753.1196305684998
sz3,s3d,stat_planar.1.1000E-03.field.d64,1e-05,1,278143.0,460790.9,8.830056e-09,3.473332e-06,2e-05,1e-05,1e-05,303670800000000.0,6.501831e-07,0.0,0.0,0.0,1.944153e-11,1375000000,130.852,4.409255e-06,2.866823e-07,15.36255,1.096437,-0.0177315,15.38028,3.444214,2.753524,473261916,23.24294,11000000000,11000000000,39548,23872,130,2725.2220883504197,1645.0010542404477
sz3,s3d,stat_planar.1.1000E-03.field.d64,1e-05,2,281193.3,455599.7,8.830056e-09,3.473332e-06,2e-05,1e-05,1e-05,303670800000000.0,6.501831e-07,0.0,0.0,0.0,1.944153e-11,1375000000,130.852,4.409255e-06,2.866823e-07,15.36255,1.096437,-0.0177315,15.38028,3.444214,2.753524,473261916,23.24294,11000000000,11000000000,39119,24144,130,2695.6600301957133,1663.7443638397021
sz3,s3d,stat_planar.1.1000E-03.field.d64,1e-05,3,283256.9,462787.7,8.830056e-09,3.473332e-06,2e-05,1e-05,1e-05,303670800000000.0,6.501831e-07,0.0,0.0,0.0,1.944153e-11,1375000000,130.852,4.409255e-06,2.866823e-07,15.36255,1.096437,-0.0177315,15.38028,3.444214,2.753524,473261916,23.24294,11000000000,11000000000,38834,23769,130,2676.020900652377,1637.9034039142593
sz3,s3d,stat_planar.1.1000E-03.field.d64,1e-05,4,278445.8,438929.0,8.830056e-09,3.473332e-06,2e-05,1e-05,1e-05,303670800000000.0,6.501831e-07,0.0,0.0,0.0,1.944153e-11,1375000000,130.852,4.409255e-06,2.866823e-07,15.36255,1.096437,-0.0177315,15.38028,3.444214,2.753524,473261916,23.24294,11000000000,11000000000,39505,25061,130,2722.2589916123025,1726.934124510718
sz3,s3d,stat_planar.1.1000E-03.field.d64,1e-05,5,282725.5,440088.0,8.830056e-09,3.473332e-06,2e-05,1e-05,1e-05,303670800000000.0,6.501831e-07,0.0,0.0,0.0,1.944153e-11,1375000000,130.852,4.409255e-06,2.866823e-07,15.36255,1.096437,-0.0177315,15.38028,3.444214,2.753524,473261916,23.24294,11000000000,11000000000,38907,24995,130,2681.0512741845296,1722.3861155638401
sz3,s3d,stat_planar.1.1000E-03.field.d64,1e-05,6,276076.7,438649.0,8.830056e-09,3.473332e-06,2e-05,1e-05,1e-05,303670800000000.0,6.501831e-07,0.0,0.0,0.0,1.944153e-11,1375000000,130.852,4.409255e-06,2.866823e-07,15.36255,1.096437,-0.0177315,15.38028,3.444214,2.753524,473261916,23.24294,11000000000,11000000000,39844,25077,130,2745.6192193849024,1728.0366721342036
sz3,s3d,stat_planar.1.1000E-03.field.d64,1e-05,7,277995.4,454301.4,8.830056e-09,3.473332e-06,2e-05,1e-05,1e-05,303670800000000.0,6.501831e-07,0.0,0.0,0.0,1.944153e-11,1375000000,130.852,4.409255e-06,2.866823e-07,15.36255,1.096437,-0.0177315,15.38028,3.444214,2.753524,473261916,23.24294,11000000000,11000000000,39569,24213,130,2726.6691821062445,1668.4991004659835
sz3,s3d,stat_planar.1.1000E-03.field.d64,1e-06,0,266880.2,358703.5,6.002058e-10,3.641425e-07,2e-06,1e-06,1e-06,12447940000000.0,6.501831e-08,0.0,0.0,0.0,2.124333e-13,1375000000,150.4671,4.609049e-07,2.996726e-08,15.36255,1.096437,-0.0177315,15.38028,3.444214,4.594276,789641215,13.93038,11000000000,11000000000,41217,30666,138,2908.764518044477,2164.159757147583
sz3,s3d,stat_planar.1.1000E-03.field.d64,1e-06,1,269522.0,360963.4,6.002058e-10,3.641425e-07,2e-06,1e-06,1e-06,12447940000000.0,6.501831e-08,0.0,0.0,0.0,2.124333e-13,1375000000,150.4671,4.609049e-07,2.996726e-08,15.36255,1.096437,-0.0177315,15.38028,3.444214,4.594276,789641215,13.93038,11000000000,11000000000,40813,30474,138,2880.253445785701,2150.6099406285607
sz3,s3d,stat_planar.1.1000E-03.field.d64,1e-06,2,264518.5,365448.5,6.002058e-10,3.641425e-07,2e-06,1e-06,1e-06,12447940000000.0,6.501831e-08,0.0,0.0,0.0,2.124333e-13,1375000000,150.4671,4.609049e-07,2.996726e-08,15.36255,1.096437,-0.0177315,15.38028,3.444214,4.594276,789641215,13.93038,11000000000,11000000000,41585,30100,138,2934.7349997059364,2124.2160272008823
sz3,s3d,stat_planar.1.1000E-03.field.d64,1e-06,3,269165.8,355710.8,6.002058e-10,3.641425e-07,2e-06,1e-06,1e-06,12447940000000.0,6.501831e-08,0.0,0.0,0.0,2.124333e-13,1375000000,150.4671,4.609049e-07,2.996726e-08,15.36255,1.096437,-0.0177315,15.38028,3.444214,4.594276,789641215,13.93038,11000000000,11000000000,40867,30924,138,2884.064331681676,2182.367323095019
sz3,s3d,stat_planar.1.1000E-03.field.d64,1e-06,4,265700.5,340104.5,6.002058e-10,3.641425e-07,2e-06,1e-06,1e-06,12447940000000.0,6.501831e-08,0.0,0.0,0.0,2.124333e-13,1375000000,150.4671,4.609049e-07,2.996726e-08,15.36255,1.096437,-0.0177315,15.38028,3.444214,4.594276,789641215,13.93038,11000000000,11000000000,41400,32343,138,2921.6791869141703,2282.508935805918
sz3,s3d,stat_planar.1.1000E-03.field.d64,1e-06,5,268181.5,349261.8,6.002058e-10,3.641425e-07,2e-06,1e-06,1e-06,12447940000000.0,6.501831e-08,0.0,0.0,0.0,2.124333e-13,1375000000,150.4671,4.609049e-07,2.996726e-08,15.36255,1.096437,-0.0177315,15.38028,3.444214,4.594276,789641215,13.93038,11000000000,11000000000,41017,31495,138,2894.650125837162,2222.663912846903
sz3,s3d,stat_planar.1.1000E-03.field.d64,1e-06,6,263656.2,344438.9,6.002058e-10,3.641425e-07,2e-06,1e-06,1e-06,12447940000000.0,6.501831e-08,0.0,0.0,0.0,2.124333e-13,1375000000,150.4671,4.609049e-07,2.996726e-08,15.36255,1.096437,-0.0177315,15.38028,3.444214,4.594276,789641215,13.93038,11000000000,11000000000,41721,31936,138,2944.33278640691,2253.786147664032
zfp,s3d,stat_planar.1.1000E-03.field.d64,0.1,0,732600.7,693393.8,1.771806e-06,0.000236854,0.0234427,0.0121788,0.0121788,1.626945e+16,0.0007918451,7.920671e-20,1.782624e-13,5.149887e-21,1.911746e-07,1375000000,90.92498,0.0004372352,2.842829e-05,15.36255,1.096437,-0.0177315,15.38028,3.444214,0.8912114,153176960,71.81237,11000000000,11000000000,15015,15864,15,291.91715744680874,308.42316255319173
zfp,s3d,stat_planar.1.1000E-03.field.d64,0.1,1,693568.7,754044.4,1.771806e-06,0.000236854,0.0234427,0.0121788,0.0121788,1.626945e+16,0.0007918451,7.920671e-20,1.782624e-13,5.149887e-21,1.911746e-07,1375000000,90.92498,0.0004372352,2.842829e-05,15.36255,1.096437,-0.0177315,15.38028,3.444214,0.8912114,153176960,71.81237,11000000000,11000000000,15860,14588,143,308.34539574468107,283.6155506382981
zfp,s3d,stat_planar.1.1000E-03.field.d64,0.1,2,703504.7,829875.5,1.771806e-06,0.000236854,0.0234427,0.0121788,0.0121788,1.626945e+16,0.0007918451,7.920671e-20,1.782624e-13,5.149887e-21,1.911746e-07,1375000000,90.92498,0.0004372352,2.842829e-05,15.36255,1.096437,-0.0177315,15.38028,3.444214,0.8912114,153176960,71.81237,11000000000,11000000000,15636,13255,143,303.9904544680853,257.69976170212783
zfp,s3d,stat_planar.1.1000E-03.field.d64,0.1,3,773504.0,829249.9,1.771806e-06,0.000236854,0.0234427,0.0121788,0.0121788,1.626945e+16,0.0007918451,7.920671e-20,1.782624e-13,5.149887e-21,1.911746e-07,1375000000,90.92498,0.0004372352,2.842829e-05,15.36255,1.096437,-0.0177315,15.38028,3.444214,0.8912114,153176960,71.81237,11000000000,11000000000,14221,13265,143,276.480445957447,257.8941787234044
zfp,s3d,stat_planar.1.1000E-03.field.d64,0.1,4,694751.5,825206.3,1.771806e-06,0.000236854,0.0234427,0.0121788,0.0121788,1.626945e+16,0.0007918451,7.920671e-20,1.782624e-13,5.149887e-21,1.911746e-07,1375000000,90.92498,0.0004372352,2.842829e-05,15.36255,1.096437,-0.0177315,15.38028,3.444214,0.8912114,153176960,71.81237,11000000000,11000000000,15833,13330,143,307.8204697872343,259.15788936170236
zfp,s3d,stat_planar.1.1000E-03.field.d64,0.1,5,772689.0,827503.2,1.771806e-06,0.000236854,0.0234427,0.0121788,0.0121788,1.626945e+16,0.0007918451,7.920671e-20,1.782624e-13,5.149887e-21,1.911746e-07,1375000000,90.92498,0.0004372352,2.842829e-05,15.36255,1.096437,-0.0177315,15.38028,3.444214,0.8912114,153176960,71.81237,11000000000,11000000000,14236,13293,143,276.7720714893619,258.4385463829789
zfp,s3d,stat_planar.1.1000E-03.field.d64,0.1,6,693219.1,819000.8,1.771806e-06,0.000236854,0.0234427,0.0121788,0.0121788,1.626945e+16,0.0007918451,7.920671e-20,1.782624e-13,5.149887e-21,1.911746e-07,1375000000,90.92498,0.0004372352,2.842829e-05,15.36255,1.096437,-0.0177315,15.38028,3.444214,0.8912114,153176960,71.81237,11000000000,11000000000,15868,13431,143,308.50092936170233,261.12150127659595
zfp,s3d,stat_planar.1.1000E-03.field.d64,0.1,7,693437.6,823168.5,1.771806e-06,0.000236854,0.0234427,0.0121788,0.0121788,1.626945e+16,0.0007918451,7.920671e-20,1.782624e-13,5.149887e-21,1.911746e-07,1375000000,90.92498,0.0004372352,2.842829e-05,15.36255,1.096437,-0.0177315,15.38028,3.444214,0.8912114,153176960,71.81237,11000000000,11000000000,15863,13363,143,308.403720851064,259.7994655319151
zfp,s3d,stat_planar.1.1000E-03.field.d64,0.1,8,731626.2,750955.8,1.771806e-06,0.000236854,0.0234427,0.0121788,0.0121788,1.626945e+16,0.0007918451,7.920671e-20,1.782624e-13,5.149887e-21,1.911746e-07,1375000000,90.92498,0.0004372352,2.842829e-05,15.36255,1.096437,-0.0177315,15.38028,3.444214,0.8912114,153176960,71.81237,11000000000,11000000000,15035,14648,143,292.30599148936193,284.78205276595764
zfp,s3d,stat_planar.1.1000E-03.field.d64,0.1,9,719471.5,732308.1,1.771806e-06,0.000236854,0.0234427,0.0121788,0.0121788,1.626945e+16,0.0007918451,7.920671e-20,1.782624e-13,5.149887e-21,1.911746e-07,1375000000,90.92498,0.0004372352,2.842829e-05,15.36255,1.096437,-0.0177315,15.38028,3.444214,0.8912114,153176960,71.81237,11000000000,11000000000,15289,15021,143,297.2441838297874,292.0338076595747
zfp,s3d,stat_planar.1.1000E-03.field.d64,0.01,0,635911.7,573783.3,5.140887e-07,4.274336e-05,0.00309985,0.001571652,0.001571652,1674043000000000.0,0.0001021861,7.920671e-20,4.054376e-15,5.149887e-21,5.786086e-09,1375000000,106.1154,7.606632e-05,4.945704e-06,15.36255,1.096437,-0.0177315,15.38028,3.444214,1.810163,311121712,35.35594,11000000000,11000000000,17298,19171,5,1232.2003778571423,1365.621080119047
zfp,s3d,stat_planar.1.1000E-03.field.d64,0.01,1,569771.1,596335.2,5.140887e-07,4.274336e-05,0.00309985,0.001571652,0.001571652,1674043000000000.0,0.0001021861,7.920671e-20,4.054376e-15,5.149887e-21,5.786086e-09,1375000000,106.1154,7.606632e-05,4.945704e-06,15.36255,1.096437,-0.0177315,15.38028,3.444214,1.810163,311121712,35.35594,11000000000,11000000000,19306,18446,5,1375.2376283333326,1313.976654523809
zfp,s3d,stat_planar.1.1000E-03.field.d64,0.01,2,673071.0,619334.5,5.140887e-07,4.274336e-05,0.00309985,0.001571652,0.001571652,1674043000000000.0,0.0001021861,7.920671e-20,4.054376e-15,5.149887e-21,5.786086e-09,1375000000,106.1154,7.606632e-05,4.945704e-06,15.36255,1.096437,-0.0177315,15.38028,3.444214,1.810163,311121712,35.35594,11000000000,11000000000,16343,17761,5,1164.1722034523805,1265.1815765476185
zfp,s3d,stat_planar.1.1000E-03.field.d64,0.01,3,609047.1,639683.6,5.140887e-07,4.274336e-05,0.00309985,0.001571652,0.001571652,1674043000000000.0,0.0001021861,7.920671e-20,4.054376e-15,5.149887e-21,5.786086e-09,1375000000,106.1154,7.606632e-05,4.945704e-06,15.36255,1.096437,-0.0177315,15.38028,3.444214,1.810163,311121712,35.35594,11000000000,11000000000,18061,17196,5,1286.5516836904756,1224.9345414285708
zfp,s3d,stat_planar.1.1000E-03.field.d64,0.01,4,615694.6,633458.1,5.140887e-07,4.274336e-05,0.00309985,0.001571652,0.001571652,1674043000000000.0,0.0001021861,7.920671e-20,4.054376e-15,5.149887e-21,5.786086e-09,1375000000,106.1154,7.606632e-05,4.945704e-06,15.36255,1.096437,-0.0177315,15.38028,3.444214,1.810163,311121712,35.35594,11000000000,11000000000,17866,17365,5,1272.6611140476184,1236.9730351190472
zfp,s3d,stat_planar.1.1000E-03.field.d64,0.01,5,667921.5,597663.7,5.140887e-07,4.274336e-05,0.00309985,0.001571652,0.001571652,1674043000000000.0,0.0001021861,7.920671e-20,4.054376e-15,5.149887e-21,5.786086e-09,1375000000,106.1154,7.606632e-05,4.945704e-06,15.36255,1.096437,-0.0177315,15.38028,3.444214,1.810163,311121712,35.35594,11000000000,11000000000,16469,18405,5,1173.1476484523805,1311.056073214285
zfp,s3d,stat_planar.1.1000E-03.field.d64,0.01,6,607936.3,594530.3,5.140887e-07,4.274336e-05,0.00309985,0.001571652,0.001571652,1674043000000000.0,0.0001021861,7.920671e-20,4.054376e-15,5.149887e-21,5.786086e-09,1375000000,106.1154,7.606632e-05,4.945704e-06,15.36255,1.096437,-0.0177315,15.38028,3.444214,1.810163,311121712,35.35594,11000000000,11000000000,18094,18502,5,1288.90239547619,1317.9657411904757
zfp,s3d,stat_planar.1.1000E-03.field.d64,0.01,7,590160.4,572350.3,5.140887e-07,4.274336e-05,0.00309985,0.001571652,0.001571652,1674043000000000.0,0.0001021861,7.920671e-20,4.054376e-15,5.149887e-21,5.786086e-09,1375000000,106.1154,7.606632e-05,4.945704e-06,15.36255,1.096437,-0.0177315,15.38028,3.444214,1.810163,311121712,35.35594,11000000000,11000000000,18639,19219,5,1327.7247567857137,1369.0402972619042
zfp,s3d,stat_planar.1.1000E-03.field.d64,0.01,8,577155.1,569240.3,5.140887e-07,4.274336e-05,0.00309985,0.001571652,0.001571652,1674043000000000.0,0.0001021861,7.920671e-20,4.054376e-15,5.149887e-21,5.786086e-09,1375000000,106.1154,7.606632e-05,4.945704e-06,15.36255,1.096437,-0.0177315,15.38028,3.444214,1.810163,311121712,35.35594,11000000000,11000000000,19059,19324,5,1357.6429067857136,1376.5198347619041
zfp,s3d,stat_planar.1.1000E-03.field.d64,0.01,9,563409.1,559085.1,5.140887e-07,4.274336e-05,0.00309985,0.001571652,0.001571652,1674043000000000.0,0.0001021861,7.920671e-20,4.054376e-15,5.149887e-21,5.786086e-09,1375000000,106.1154,7.606632e-05,4.945704e-06,15.36255,1.096437,-0.0177315,15.38028,3.444214,1.810163,311121712,35.35594,11000000000,11000000000,19524,19675,5,1390.7665728571424,1401.522860119047
zfp,s3d,stat_planar.1.1000E-03.field.d64,0.001,0,526643.4,412247.5,-3.126589e-08,6.890407e-06,0.000386671,0.0001944893,0.0001944893,305541000000000.0,1.264537e-05,7.920671e-20,9.279126e-16,5.149887e-21,1.393512e-10,1375000000,122.2982,1.180471e-05,7.675224e-07,15.36255,1.096437,-0.0177315,15.38028,3.444214,3.0353,521692176,21.08523,11000000000,11000000000,20887,26683,12,3039.165949618558,3882.5137661546405
zfp,s3d,stat_planar.1.1000E-03.field.d64,0.001,1,502466.7,432084.2,-3.126589e-08,6.890407e-06,0.000386671,0.0001944893,0.0001944893,305541000000000.0,1.264537e-05,7.920671e-20,9.279126e-16,5.149887e-21,1.393512e-10,1375000000,122.2982,1.180471e-05,7.675224e-07,15.36255,1.096437,-0.0177315,15.38028,3.444214,3.0353,521692176,21.08523,11000000000,11000000000,21892,25458,12,3185.398619670104,3704.2699643505166
zfp,s3d,stat_planar.1.1000E-03.field.d64,0.001,2,535045.5,433702.6,-3.126589e-08,6.890407e-06,0.000386671,0.0001944893,0.0001944893,305541000000000.0,1.264537e-05,7.920671e-20,9.279126e-16,5.149887e-21,1.393512e-10,1375000000,122.2982,1.180471e-05,7.675224e-07,15.36255,1.096437,-0.0177315,15.38028,3.444214,3.0353,521692176,21.08523,11000000000,11000000000,20559,25363,12,2991.4402622783514,3690.446975639177
zfp,s3d,stat_planar.1.1000E-03.field.d64,0.001,3,516286.5,449879.4,-3.126589e-08,6.890407e-06,0.000386671,0.0001944893,0.0001944893,305541000000000.0,1.264537e-05,7.920671e-20,9.279126e-16,5.149887e-21,1.393512e-10,1375000000,122.2982,1.180471e-05,7.675224e-07,15.36255,1.096437,-0.0177315,15.38028,3.444214,3.0353,521692176,21.08523,11000000000,11000000000,21306,24451,12,3100.1326050927846,3557.7462840103103
zfp,s3d,stat_planar.1.1000E-03.field.d64,0.001,4,513922.6,443333.9,-3.126589e-08,6.890407e-06,0.000386671,0.0001944893,0.0001944893,305541000000000.0,1.264537e-05,7.920671e-20,9.279126e-16,5.149887e-21,1.393512e-10,1375000000,122.2982,1.180471e-05,7.675224e-07,15.36255,1.096437,-0.0177315,15.38028,3.444214,3.0353,521692176,21.08523,11000000000,11000000000,21404,24812,12,3114.3921092371143,3610.2736411134033
zfp,s3d,stat_planar.1.1000E-03.field.d64,0.001,5,512318.9,430444.1,-3.126589e-08,6.890407e-06,0.000386671,0.0001944893,0.0001944893,305541000000000.0,1.264537e-05,7.920671e-20,9.279126e-16,5.149887e-21,1.393512e-10,1375000000,122.2982,1.180471e-05,7.675224e-07,15.36255,1.096437,-0.0177315,15.38028,3.444214,3.0353,521692176,21.08523,11000000000,11000000000,21471,25555,12,3124.1409539072174,3718.3839633505168
zfp,s3d,stat_planar.1.1000E-03.field.d64,0.001,6,502076.8,408891.5,-3.126589e-08,6.890407e-06,0.000386671,0.0001944893,0.0001944893,305541000000000.0,1.264537e-05,7.920671e-20,9.279126e-16,5.149887e-21,1.393512e-10,1375000000,122.2982,1.180471e-05,7.675224e-07,15.36255,1.096437,-0.0177315,15.38028,3.444214,3.0353,521692176,21.08523,11000000000,11000000000,21909,26902,12,3187.8722071237125,3914.379392762888
zfp,s3d,stat_planar.1.1000E-03.field.d64,0.001,7,512247.4,428098.9,-3.126589e-08,6.890407e-06,0.000386671,0.0001944893,0.0001944893,305541000000000.0,1.264537e-05,7.920671e-20,9.279126e-16,5.149887e-21,1.393512e-10,1375000000,122.2982,1.180471e-05,7.675224e-07,15.36255,1.096437,-0.0177315,15.38028,3.444214,3.0353,521692176,21.08523,11000000000,11000000000,21474,25695,12,3124.5774693402072,3738.7546835567023
zfp,s3d,stat_planar.1.1000E-03.field.d64,0.001,8,497850.2,406519.1,-3.126589e-08,6.890407e-06,0.000386671,0.0001944893,0.0001944893,305541000000000.0,1.264537e-05,7.920671e-20,9.279126e-16,5.149887e-21,1.393512e-10,1375000000,122.2982,1.180471e-05,7.675224e-07,15.36255,1.096437,-0.0177315,15.38028,3.444214,3.0353,521692176,21.08523,11000000000,11000000000,22095,27059,12,3214.9361639690733,3937.2237004226818
zfp,s3d,stat_planar.1.1000E-03.field.d64,0.001,9,507239.7,421294.5,-3.126589e-08,6.890407e-06,0.000386671,0.0001944893,0.0001944893,305541000000000.0,1.264537e-05,7.920671e-20,9.279126e-16,5.149887e-21,1.393512e-10,1375000000,122.2982,1.180471e-05,7.675224e-07,15.36255,1.096437,-0.0177315,15.38028,3.444214,3.0353,521692176,21.08523,11000000000,11000000000,21686,26110,12,3155.4245599381456,3799.139318453609
zfp,s3d,stat_planar.1.1000E-03.field.d64,0.0001,0,443333.9,281827.3,-3.344305e-09,5.664039e-07,2.523788e-05,1.264014e-05,1.264014e-05,32310960000000.0,8.218405e-07,7.920671e-20,1.50663e-16,5.149887e-21,7.960468e-13,1375000000,144.7299,8.922145e-07,5.801028e-08,15.36255,1.096437,-0.0177315,15.38028,3.444214,5.095186,875735104,12.56088,11000000000,11000000000,24812,39031,12,3621.067030869235,5696.190040377927
zfp,s3d,stat_planar.1.1000E-03.field.d64,0.0001,1,437097.7,305258.8,-3.344305e-09,5.664039e-07,2.523788e-05,1.264014e-05,1.264014e-05,32310960000000.0,8.218405e-07,7.920671e-20,1.50663e-16,5.149887e-21,7.960468e-13,1375000000,144.7299,8.922145e-07,5.801028e-08,15.36255,1.096437,-0.0177315,15.38028,3.444214,5.095186,875735104,12.56088,11000000000,11000000000,25166,36035,12,3672.729844383974,5258.953347467874
zfp,s3d,stat_planar.1.1000E-03.field.d64,0.0001,2,437375.7,293395.9,-3.344305e-09,5.664039e-07,2.523788e-05,1.264014e-05,1.264014e-05,32310960000000.0,8.218405e-07,7.920671e-20,1.50663e-16,5.149887e-21,7.960468e-13,1375000000,144.7299,8.922145e-07,5.801028e-08,15.36255,1.096437,-0.0177315,15.38028,3.444214,5.095186,875735104,12.56088,11000000000,11000000000,25150,37492,12,3670.394801965229,5471.588147724865
zfp,s3d,stat_planar.1.1000E-03.field.d64,0.0001,3,436559.9,280476.3,-3.344305e-09,5.664039e-07,2.523788e-05,1.264014e-05,1.264014e-05,32310960000000.0,8.218405e-07,7.920671e-20,1.50663e-16,5.149887e-21,7.960468e-13,1375000000,144.7299,8.922145e-07,5.801028e-08,15.36255,1.096437,-0.0177315,15.38028,3.444214,5.095186,875735104,12.56088,11000000000,11000000000,25197,39219,0,3677.2539890702933,5723.626788798184
zfp,s3d,stat_planar.1.1000E-03.field.d64,0.0001,4,426257.5,276639.1,-3.344305e-09,5.664039e-07,2.523788e-05,1.264014e-05,1.264014e-05,32310960000000.0,8.218405e-07,7.920671e-20,1.50663e-16,5.149887e-21,7.960468e-13,1375000000,144.7299,8.922145e-07,5.801028e-08,15.36255,1.096437,-0.0177315,15.38028,3.444214,5.095186,875735104,12.56088,11000000000,11000000000,25806,39763,128,3766.1315411337855,5803.018231035523
zfp,s3d,stat_planar.1.1000E-03.field.d64,0.0001,5,425894.4,277210.8,-3.344305e-09,5.664039e-07,2.523788e-05,1.264014e-05,1.264014e-05,32310960000000.0,8.218405e-07,7.920671e-20,1.50663e-16,5.149887e-21,7.960468e-13,1375000000,144.7299,8.922145e-07,5.801028e-08,15.36255,1.096437,-0.0177315,15.38028,3.444214,5.095186,875735104,12.56088,11000000000,11000000000,25828,39681,128,3769.3422244595604,5791.051138639454
zfp,s3d,stat_planar.1.1000E-03.field.d64,0.0001,6,410708.3,279926.7,-3.344305e-09,5.664039e-07,2.523788e-05,1.264014e-05,1.264014e-05,32310960000000.0,8.218405e-07,7.920671e-20,1.50663e-16,5.149887e-21,7.960468e-13,1375000000,144.7299,8.922145e-07,5.801028e-08,15.36255,1.096437,-0.0177315,15.38028,3.444214,5.095186,875735104,12.56088,11000000000,11000000000,26783,39296,128,3908.715068828418,5734.864180438395
zfp,s3d,stat_planar.1.1000E-03.field.d64,0.0001,7,404307.7,275606.3,-3.344305e-09,5.664039e-07,2.523788e-05,1.264014e-05,1.264014e-05,32310960000000.0,8.218405e-07,7.920671e-20,1.50663e-16,5.149887e-21,7.960468e-13,1375000000,144.7299,8.922145e-07,5.801028e-08,15.36255,1.096437,-0.0177315,15.38028,3.444214,5.095186,875735104,12.56088,11000000000,11000000000,27207,39912,128,3970.5936929251684,5824.763313560088
zfp,s3d,stat_planar.1.1000E-03.field.d64,0.0001,8,410157.0,274088.7,-3.344305e-09,5.664039e-07,2.523788e-05,1.264014e-05,1.264014e-05,32310960000000.0,8.218405e-07,7.920671e-20,1.50663e-16,5.149887e-21,7.960468e-13,1375000000,144.7299,8.922145e-07,5.801028e-08,15.36255,1.096437,-0.0177315,15.38028,3.444214,5.095186,875735104,12.56088,11000000000,11000000000,26819,40133,128,3913.9689142705956,5857.016086969007
zfp,s3d,stat_planar.1.1000E-03.field.d64,0.0001,9,414765.7,274512.7,-3.344305e-09,5.664039e-07,2.523788e-05,1.264014e-05,1.264014e-05,32310960000000.0,8.218405e-07,7.920671e-20,1.50663e-16,5.149887e-21,7.960468e-13,1375000000,144.7299,8.922145e-07,5.801028e-08,15.36255,1.096437,-0.0177315,15.38028,3.444214,5.095186,875735104,12.56088,11000000000,11000000000,26521,40071,128,3870.4787492214646,5847.96779759637
zfp,s3d,stat_planar.1.1000E-03.field.d64,1e-05,0,391194.6,217369.8,3.852001e-10,8.266784e-08,3.236446e-06,1.651247e-06,1.651247e-06,3551914000000.0,1.073613e-07,0.0,0.0,0.0,1.52602e-14,1375000000,161.9037,1.235322e-07,8.031855e-09,15.36255,1.096437,-0.0177315,15.38028,3.444214,6.98267,1200146400,9.165548,11000000000,11000000000,28119,50605,8,4099.133249433962,7377.098690835579
zfp,s3d,stat_planar.1.1000E-03.field.d64,1e-05,1,388830.0,224755.8,3.852001e-10,8.266784e-08,3.236446e-06,1.651247e-06,1.651247e-06,3551914000000.0,1.073613e-07,0.0,0.0,0.0,1.52602e-14,1375000000,161.9037,1.235322e-07,8.031855e-09,15.36255,1.096437,-0.0177315,15.38028,3.444214,6.98267,1200146400,9.165548,11000000000,11000000000,28290,48942,132,4124.061297574123,7134.669778221024
zfp,s3d,stat_planar.1.1000E-03.field.d64,1e-05,2,389394.3,218779.2,3.852001e-10,8.266784e-08,3.236446e-06,1.651247e-06,1.651247e-06,3551914000000.0,1.073613e-07,0.0,0.0,0.0,1.52602e-14,1375000000,161.9037,1.235322e-07,8.031855e-09,15.36255,1.096437,-0.0177315,15.38028,3.444214,6.98267,1200146400,9.165548,11000000000,11000000000,28249,50279,132,4118.084397142857,7329.575043504043
zfp,s3d,stat_planar.1.1000E-03.field.d64,1e-05,3,387733.5,217890.8,3.852001e-10,8.266784e-08,3.236446e-06,1.651247e-06,1.651247e-06,3551914000000.0,1.073613e-07,0.0,0.0,0.0,1.52602e-14,1375000000,161.9037,1.235322e-07,8.031855e-09,15.36255,1.096437,-0.0177315,15.38028,3.444214,6.98267,1200146400,9.165548,11000000000,11000000000,28370,50484,132,4135.723542318059,7359.4595456603765
zfp,s3d,stat_planar.1.1000E-03.field.d64,1e-05,4,387528.6,217533.2,3.852001e-10,8.266784e-08,3.236446e-06,1.651247e-06,1.651247e-06,3551914000000.0,1.073613e-07,0.0,0.0,0.0,1.52602e-14,1375000000,161.9037,1.235322e-07,8.031855e-09,15.36255,1.096437,-0.0177315,15.38028,3.444214,6.98267,1200146400,9.165548,11000000000,11000000000,28385,50567,132,4137.910213207547,7371.55912458221
zfp,s3d,stat_planar.1.1000E-03.field.d64,1e-05,5,386724.8,217528.9,3.852001e-10,8.266784e-08,3.236446e-06,1.651247e-06,1.651247e-06,3551914000000.0,1.073613e-07,0.0,0.0,0.0,1.52602e-14,1375000000,161.9037,1.235322e-07,8.031855e-09,15.36255,1.096437,-0.0177315,15.38028,3.444214,6.98267,1200146400,9.165548,11000000000,11000000000,28444,50568,132,4146.511118706199,7371.704902641509
zfp,s3d,stat_planar.1.1000E-03.field.d64,1e-05,6,374863.7,217318.3,3.852001e-10,8.266784e-08,3.236446e-06,1.651247e-06,1.651247e-06,3551914000000.0,1.073613e-07,0.0,0.0,0.0,1.52602e-14,1375000000,161.9037,1.235322e-07,8.031855e-09,15.36255,1.096437,-0.0177315,15.38028,3.444214,6.98267,1200146400,9.165548,11000000000,11000000000,29344,50617,132,4277.711372075471,7378.848027547169
zfp,s3d,stat_planar.1.1000E-03.field.d64,1e-05,7,369660.9,216868.4,3.852001e-10,8.266784e-08,3.236446e-06,1.651247e-06,1.651247e-06,3551914000000.0,1.073613e-07,0.0,0.0,0.0,1.52602e-14,1375000000,161.9037,1.235322e-07,8.031855e-09,15.36255,1.096437,-0.0177315,15.38028,3.444214,6.98267,1200146400,9.165548,11000000000,11000000000,29757,50722,132,4337.917710566037,7394.154723773585
zfp,s3d,stat_planar.1.1000E-03.field.d64,1e-05,8,379703.1,216522.6,3.852001e-10,8.266784e-08,3.236446e-06,1.651247e-06,1.651247e-06,3551914000000.0,1.073613e-07,0.0,0.0,0.0,1.52602e-14,1375000000,161.9037,1.235322e-07,8.031855e-09,15.36255,1.096437,-0.0177315,15.38028,3.444214,6.98267,1200146400,9.165548,11000000000,11000000000,28970,50803,132,4223.190377897574,7405.96274657682
zfp,s3d,stat_planar.1.1000E-03.field.d64,1e-06,0,346129.6,171534.6,-4.553599e-11,1.171903e-08,3.940288e-07,1.975379e-07,1.975379e-07,1053878000000.0,1.284358e-08,0.0,0.0,0.0,2.814265e-16,1375000000,179.2456,1.677577e-08,1.090732e-09,15.36255,1.096437,-0.0177315,15.38028,3.444214,9.186435,1578918520,6.966794,11000000000,11000000000,31780,64127,14,4572.385953621561,9226.34971830994
zfp,s3d,stat_planar.1.1000E-03.field.d64,1e-06,1,345108.9,171689.9,-4.553599e-11,1.171903e-08,3.940288e-07,1.975379e-07,1.975379e-07,1053878000000.0,1.284358e-08,0.0,0.0,0.0,2.814265e-16,1375000000,179.2456,1.677577e-08,1.090732e-09,15.36255,1.096437,-0.0177315,15.38028,3.444214,9.186435,1578918520,6.966794,11000000000,11000000000,31874,64069,142,4585.910317361035,9218.004898130266
zfp,s3d,stat_planar.1.1000E-03.field.d64,1e-06,2,345434.0,171243.5,-4.553599e-11,1.171903e-08,3.940288e-07,1.975379e-07,1.975379e-07,1053878000000.0,1.284358e-08,0.0,0.0,0.0,2.814265e-16,1375000000,179.2456,1.677577e-08,1.090732e-09,15.36255,1.096437,-0.0177315,15.38028,3.444214,9.186435,1578918520,6.966794,11000000000,11000000000,31844,64236,12,4581.594031061202,9242.032225199328
zfp,s3d,stat_planar.1.1000E-03.field.d64,1e-06,3,336741.6,170826.0,-4.553599e-11,1.171903e-08,3.940288e-07,1.975379e-07,1.975379e-07,1053878000000.0,1.284358e-08,0.0,0.0,0.0,2.814265e-16,1375000000,179.2456,1.677577e-08,1.090732e-09,15.36255,1.096437,-0.0177315,15.38028,3.444214,9.186435,1578918520,6.966794,11000000000,11000000000,32666,64393,140,4699.860275676587,9264.620790168447
zfp,s3d,stat_planar.1.1000E-03.field.d64,1e-06,4,344784.4,171574.7,-4.553599e-11,1.171903e-08,3.940288e-07,1.975379e-07,1.975379e-07,1053878000000.0,1.284358e-08,0.0,0.0,0.0,2.814265e-16,1375000000,179.2456,1.677577e-08,1.090732e-09,15.36255,1.096437,-0.0177315,15.38028,3.444214,9.186435,1578918520,6.966794,11000000000,11000000000,31904,64112,4,4590.226603660865,9224.191575160025
zfp,s3d,stat_planar.1.1000E-03.field.d64,1e-06,5,333151.6,170847.2,-4.553599e-11,1.171903e-08,3.940288e-07,1.975379e-07,1.975379e-07,1053878000000.0,1.284358e-08,0.0,0.0,0.0,2.814265e-16,1375000000,179.2456,1.677577e-08,1.090732e-09,15.36255,1.096437,-0.0177315,15.38028,3.444214,9.186435,1578918520,6.966794,11000000000,11000000000,33018,64385,4,4750.504701594611,9263.46978048849
zfp,s3d,stat_planar.1.1000E-03.field.d64,1e-06,6,341445.2,171035.9,-4.553599e-11,1.171903e-08,3.940288e-07,1.975379e-07,1.975379e-07,1053878000000.0,1.284358e-08,0.0,0.0,0.0,2.814265e-16,1375000000,179.2456,1.677577e-08,1.090732e-09,15.36255,1.096437,-0.0177315,15.38028,3.444214,9.186435,1578918520,6.966794,11000000000,11000000000,32216,64314,12,4635.115981179114,9253.25456957889
zfp,s3d,stat_planar.1.1000E-03.field.d64,1e-06,7,330211.3,170738.5,-4.553599e-11,1.171903e-08,3.940288e-07,1.975379e-07,1.975379e-07,1053878000000.0,1.284358e-08,0.0,0.0,0.0,2.814265e-16,1375000000,179.2456,1.677577e-08,1.090732e-09,15.36255,1.096437,-0.0177315,15.38028,3.444214,9.186435,1578918520,6.966794,11000000000,11000000000,33312,64426,12,4792.80430733296,9269.368705098263
zfp,s3d,stat_planar.1.1000E-03.field.d64,1e-06,8,337869.0,170508.3,-4.553599e-11,1.171903e-08,3.940288e-07,1.975379e-07,1.975379e-07,1053878000000.0,1.284358e-08,0.0,0.0,0.0,2.814265e-16,1375000000,179.2456,1.677577e-08,1.090732e-09,15.36255,1.096437,-0.0177315,15.38028,3.444214,9.186435,1578918520,6.966794,11000000000,11000000000,32557,64513,12,4684.177768787199,9281.885935367773
mgard,s3d,stat_planar.1.1000E-03.field.d64,0.1,0,13729.35,14298.08,-2.42968e-06,0.0001204001,0.004105658,0.002494607,0.002494607,6794915000000000.0,0.0001621951,4.032365e-15,1.495973e-14,2.621775e-16,2.305982e-08,1375000000,100.1107,0.0001518546,9.87333e-06,15.36255,1.096437,-0.0177315,15.38028,3.444214,20.00509,3438375295,3.199185,11000000000,11000000000,801203,769334,9,116747.5101175706,112103.71023172786
mgard,s3d,stat_planar.1.1000E-03.field.d64,0.1,1,13409.37,14187.32,-2.42968e-06,0.0001204001,0.004105658,0.002494607,0.002494607,6794915000000000.0,0.0001621951,4.032365e-15,1.495973e-14,2.621775e-16,2.305982e-08,1375000000,100.1107,0.0001518546,9.87333e-06,15.36255,1.096437,-0.0177315,15.38028,3.444214,20.00509,3438375295,3.199185,11000000000,11000000000,820322,775340,4,119533.44033243229,112978.87613321118
mgard,s3d,stat_planar.1.1000E-03.field.d64,0.1,2,13665.73,14172.35,-2.42968e-06,0.0001204001,0.004105658,0.002494607,0.002494607,6794915000000000.0,0.0001621951,4.032365e-15,1.495973e-14,2.621775e-16,2.305982e-08,1375000000,100.1107,0.0001518546,9.87333e-06,15.36255,1.096437,-0.0177315,15.38028,3.444214,0.118243,20323008,541.2585,11000000000,11000000000,804933,776159,12,117291.02806837525,113098.21693795889
mgard,s3d,stat_planar.1.1000E-03.field.d64,0.1,3,13568.15,14126.43,-2.42968e-06,0.0001204001,0.004105658,0.002494607,0.002494607,6794915000000000.0,0.0001621951,4.032365e-15,1.495973e-14,2.621775e-16,2.305982e-08,1375000000,100.1107,0.0001518546,9.87333e-06,15.36255,1.096437,-0.0177315,15.38028,3.444214,0.118243,20323008,541.2585,11000000000,11000000000,810722,778682,13,118134.57375663481,113465.85655991067
mgard,s3d,stat_planar.1.1000E-03.field.d64,0.1,4,13594.13,14109.51,-2.42968e-06,0.0001204001,0.004105658,0.002494607,0.002494607,6794915000000000.0,0.0001621951,4.032365e-15,1.495973e-14,2.621775e-16,2.305982e-08,1375000000,100.1107,0.0001518546,9.87333e-06,15.36255,1.096437,-0.0177315,15.38028,3.444214,0.118243,20323008,541.2585,11000000000,11000000000,809173,779616,141,117908.86080601913,113601.95462051431
mgard,s3d,stat_planar.1.1000E-03.field.d64,0.01,0,13326.79,14044.57,-8.054104e-09,1.22088e-05,0.000428155,0.0002491764,0.0002491764,392151600000000.0,1.620103e-05,2.412249e-16,4.973026e-15,1.568403e-17,2.356731e-10,1375000000,120.0162,1.535165e-05,9.981383e-07,15.36255,1.096437,-0.0177315,15.38028,3.444214,33.09204,5687694303,1.934,11000000000,11000000000,825405,783221,11,124549.56565911567,118184.20698335755
mgard,s3d,stat_planar.1.1000E-03.field.d64,0.01,1,13515.36,14074.85,-8.054104e-09,1.22088e-05,0.000428155,0.0002491764,0.0002491764,392151600000000.0,1.620103e-05,2.412249e-16,4.973026e-15,1.568403e-17,2.356731e-10,1375000000,120.0162,1.535165e-05,9.981383e-07,15.36255,1.096437,-0.0177315,15.38028,3.444214,33.09204,5687694303,1.934,11000000000,11000000000,813889,781536,142,122811.85774829568,117929.94874875076
mgard,s3d,stat_planar.1.1000E-03.field.d64,0.01,2,13732.59,14080.31,-8.054104e-09,1.22088e-05,0.000428155,0.0002491764,0.0002491764,392151600000000.0,1.620103e-05,2.412249e-16,4.973026e-15,1.568403e-17,2.356731e-10,1375000000,120.0162,1.535165e-05,9.981383e-07,15.36255,1.096437,-0.0177315,15.38028,3.444214,0.08456937,14535360,756.7752,11000000000,11000000000,801014,781233,132,120869.08340374831,117884.22753504995
mgard,s3d,stat_planar.1.1000E-03.field.d64,0.01,3,13661.03,14024.49,-8.054104e-09,1.22088e-05,0.000428155,0.0002491764,0.0002491764,392151600000000.0,1.620103e-05,2.412249e-16,4.973026e-15,1.568403e-17,2.356731e-10,1375000000,120.0162,1.535165e-05,9.981383e-07,15.36255,1.096437,-0.0177315,15.38028,3.444214,0.08456937,14535360,756.7752,11000000000,11000000000,805210,784342,140,121502.23922120237,118353.36038454104
mgard,s3d,stat_planar.1.1000E-03.field.d64,0.001,0,14163.05,14692.09,7.093373e-09,1.318795e-06,3.145266e-05,1.595327e-05,1.595327e-05,130005000000000.0,1.037255e-06,9.768662000000001e-17,6.957291e-16,6.351419e-18,2.715293e-12,1375000000,139.4011,1.647815e-06,1.071381e-07,15.36255,1.096437,-0.0177315,15.38028,3.444214,49.45391,8499890815,1.294134,11000000000,11000000000,776669,748702,2,102449.29619515846,98760.20925247116
mgard,s3d,stat_planar.1.1000E-03.field.d64,0.001,1,14051.28,14630.97,7.093373e-09,1.318795e-06,3.145266e-05,1.595327e-05,1.595327e-05,130005000000000.0,1.037255e-06,9.768662000000001e-17,6.957291e-16,6.351419e-18,2.715293e-12,1375000000,139.4011,1.647815e-06,1.071381e-07,15.36255,1.096437,-0.0177315,15.38028,3.444214,49.45391,8499890815,1.294134,11000000000,11000000000,782847,751830,6,103264.22733299668,99172.81925557218
mgard,s3d,stat_planar.1.1000E-03.field.d64,0.001,2,14229.46,14633.63,7.093373e-09,1.318795e-06,3.145266e-05,1.595327e-05,1.595327e-05,130005000000000.0,1.037255e-06,9.768662000000001e-17,6.957291e-16,6.351419e-18,2.715293e-12,1375000000,139.4011,1.647815e-06,1.071381e-07,15.36255,1.096437,-0.0177315,15.38028,3.444214,49.45391,8499890815,1.294134,11000000000,11000000000,773044,751693,134,101971.1276333806,99154.74778165118
mgard,s3d,stat_planar.1.1000E-03.field.d64,0.0001,0,14092.5,14661.97,-7.734272e-10,1.385467e-07,0.001764749,0.001396971,0.001396971,2335745000000.0,9.082868e-05,0.0,0.0,0.0,5.942858e-14,1375000000,155.9993,2.437798e-07,1.585015e-08,15.36255,1.096437,-0.0177315,15.38028,3.444214,59.47817,10222810015,1.076025,11000000000,11000000000,780557,750240,137,,
mgard,s3d,stat_planar.1.1000E-03.field.d64,0.0001,1,14105.35,14628.42,-7.734272e-10,1.385467e-07,0.001764749,0.001396971,0.001396971,2335745000000.0,9.082868e-05,0.0,0.0,0.0,5.942858e-14,1375000000,155.9993,2.437798e-07,1.585015e-08,15.36255,1.096437,-0.0177315,15.38028,3.444214,59.47817,10222810015,1.076025,11000000000,11000000000,779846,751961,140,,
mgard,s3d,stat_planar.1.1000E-03.field.d64,0.0001,2,14201.67,14603.25,-7.734272e-10,1.385467e-07,0.001764749,0.001396971,0.001396971,2335745000000.0,9.082868e-05,0.0,0.0,0.0,5.942858e-14,1375000000,155.9993,2.437798e-07,1.585015e-08,15.36255,1.096437,-0.0177315,15.38028,3.444214,59.47817,10222810015,1.076025,11000000000,11000000000,774557,753257,140,,
mgard,s3d,stat_planar.1.1000E-03.field.d64,0.0001,3,14139.0,14426.8,-7.734272e-10,1.385467e-07,0.001764749,0.001396971,0.001396971,2335745000000.0,9.082868e-05,0.0,0.0,0.0,5.942858e-14,1375000000,155.9993,2.437798e-07,1.585015e-08,15.36255,1.096437,-0.0177315,15.38028,3.444214,59.47817,10222810015,1.076025,11000000000,11000000000,777990,762470,140,,
mgard,s3d,stat_planar.1.1000E-03.field.d64,0.0001,4,14085.93,14566.24,-7.734272e-10,1.385467e-07,0.001764749,0.001396971,0.001396971,2335745000000.0,9.082868e-05,0.0,0.0,0.0,5.942858e-14,1375000000,155.9993,2.437798e-07,1.585015e-08,15.36255,1.096437,-0.0177315,15.38028,3.444214,59.47817,10222810015,1.076025,11000000000,11000000000,780921,755171,140,,
mgard,s3d,stat_planar.1.1000E-03.field.d64,0.0001,5,13963.34,14500.68,-7.734272e-10,1.385467e-07,0.001764749,0.001396971,0.001396971,2335745000000.0,9.082868e-05,0.0,0.0,0.0,5.942858e-14,1375000000,155.9993,2.437798e-07,1.585015e-08,15.36255,1.096437,-0.0177315,15.38028,3.444214,59.47817,10222810015,1.076025,11000000000,11000000000,787777,758585,6,,
mgard,s3d,stat_planar.1.1000E-03.field.d64,0.0001,6,13888.96,14302.45,-7.734272e-10,1.385467e-07,0.001764749,0.001396971,0.001396971,2335745000000.0,9.082868e-05,0.0,0.0,0.0,5.942858e-14,1375000000,155.9993,2.437798e-07,1.585015e-08,15.36255,1.096437,-0.0177315,15.38028,3.444214,59.47817,10222810015,1.076025,11000000000,11000000000,791996,769099,12,,
mgard,s3d,stat_planar.1.1000E-03.field.d64,0.0001,7,13492.03,13968.61,-7.734272e-10,1.385467e-07,0.001764749,0.001396971,0.001396971,2335745000000.0,9.082868e-05,0.0,0.0,0.0,5.942858e-14,1375000000,155.9993,2.437798e-07,1.585015e-08,15.36255,1.096437,-0.0177315,15.38028,3.444214,59.47817,10222810015,1.076025,11000000000,11000000000,815296,787480,136,,
mgard,s3d,stat_planar.1.1000E-03.field.d64,0.0001,8,13437.05,13991.97,-7.734272e-10,1.385467e-07,0.001764749,0.001396971,0.001396971,2335745000000.0,9.082868e-05,0.0,0.0,0.0,5.942858e-14,1375000000,155.9993,2.437798e-07,1.585015e-08,15.36255,1.096437,-0.0177315,15.38028,3.444214,59.47817,10222810015,1.076025,11000000000,11000000000,818632,786165,12,,
mgard,s3d,stat_planar.1.1000E-03.field.d64,0.0001,9,13458.08,13950.47,-7.734272e-10,1.385467e-07,0.001764749,0.001396971,0.001396971,2335745000000.0,9.082868e-05,0.0,0.0,0.0,5.942858e-14,1375000000,155.9993,2.437798e-07,1.585015e-08,15.36255,1.096437,-0.0177315,15.38028,3.444214,59.47817,10222810015,1.076025,11000000000,11000000000,817353,788504,140,,
mgard,s3d,stat_planar.1.1000E-03.field.d64,0.0001,10,13389.31,13997.42,-7.734272e-10,1.385467e-07,0.001764749,0.001396971,0.001396971,2335745000000.0,9.082868e-05,0.0,0.0,0.0,5.942858e-14,1375000000,155.9993,2.437798e-07,1.585015e-08,15.36255,1.096437,-0.0177315,15.38028,3.444214,59.47817,10222810015,1.076025,11000000000,11000000000,821551,785859,12,,
