sz,nyx/temperature_2.f32,1.000000e-01,4.780303e+05,0,0.000000e+00,0.000000e+00,5.237983e+03,7.306791e+03,9.560532e+05,4.780290e+05,4.780290e+05,8.844837e+01,9.999974e-02,0.000000e+00,0.000000e+00,0.000000e+00,6.668789e+07,1073741824,5.534864e+01,8.166265e+03,1.708316e-03,4.782584e+06,8.453289e+03,2.280976e+03,4.780303e+06,1.569739e+04,3.182538e-03,427153,1.005487e+04,4294967296,4294967296,1.958301e+01,1.155964e+01,81,9.281317e+03,5.666044e+03
sz,nyx/temperature_2.f32,1.000000e-01,4.780303e+05,1,0.000000e+00,0.000000e+00,5.237983e+03,7.306791e+03,9.560532e+05,4.780290e+05,4.780290e+05,8.844837e+01,9.999974e-02,0.000000e+00,0.000000e+00,0.000000e+00,6.668789e+07,1073741824,5.534864e+01,8.166265e+03,1.708316e-03,4.782584e+06,8.453289e+03,2.280976e+03,4.780303e+06,1.569739e+04,3.182538e-03,427153,1.005487e+04,4294967296,4294967296,1.957480e+01,1.137818e+01,80,9.484429e+03,5.494657e+03
sz,nyx/temperature_2.f32,1.000000e-01,4.780303e+05,2,0.000000e+00,0.000000e+00,5.237983e+03,7.306791e+03,9.560532e+05,4.780290e+05,4.780290e+05,8.844837e+01,9.999974e-02,0.000000e+00,0.000000e+00,0.000000e+00,6.668789e+07,1073741824,5.534864e+01,8.166265e+03,1.708316e-03,4.782584e+06,8.453289e+03,2.280976e+03,4.780303e+06,1.569739e+04,3.182538e-03,427153,1.005487e+04,4294967296,4294967296,1.964281e+01,1.134764e+01,80,9.618451e+03,5.478081e+03
sz,nyx/temperature_2.f32,1.000000e-01,4.780303e+05,3,0.000000e+00,0.000000e+00,5.237983e+03,7.306791e+03,9.560532e+05,4.780290e+05,4.780290e+05,8.844837e+01,9.999974e-02,0.000000e+00,0.000000e+00,0.000000e+00,6.668789e+07,1073741824,5.534864e+01,8.166265e+03,1.708316e-03,4.782584e+06,8.453289e+03,2.280976e+03,4.780303e+06,1.569739e+04,3.182538e-03,427153,1.005487e+04,4294967296,4294967296,1.960200e+01,1.147956e+01,80,9.754001e+03,5.431667e+03
sz,nyx/temperature_2.f32,1.000000e-01,4.780303e+05,4,0.000000e+00,0.000000e+00,5.237983e+03,7.306791e+03,9.560532e+05,4.780290e+05,4.780290e+05,8.844837e+01,9.999974e-02,0.000000e+00,0.000000e+00,0.000000e+00,6.668789e+07,1073741824,5.534864e+01,8.166265e+03,1.708316e-03,4.782584e+06,8.453289e+03,2.280976e+03,4.780303e+06,1.569739e+04,3.182538e-03,427153,1.005487e+04,4294967296,4294967296,1.959485e+01,1.140689e+01,80,9.487835e+03,5.646367e+03
sz,nyx/temperature_2.f32,1.000000e-02,4.780303e+04,0,0.000000e+00,0.000000e+00,-2.214080e+00,8.036052e+02,9.560570e+04,4.780290e+04,4.780290e+04,1.130438e+01,9.999973e-03,0.000000e+00,0.000000e+00,0.000000e+00,1.917144e+06,1073741824,7.076256e+01,1.384610e+03,2.896490e-04,4.782584e+06,8.453289e+03,2.280976e+03,4.780303e+06,1.569739e+04,2.314779e-02,3106844,1.382421e+03,4294967296,4294967296,1.994118e+01,1.166228e+01,76,9.645243e+03,5.701642e+03
sz,nyx/temperature_2.f32,1.000000e-02,4.780303e+04,1,0.000000e+00,0.000000e+00,-2.214080e+00,8.036052e+02,9.560570e+04,4.780290e+04,4.780290e+04,1.130438e+01,9.999973e-03,0.000000e+00,0.000000e+00,0.000000e+00,1.917144e+06,1073741824,7.076256e+01,1.384610e+03,2.896490e-04,4.782584e+06,8.453289e+03,2.280976e+03,4.780303e+06,1.569739e+04,2.314779e-02,3106844,1.382421e+03,4294967296,4294967296,1.987209e+01,1.140903e+01,76,9.519514e+03,5.716692e+03
sz,nyx/temperature_2.f32,1.000000e-02,4.780303e+04,2,0.000000e+00,0.000000e+00,-2.214080e+00,8.036052e+02,9.560570e+04,4.780290e+04,4.780290e+04,1.130438e+01,9.999973e-03,0.000000e+00,0.000000e+00,0.000000e+00,1.917144e+06,1073741824,7.076256e+01,1.384610e+03,2.896490e-04,4.782584e+06,8.453289e+03,2.280976e+03,4.780303e+06,1.569739e+04,2.314779e-02,3106844,1.382421e+03,4294967296,4294967296,1.990188e+01,1.141737e+01,76,9.551845e+03,5.498545e+03
sz,nyx/temperature_2.f32,1.000000e-02,4.780303e+04,3,0.000000e+00,0.000000e+00,-2.214080e+00,8.036052e+02,9.560570e+04,4.780290e+04,4.780290e+04,1.130438e+01,9.999973e-03,0.000000e+00,0.000000e+00,0.000000e+00,1.917144e+06,1073741824,7.076256e+01,1.384610e+03,2.896490e-04,4.782584e+06,8.453289e+03,2.280976e+03,4.780303e+06,1.569739e+04,2.314779e-02,3106844,1.382421e+03,4294967296,4294967296,1.995306e+01,1.140551e+01,76,9.824659e+03,5.493578e+03
sz,nyx/temperature_2.f32,1.000000e-02,4.780303e+04,4,0.000000e+00,0.000000e+00,-2.214080e+00,8.036052e+02,9.560570e+04,4.780290e+04,4.780290e+04,1.130438e+01,9.999973e-03,0.000000e+00,0.000000e+00,0.000000e+00,1.917144e+06,1073741824,7.076256e+01,1.384610e+03,2.896490e-04,4.782584e+06,8.453289e+03,2.280976e+03,4.780303e+06,1.569739e+04,2.314779e-02,3106844,1.382421e+03,4294967296,4294967296,1.989618e+01,1.145141e+01,76,9.850026e+03,5.451487e+03
sz,nyx/temperature_2.f32,1.000000e-03,4.780303e+03,0,0.000000e+00,0.000000e+00,-1.130359e+00,2.309500e+02,9.560605e+03,4.780303e+03,4.780303e+03,1.421085e+00,1.000000e-03,0.000000e+00,0.000000e+00,0.000000e+00,2.258833e+05,1073741824,8.005027e+01,4.752718e+02,9.942296e-05,4.782584e+06,8.453289e+03,2.280976e+03,4.780303e+06,1.569739e+04,9.509569e-02,12763527,3.365032e+02,4294967296,4294967296,2.132863e+01,1.194048e+01,80,1.038451e+04,5.832719e+03
sz,nyx/temperature_2.f32,1.000000e-03,4.780303e+03,1,0.000000e+00,0.000000e+00,-1.130359e+00,2.309500e+02,9.560605e+03,4.780303e+03,4.780303e+03,1.421085e+00,1.000000e-03,0.000000e+00,0.000000e+00,0.000000e+00,2.258833e+05,1073741824,8.005027e+01,4.752718e+02,9.942296e-05,4.782584e+06,8.453289e+03,2.280976e+03,4.780303e+06,1.569739e+04,9.509569e-02,12763527,3.365032e+02,4294967296,4294967296,2.138349e+01,1.167170e+01,80,1.032335e+04,5.870419e+03
sz,nyx/temperature_2.f32,1.000000e-03,4.780303e+03,2,0.000000e+00,0.000000e+00,-1.130359e+00,2.309500e+02,9.560605e+03,4.780303e+03,4.780303e+03,1.421085e+00,1.000000e-03,0.000000e+00,0.000000e+00,0.000000e+00,2.258833e+05,1073741824,8.005027e+01,4.752718e+02,9.942296e-05,4.782584e+06,8.453289e+03,2.280976e+03,4.780303e+06,1.569739e+04,9.509569e-02,12763527,3.365032e+02,4294967296,4294967296,2.149669e+01,1.167482e+01,80,1.035343e+04,5.639687e+03
sz,nyx/temperature_2.f32,1.000000e-03,4.780303e+03,3,0.000000e+00,0.000000e+00,-1.130359e+00,2.309500e+02,9.560605e+03,4.780303e+03,4.780303e+03,1.421085e+00,1.000000e-03,0.000000e+00,0.000000e+00,0.000000e+00,2.258833e+05,1073741824,8.005027e+01,4.752718e+02,9.942296e-05,4.782584e+06,8.453289e+03,2.280976e+03,4.780303e+06,1.569739e+04,9.509569e-02,12763527,3.365032e+02,4294967296,4294967296,2.139175e+01,1.171596e+01,80,1.057395e+04,5.622583e+03
sz,nyx/temperature_2.f32,1.000000e-03,4.780303e+03,4,0.000000e+00,0.000000e+00,-1.130359e+00,2.309500e+02,9.560605e+03,4.780303e+03,4.780303e+03,1.421085e+00,1.000000e-03,0.000000e+00,0.000000e+00,0.000000e+00,2.258833e+05,1073741824,8.005027e+01,4.752718e+02,9.942296e-05,4.782584e+06,8.453289e+03,2.280976e+03,4.780303e+06,1.569739e+04,9.509569e-02,12763527,3.365032e+02,4294967296,4294967296,2.132174e+01,1.171820e+01,80,1.038115e+04,5.839097e+03
sz,nyx/temperature_2.f32,1.000000e-04,4.780303e+02,0,0.000000e+00,0.000000e+00,-3.464497e-01,1.272405e+02,9.560596e+02,4.780298e+02,4.780298e+02,1.886812e-01,9.999990e-05,0.000000e+00,0.000000e+00,0.000000e+00,2.977075e+04,1073741824,8.885121e+01,1.725420e+02,3.609437e-05,4.782584e+06,8.453289e+03,2.280976e+03,4.780303e+06,1.569739e+04,4.779895e-01,64154669,6.694707e+01,4294967296,4294967296,2.149795e+01,1.436177e+01,78,1.027102e+04,7.250982e+03
sz,nyx/temperature_2.f32,1.000000e-04,4.780303e+02,1,0.000000e+00,0.000000e+00,-3.464497e-01,1.272405e+02,9.560596e+02,4.780298e+02,4.780298e+02,1.886812e-01,9.999990e-05,0.000000e+00,0.000000e+00,0.000000e+00,2.977075e+04,1073741824,8.885121e+01,1.725420e+02,3.609437e-05,4.782584e+06,8.453289e+03,2.280976e+03,4.780303e+06,1.569739e+04,4.779895e-01,64154669,6.694707e+01,4294967296,4294967296,2.135882e+01,1.410783e+01,78,1.013461e+04,6.888632e+03
sz,nyx/temperature_2.f32,1.000000e-04,4.780303e+02,2,0.000000e+00,0.000000e+00,-3.464497e-01,1.272405e+02,9.560596e+02,4.780298e+02,4.780298e+02,1.886812e-01,9.999990e-05,0.000000e+00,0.000000e+00,0.000000e+00,2.977075e+04,1073741824,8.885121e+01,1.725420e+02,3.609437e-05,4.782584e+06,8.453289e+03,2.280976e+03,4.780303e+06,1.569739e+04,4.779895e-01,64154669,6.694707e+01,4294967296,4294967296,2.146331e+01,1.409745e+01,78,1.043049e+04,6.766300e+03
sz,nyx/temperature_2.f32,1.000000e-04,4.780303e+02,3,0.000000e+00,0.000000e+00,-3.464497e-01,1.272405e+02,9.560596e+02,4.780298e+02,4.780298e+02,1.886812e-01,9.999990e-05,0.000000e+00,0.000000e+00,0.000000e+00,2.977075e+04,1073741824,8.885121e+01,1.725420e+02,3.609437e-05,4.782584e+06,8.453289e+03,2.280976e+03,4.780303e+06,1.569739e+04,4.779895e-01,64154669,6.694707e+01,4294967296,4294967296,2.146037e+01,1.414836e+01,78,1.067318e+04,6.677925e+03
sz,nyx/temperature_2.f32,1.000000e-04,4.780303e+02,4,0.000000e+00,0.000000e+00,-3.464497e-01,1.272405e+02,9.560596e+02,4.780298e+02,4.780298e+02,1.886812e-01,9.999990e-05,0.000000e+00,0.000000e+00,0.000000e+00,2.977075e+04,1073741824,8.885121e+01,1.725420e+02,3.609437e-05,4.782584e+06,8.453289e+03,2.280976e+03,4.780303e+06,1.569739e+04,4.779895e-01,64154669,6.694707e+01,4294967296,4294967296,2.125736e+01,1.410579e+01,78,1.018859e+04,7.169713e+03
sz,nyx/temperature_2.f32,1.000000e-05,4.780303e+01,0,0.000000e+00,0.000000e+00,-5.941013e-03,2.379454e+01,9.560596e+01,4.780298e+01,4.780298e+01,2.067430e-02,9.999990e-06,0.000000e+00,0.000000e+00,0.000000e+00,7.574278e+02,1073741824,1.047957e+02,2.752141e+01,5.757252e-06,4.782584e+06,8.453289e+03,2.280976e+03,4.780303e+06,1.569739e+04,2.026630e+00,272009653,1.578976e+01,4294967296,4294967296,3.043827e+01,2.391179e+01,72,1.463833e+04,1.177539e+04
sz,nyx/temperature_2.f32,1.000000e-05,4.780303e+01,1,0.000000e+00,0.000000e+00,-5.941013e-03,2.379454e+01,9.560596e+01,4.780298e+01,4.780298e+01,2.067430e-02,9.999990e-06,0.000000e+00,0.000000e+00,0.000000e+00,7.574278e+02,1073741824,1.047957e+02,2.752141e+01,5.757252e-06,4.782584e+06,8.453289e+03,2.280976e+03,4.780303e+06,1.569739e+04,2.026630e+00,272009653,1.578976e+01,4294967296,4294967296,3.036403e+01,2.366652e+01,72,1.474554e+04,1.155111e+04
sz,nyx/temperature_2.f32,1.000000e-05,4.780303e+01,2,0.000000e+00,0.000000e+00,-5.941013e-03,2.379454e+01,9.560596e+01,4.780298e+01,4.780298e+01,2.067430e-02,9.999990e-06,0.000000e+00,0.000000e+00,0.000000e+00,7.574278e+02,1073741824,1.047957e+02,2.752141e+01,5.757252e-06,4.782584e+06,8.453289e+03,2.280976e+03,4.780303e+06,1.569739e+04,2.026630e+00,272009653,1.578976e+01,4294967296,4294967296,3.039380e+01,2.380001e+01,72,1.483594e+04,1.154362e+04
sz,nyx/temperature_2.f32,1.000000e-05,4.780303e+01,3,0.000000e+00,0.000000e+00,-5.941013e-03,2.379454e+01,9.560596e+01,4.780298e+01,4.780298e+01,2.067430e-02,9.999990e-06,0.000000e+00,0.000000e+00,0.000000e+00,7.574278e+02,1073741824,1.047957e+02,2.752141e+01,5.757252e-06,4.782584e+06,8.453289e+03,2.280976e+03,4.780303e+06,1.569739e+04,2.026630e+00,272009653,1.578976e+01,4294967296,4294967296,3.045399e+01,2.366806e+01,72,1.496348e+04,1.136889e+04
sz,nyx/temperature_2.f32,1.000000e-05,4.780303e+01,4,0.000000e+00,0.000000e+00,-5.941013e-03,2.379454e+01,9.560596e+01,4.780298e+01,4.780298e+01,2.067430e-02,9.999990e-06,0.000000e+00,0.000000e+00,0.000000e+00,7.574278e+02,1073741824,1.047957e+02,2.752141e+01,5.757252e-06,4.782584e+06,8.453289e+03,2.280976e+03,4.780303e+06,1.569739e+04,2.026630e+00,272009653,1.578976e+01,4294967296,4294967296,3.044731e+01,2.370628e+01,72,1.497553e+04,1.136695e+04
sz3,nyx/temperature_2.f32,1.000000e-01,4.780303e+05,0,0.000000e+00,0.000000e+00,8.263945e+03,8.370098e+03,9.560452e+05,4.780299e+05,4.780299e+05,7.089046e+01,9.999992e-02,1.269531e-02,7.606968e-07,2.655755e-09,1.046317e+08,1073741824,5.339247e+01,1.022896e+04,2.139815e-03,4.782584e+06,8.453289e+03,2.280976e+03,4.780303e+06,1.569739e+04,1.605824e-04,21553,1.992747e+05,4294967296,4294967296,3.099122e+01,1.730067e+01,72,1.538125e+04,8.171917e+03
sz3,nyx/temperature_2.f32,1.000000e-01,4.780303e+05,1,0.000000e+00,0.000000e+00,8.263945e+03,8.370098e+03,9.560452e+05,4.780299e+05,4.780299e+05,7.089046e+01,9.999992e-02,1.269531e-02,7.606968e-07,2.655755e-09,1.046317e+08,1073741824,5.339247e+01,1.022896e+04,2.139815e-03,4.782584e+06,8.453289e+03,2.280976e+03,4.780303e+06,1.569739e+04,1.605824e-04,21553,1.992747e+05,4294967296,4294967296,2.657550e+01,1.709781e+01,72,1.290445e+04,8.455997e+03
sz3,nyx/temperature_2.f32,1.000000e-01,4.780303e+05,2,0.000000e+00,0.000000e+00,8.263945e+03,8.370098e+03,9.560452e+05,4.780299e+05,4.780299e+05,7.089046e+01,9.999992e-02,1.269531e-02,7.606968e-07,2.655755e-09,1.046317e+08,1073741824,5.339247e+01,1.022896e+04,2.139815e-03,4.782584e+06,8.453289e+03,2.280976e+03,4.780303e+06,1.569739e+04,1.605824e-04,21553,1.992747e+05,4294967296,4294967296,2.662991e+01,1.695640e+01,72,1.272886e+04,8.337980e+03
sz3,nyx/temperature_2.f32,1.000000e-01,4.780303e+05,3,0.000000e+00,0.000000e+00,8.263945e+03,8.370098e+03,9.560452e+05,4.780299e+05,4.780299e+05,7.089046e+01,9.999992e-02,1.269531e-02,7.606968e-07,2.655755e-09,1.046317e+08,1073741824,5.339247e+01,1.022896e+04,2.139815e-03,4.782584e+06,8.453289e+03,2.280976e+03,4.780303e+06,1.569739e+04,1.605824e-04,21553,1.992747e+05,4294967296,4294967296,2.653620e+01,1.698820e+01,72,1.288814e+04,8.163691e+03
sz3,nyx/temperature_2.f32,1.000000e-01,4.780303e+05,4,0.000000e+00,0.000000e+00,8.263945e+03,8.370098e+03,9.560452e+05,4.780299e+05,4.780299e+05,7.089046e+01,9.999992e-02,1.269531e-02,7.606968e-07,2.655755e-09,1.046317e+08,1073741824,5.339247e+01,1.022896e+04,2.139815e-03,4.782584e+06,8.453289e+03,2.280976e+03,4.780303e+06,1.569739e+04,1.605824e-04,21553,1.992747e+05,4294967296,4294967296,2.664532e+01,1.701082e+01,72,1.327790e+04,8.069167e+03
sz3,nyx/temperature_2.f32,1.000000e-02,4.780303e+04,0,0.000000e+00,0.000000e+00,3.088152e+03,6.620156e+03,9.560581e+04,4.780297e+04,4.780297e+04,1.543470e+01,9.999988e-03,0.000000e+00,0.000000e+00,0.000000e+00,6.306907e+07,1073741824,5.559094e+01,7.941604e+03,1.661318e-03,4.782584e+06,8.453289e+03,2.280976e+03,4.780303e+06,1.569739e+04,2.179682e-03,292552,1.468104e+04,4294967296,4294967296,3.149894e+01,1.740816e+01,72,1.570614e+04,8.182006e+03
sz3,nyx/temperature_2.f32,1.000000e-02,4.780303e+04,1,0.000000e+00,0.000000e+00,3.088152e+03,6.620156e+03,9.560581e+04,4.780297e+04,4.780297e+04,1.543470e+01,9.999988e-03,0.000000e+00,0.000000e+00,0.000000e+00,6.306907e+07,1073741824,5.559094e+01,7.941604e+03,1.661318e-03,4.782584e+06,8.453289e+03,2.280976e+03,4.780303e+06,1.569739e+04,2.179682e-03,292552,1.468104e+04,4294967296,4294967296,2.681655e+01,1.719119e+01,72,1.290090e+04,8.845549e+03
sz3,nyx/temperature_2.f32,1.000000e-02,4.780303e+04,2,0.000000e+00,0.000000e+00,3.088152e+03,6.620156e+03,9.560581e+04,4.780297e+04,4.780297e+04,1.543470e+01,9.999988e-03,0.000000e+00,0.000000e+00,0.000000e+00,6.306907e+07,1073741824,5.559094e+01,7.941604e+03,1.661318e-03,4.782584e+06,8.453289e+03,2.280976e+03,4.780303e+06,1.569739e+04,2.179682e-03,292552,1.468104e+04,4294967296,4294967296,2.677724e+01,1.721549e+01,72,1.273151e+04,8.307975e+03
sz3,nyx/temperature_2.f32,1.000000e-02,4.780303e+04,3,0.000000e+00,0.000000e+00,3.088152e+03,6.620156e+03,9.560581e+04,4.780297e+04,4.780297e+04,1.543470e+01,9.999988e-03,0.000000e+00,0.000000e+00,0.000000e+00,6.306907e+07,1073741824,5.559094e+01,7.941604e+03,1.661318e-03,4.782584e+06,8.453289e+03,2.280976e+03,4.780303e+06,1.569739e+04,2.179682e-03,292552,1.468104e+04,4294967296,4294967296,2.702234e+01,1.715763e+01,72,1.342750e+04,8.260665e+03
sz3,nyx/temperature_2.f32,1.000000e-02,4.780303e+04,4,0.000000e+00,0.000000e+00,3.088152e+03,6.620156e+03,9.560581e+04,4.780297e+04,4.780297e+04,1.543470e+01,9.999988e-03,0.000000e+00,0.000000e+00,0.000000e+00,6.306907e+07,1073741824,5.559094e+01,7.941604e+03,1.661318e-03,4.782584e+06,8.453289e+03,2.280976e+03,4.780303e+06,1.569739e+04,2.179682e-03,292552,1.468104e+04,4294967296,4294967296,2.660206e+01,1.720011e+01,72,1.305783e+04,8.498765e+03
sz3,nyx/temperature_2.f32,1.000000e-03,4.780303e+03,0,0.000000e+00,0.000000e+00,-1.491314e+02,8.164892e+02,9.560603e+03,4.780302e+03,4.780302e+03,1.546884e+00,9.999999e-04,0.000000e+00,0.000000e+00,0.000000e+00,1.050570e+06,1073741824,7.337486e+01,1.024973e+03,2.144160e-04,4.782584e+06,8.453289e+03,2.280976e+03,4.780303e+06,1.569739e+04,3.355579e-02,4503782,9.536357e+02,4294967296,4294967296,3.175579e+01,1.721210e+01,74,1.539291e+04,9.030646e+03
sz3,nyx/temperature_2.f32,1.000000e-03,4.780303e+03,1,0.000000e+00,0.000000e+00,-1.491314e+02,8.164892e+02,9.560603e+03,4.780302e+03,4.780302e+03,1.546884e+00,9.999999e-04,0.000000e+00,0.000000e+00,0.000000e+00,1.050570e+06,1073741824,7.337486e+01,1.024973e+03,2.144160e-04,4.782584e+06,8.453289e+03,2.280976e+03,4.780303e+06,1.569739e+04,3.355579e-02,4503782,9.536357e+02,4294967296,4294967296,2.764443e+01,1.689935e+01,74,1.321215e+04,8.156337e+03
sz3,nyx/temperature_2.f32,1.000000e-03,4.780303e+03,2,0.000000e+00,0.000000e+00,-1.491314e+02,8.164892e+02,9.560603e+03,4.780302e+03,4.780302e+03,1.546884e+00,9.999999e-04,0.000000e+00,0.000000e+00,0.000000e+00,1.050570e+06,1073741824,7.337486e+01,1.024973e+03,2.144160e-04,4.782584e+06,8.453289e+03,2.280976e+03,4.780303e+06,1.569739e+04,3.355579e-02,4503782,9.536357e+02,4294967296,4294967296,2.735739e+01,1.704118e+01,74,1.377342e+04,8.112751e+03
sz3,nyx/temperature_2.f32,1.000000e-03,4.780303e+03,3,0.000000e+00,0.000000e+00,-1.491314e+02,8.164892e+02,9.560603e+03,4.780302e+03,4.780302e+03,1.546884e+00,9.999999e-04,0.000000e+00,0.000000e+00,0.000000e+00,1.050570e+06,1073741824,7.337486e+01,1.024973e+03,2.144160e-04,4.782584e+06,8.453289e+03,2.280976e+03,4.780303e+06,1.569739e+04,3.355579e-02,4503782,9.536357e+02,4294967296,4294967296,2.739491e+01,1.694965e+01,74,1.321139e+04,8.714783e+03
sz3,nyx/temperature_2.f32,1.000000e-03,4.780303e+03,4,0.000000e+00,0.000000e+00,-1.491314e+02,8.164892e+02,9.560603e+03,4.780302e+03,4.780302e+03,1.546884e+00,9.999999e-04,0.000000e+00,0.000000e+00,0.000000e+00,1.050570e+06,1073741824,7.337486e+01,1.024973e+03,2.144160e-04,4.782584e+06,8.453289e+03,2.280976e+03,4.780303e+06,1.569739e+04,3.355579e-02,4503782,9.536357e+02,4294967296,4294967296,2.744097e+01,1.701284e+01,74,1.314291e+04,8.202429e+03
sz3,nyx/temperature_2.f32,1.000000e-04,4.780303e+02,0,0.000000e+00,0.000000e+00,-5.037023e+00,1.588911e+02,9.560596e+02,4.780298e+02,4.780298e+02,1.974200e-01,9.999990e-05,0.000000e+00,0.000000e+00,0.000000e+00,4.007443e+04,1073741824,8.756043e+01,2.001860e+02,4.187726e-05,4.782584e+06,8.453289e+03,2.280976e+03,4.780303e+06,1.569739e+04,5.091649e-01,68338960,6.284800e+01,4294967296,4294967296,3.379521e+01,1.846958e+01,72,1.673333e+04,8.871016e+03
sz3,nyx/temperature_2.f32,1.000000e-04,4.780303e+02,1,0.000000e+00,0.000000e+00,-5.037023e+00,1.588911e+02,9.560596e+02,4.780298e+02,4.780298e+02,1.974200e-01,9.999990e-05,0.000000e+00,0.000000e+00,0.000000e+00,4.007443e+04,1073741824,8.756043e+01,2.001860e+02,4.187726e-05,4.782584e+06,8.453289e+03,2.280976e+03,4.780303e+06,1.569739e+04,5.091649e-01,68338960,6.284800e+01,4294967296,4294967296,2.948041e+01,1.819180e+01,72,1.472592e+04,8.714421e+03
sz3,nyx/temperature_2.f32,1.000000e-04,4.780303e+02,2,0.000000e+00,0.000000e+00,-5.037023e+00,1.588911e+02,9.560596e+02,4.780298e+02,4.780298e+02,1.974200e-01,9.999990e-05,0.000000e+00,0.000000e+00,0.000000e+00,4.007443e+04,1073741824,8.756043e+01,2.001860e+02,4.187726e-05,4.782584e+06,8.453289e+03,2.280976e+03,4.780303e+06,1.569739e+04,5.091649e-01,68338960,6.284800e+01,4294967296,4294967296,2.974870e+01,1.828727e+01,72,1.430463e+04,9.225743e+03
sz3,nyx/temperature_2.f32,1.000000e-04,4.780303e+02,3,0.000000e+00,0.000000e+00,-5.037023e+00,1.588911e+02,9.560596e+02,4.780298e+02,4.780298e+02,1.974200e-01,9.999990e-05,0.000000e+00,0.000000e+00,0.000000e+00,4.007443e+04,1073741824,8.756043e+01,2.001860e+02,4.187726e-05,4.782584e+06,8.453289e+03,2.280976e+03,4.780303e+06,1.569739e+04,5.091649e-01,68338960,6.284800e+01,4294967296,4294967296,2.923907e+01,1.814185e+01,72,1.420131e+04,8.749597e+03
sz3,nyx/temperature_2.f32,1.000000e-04,4.780303e+02,4,0.000000e+00,0.000000e+00,-5.037023e+00,1.588911e+02,9.560596e+02,4.780298e+02,4.780298e+02,1.974200e-01,9.999990e-05,0.000000e+00,0.000000e+00,0.000000e+00,4.007443e+04,1073741824,8.756043e+01,2.001860e+02,4.187726e-05,4.782584e+06,8.453289e+03,2.280976e+03,4.780303e+06,1.569739e+04,5.091649e-01,68338960,6.284800e+01,4294967296,4294967296,2.943691e+01,1.822098e+01,72,1.475625e+04,8.744938e+03
sz3,nyx/temperature_2.f32,1.000000e-05,4.780303e+01,0,0.000000e+00,0.000000e+00,1.196888e-03,2.386710e+01,9.560596e+01,4.780298e+01,4.780298e+01,2.026496e-02,9.999990e-06,0.000000e+00,0.000000e+00,0.000000e+00,7.606133e+02,1073741824,1.047775e+02,2.757922e+01,5.769346e-06,4.782584e+06,8.453289e+03,2.280976e+03,4.780303e+06,1.569739e+04,7.345826e-01,98594001,4.356216e+01,4294967296,4294967296,3.995103e+01,1.755462e+01,73,1.955410e+04,8.849249e+03
sz3,nyx/temperature_2.f32,1.000000e-05,4.780303e+01,1,0.000000e+00,0.000000e+00,1.196888e-03,2.386710e+01,9.560596e+01,4.780298e+01,4.780298e+01,2.026496e-02,9.999990e-06,0.000000e+00,0.000000e+00,0.000000e+00,7.606133e+02,1073741824,1.047775e+02,2.757922e+01,5.769346e-06,4.782584e+06,8.453289e+03,2.280976e+03,4.780303e+06,1.569739e+04,6.969362e-01,93541198,4.591525e+01,4294967296,4294967296,3.219761e+01,1.800480e+01,73,1.543061e+04,8.700205e+03
sz3,nyx/temperature_2.f32,1.000000e-05,4.780303e+01,2,0.000000e+00,0.000000e+00,1.196888e-03,2.386710e+01,9.560596e+01,4.780298e+01,4.780298e+01,2.026496e-02,9.999990e-06,0.000000e+00,0.000000e+00,0.000000e+00,7.606133e+02,1073741824,1.047775e+02,2.757922e+01,5.769346e-06,4.782584e+06,8.453289e+03,2.280976e+03,4.780303e+06,1.569739e+04,6.969362e-01,93541198,4.591525e+01,4294967296,4294967296,3.226296e+01,1.798589e+01,73,1.608469e+04,8.710746e+03
sz3,nyx/temperature_2.f32,1.000000e-05,4.780303e+01,3,0.000000e+00,0.000000e+00,1.196888e-03,2.386710e+01,9.560596e+01,4.780298e+01,4.780298e+01,2.026496e-02,9.999990e-06,0.000000e+00,0.000000e+00,0.000000e+00,7.606133e+02,1073741824,1.047775e+02,2.757922e+01,5.769346e-06,4.782584e+06,8.453289e+03,2.280976e+03,4.780303e+06,1.569739e+04,6.969362e-01,93541198,4.591525e+01,4294967296,4294967296,3.213955e+01,1.804801e+01,73,1.569393e+04,9.356094e+03
sz3,nyx/temperature_2.f32,1.000000e-05,4.780303e+01,4,0.000000e+00,0.000000e+00,1.196888e-03,2.386710e+01,9.560596e+01,4.780298e+01,4.780298e+01,2.026496e-02,9.999990e-06,0.000000e+00,0.000000e+00,0.000000e+00,7.606133e+02,1073741824,1.047775e+02,2.757922e+01,5.769346e-06,4.782584e+06,8.453289e+03,2.280976e+03,4.780303e+06,1.569739e+04,6.969362e-01,93541198,4.591525e+01,4294967296,4294967296,3.219076e+01,1.804504e+01,73,1.532245e+04,8.739201e+03
qoz,nyx/temperature_2.f32,1.000000e-01,4.780303e+05,0,0.000000e+00,0.000000e+00,-1.363885e+01,2.008879e+03,9.560416e+05,4.780235e+05,4.780235e+05,7.098389e+01,9.999859e-02,0.000000e+00,0.000000e+00,0.000000e+00,2.204053e+07,1073741824,6.015689e+01,4.694734e+03,9.820998e-04,4.782584e+06,8.453289e+03,2.280976e+03,4.780303e+06,1.569739e+04,1.062199e-03,142566,3.012617e+04,4294967296,4294967296,3.178613e+01,2.008441e+01,78,1.584344e+04,9.702849e+03
qoz,nyx/temperature_2.f32,1.000000e-01,4.780303e+05,1,0.000000e+00,0.000000e+00,9.283439e+00,7.254112e+02,9.560092e+05,4.780052e+05,4.780052e+05,1.795322e+07,8.645502e-02,0.000000e+00,0.000000e+00,0.000000e+00,5.327577e+06,1073741824,6.758755e+01,2.308154e+03,4.174673e-04,5.059446e+06,8.466928e+03,-4.695016e+05,5.528947e+06,1.552965e+04,1.070231e-03,143644,2.990008e+04,4294967296,4294967296,5.170937e+01,3.149665e+01,78,2.565695e+04,1.496814e+04
qoz,nyx/temperature_2.f32,1.000000e-01,4.780303e+05,2,0.000000e+00,0.000000e+00,2.797728e-07,1.524331e-04,1.250000e+00,7.500000e-01,7.500000e-01,2.128081e+00,1.210301e-07,0.000000e+00,0.000000e+00,0.000000e+00,4.164555e-07,1073741824,1.996477e+02,6.453336e-04,1.041397e-10,5.299390e+06,8.457645e+03,-8.974149e+05,6.196805e+06,1.594135e+04,1.070231e-03,143644,2.990008e+04,4294967296,4294967296,5.060638e+01,3.163894e+01,78,2.502915e+04,1.506085e+04
qoz,nyx/temperature_2.f32,1.000000e-01,4.780303e+05,3,0.000000e+00,0.000000e+00,2.797728e-07,1.524331e-04,1.250000e+00,7.500000e-01,7.500000e-01,2.128081e+00,1.210301e-07,0.000000e+00,0.000000e+00,0.000000e+00,4.164555e-07,1073741824,1.996477e+02,6.453336e-04,1.041397e-10,5.299390e+06,8.457645e+03,-8.974149e+05,6.196805e+06,1.594135e+04,1.070231e-03,143644,2.990008e+04,4294967296,4294967296,5.058720e+01,3.336383e+01,78,2.493254e+04,1.598573e+04
qoz,nyx/temperature_2.f32,1.000000e-01,4.780303e+05,4,0.000000e+00,0.000000e+00,2.797728e-07,1.524331e-04,1.250000e+00,7.500000e-01,7.500000e-01,2.128081e+00,1.210301e-07,0.000000e+00,0.000000e+00,0.000000e+00,4.164555e-07,1073741824,1.996477e+02,6.453336e-04,1.041397e-10,5.299390e+06,8.457645e+03,-8.974149e+05,6.196805e+06,1.594135e+04,1.070231e-03,143644,2.990008e+04,4294967296,4294967296,5.082697e+01,3.350417e+01,78,2.506064e+04,1.609206e+04
qoz,nyx/temperature_2.f32,1.000000e-02,4.780303e+04,0,0.000000e+00,0.000000e+00,-2.422328e+02,1.679487e+03,9.560579e+04,4.780299e+04,4.780299e+04,1.371667e+01,9.999992e-03,0.000000e+00,0.000000e+00,0.000000e+00,6.789619e+06,1073741824,6.527065e+01,2.605690e+03,5.450889e-04,4.782584e+06,8.453289e+03,2.280976e+03,4.780303e+06,1.569739e+04,3.860645e-03,518167,8.288770e+03,4294967296,4294967296,2.956190e+01,1.726355e+01,78,1.511137e+04,8.163736e+03
qoz,nyx/temperature_2.f32,1.000000e-02,4.780303e+04,1,0.000000e+00,0.000000e+00,3.941525e+00,7.561687e+02,9.560559e+04,4.780302e+04,4.780302e+04,2.638833e+07,9.816277e-03,0.000000e+00,0.000000e+00,0.000000e+00,2.166806e+06,1073741824,7.039197e+01,1.472007e+03,3.022745e-04,4.826740e+06,8.695522e+03,-4.303071e+04,4.869770e+06,1.563933e+04,4.503950e-03,604510,7.104874e+03,4294967296,4294967296,5.206463e+01,3.547097e+01,78,2.526497e+04,1.749892e+04
qoz,nyx/temperature_2.f32,1.000000e-02,4.780303e+04,2,0.000000e+00,0.000000e+00,2.252478e-07,1.555821e-04,1.500000e+00,7.500000e-01,7.500000e-01,1.509153e+00,1.533728e-07,0.000000e+00,0.000000e+00,0.000000e+00,4.158362e-07,1073741824,1.975970e+02,6.448536e-04,1.318707e-10,4.799992e+06,8.691581e+03,-9.005400e+04,4.890046e+06,1.587356e+04,4.503950e-03,604510,7.104874e+03,4294967296,4294967296,5.111613e+01,3.136223e+01,78,2.476488e+04,1.551052e+04
qoz,nyx/temperature_2.f32,1.000000e-02,4.780303e+04,3,0.000000e+00,0.000000e+00,2.252478e-07,1.555821e-04,1.500000e+00,7.500000e-01,7.500000e-01,1.509153e+00,1.533728e-07,0.000000e+00,0.000000e+00,0.000000e+00,4.158362e-07,1073741824,1.975970e+02,6.448536e-04,1.318707e-10,4.799992e+06,8.691581e+03,-9.005400e+04,4.890046e+06,1.587356e+04,4.503950e-03,604510,7.104874e+03,4294967296,4294967296,5.112109e+01,3.460189e+01,78,2.461211e+04,1.718636e+04
qoz,nyx/temperature_2.f32,1.000000e-02,4.780303e+04,4,0.000000e+00,0.000000e+00,2.252478e-07,1.555821e-04,1.500000e+00,7.500000e-01,7.500000e-01,1.509153e+00,1.533728e-07,0.000000e+00,0.000000e+00,0.000000e+00,4.158362e-07,1073741824,1.975970e+02,6.448536e-04,1.318707e-10,4.799992e+06,8.691581e+03,-9.005400e+04,4.890046e+06,1.587356e+04,4.503950e-03,604510,7.104874e+03,4294967296,4294967296,5.135637e+01,3.374624e+01,78,2.478490e+04,1.750352e+04
qoz,nyx/temperature_2.f32,1.000000e-03,4.780303e+03,0,0.000000e+00,0.000000e+00,-3.623241e+01,4.837960e+02,9.560602e+03,4.780301e+03,4.780301e+03,1.278371e+00,9.999997e-04,0.000000e+00,0.000000e+00,0.000000e+00,4.433822e+05,1073741824,7.712133e+01,6.658695e+02,1.392944e-04,4.782584e+06,8.453289e+03,2.280976e+03,4.780303e+06,1.569739e+04,4.035823e-02,5416790,7.928990e+02,4294967296,4294967296,5.279116e+01,3.264425e+01,77,2.496397e+04,1.645586e+04
qoz,nyx/temperature_2.f32,1.000000e-03,4.780303e+03,1,0.000000e+00,0.000000e+00,6.442683e+01,3.638144e+02,9.560594e+03,4.780297e+03,4.780297e+03,8.431200e+03,9.985137e-04,0.000000e+00,0.000000e+00,0.000000e+00,2.246034e+05,1073741824,8.008785e+01,4.739234e+02,9.899364e-05,4.786442e+06,8.489522e+03,-9.716148e+02,4.787413e+06,1.568708e+04,4.279473e-02,5743812,7.477555e+02,4294967296,4294967296,5.238007e+01,3.181682e+01,77,2.520027e+04,1.566736e+04
qoz,nyx/temperature_2.f32,1.000000e-03,4.780303e+03,2,0.000000e+00,0.000000e+00,-3.681598e-07,1.512396e-04,1.250000e+00,7.500000e-01,7.500000e-01,1.795493e-01,1.565026e-07,0.000000e+00,0.000000e+00,0.000000e+00,3.660899e-07,1073741824,1.979749e+02,6.050537e-04,1.262566e-10,4.787510e+06,8.425095e+03,-4.743374e+03,4.792254e+06,1.572928e+04,4.279473e-02,5743812,7.477555e+02,4294967296,4294967296,5.181250e+01,3.149381e+01,77,2.534041e+04,1.512446e+04
qoz,nyx/temperature_2.f32,1.000000e-03,4.780303e+03,3,0.000000e+00,0.000000e+00,-3.681598e-07,1.512396e-04,1.250000e+00,7.500000e-01,7.500000e-01,1.795493e-01,1.565026e-07,0.000000e+00,0.000000e+00,0.000000e+00,3.660899e-07,1073741824,1.979749e+02,6.050537e-04,1.262566e-10,4.787510e+06,8.425095e+03,-4.743374e+03,4.792254e+06,1.572928e+04,4.279473e-02,5743812,7.477555e+02,4294967296,4294967296,5.264806e+01,3.440039e+01,77,2.625736e+04,1.648372e+04
qoz,nyx/temperature_2.f32,1.000000e-03,4.780303e+03,4,0.000000e+00,0.000000e+00,-3.681598e-07,1.512396e-04,1.250000e+00,7.500000e-01,7.500000e-01,1.795493e-01,1.565026e-07,0.000000e+00,0.000000e+00,0.000000e+00,3.660899e-07,1073741824,1.979749e+02,6.050537e-04,1.262566e-10,4.787510e+06,8.425095e+03,-4.743374e+03,4.792254e+06,1.572928e+04,4.279473e-02,5743812,7.477555e+02,4294967296,4294967296,5.147550e+01,3.430173e+01,77,2.551331e+04,1.635905e+04
qoz,nyx/temperature_2.f32,1.000000e-04,4.780303e+02,0,0.000000e+00,0.000000e+00,6.326613e-01,1.401297e+02,9.562832e+02,4.782500e+02,4.782500e+02,1.872952e-01,1.000460e-04,0.000000e+00,0.000000e+00,0.000000e+00,3.386635e+04,1073741824,8.829142e+01,1.840281e+02,3.849717e-05,4.782584e+06,8.453289e+03,2.280976e+03,4.780303e+06,1.569739e+04,5.140038e-01,68988419,6.225635e+01,4294967296,4294967296,3.135169e+01,1.819713e+01,95,1.560468e+04,9.335051e+03
qoz,nyx/temperature_2.f32,1.000000e-04,4.780303e+02,1,0.000000e+00,0.000000e+00,1.089492e+00,6.837219e+01,9.561016e+02,4.780625e+02,4.780625e+02,2.135816e-01,9.999459e-05,0.000000e+00,0.000000e+00,0.000000e+00,1.149799e+04,1073741824,9.298394e+01,1.072287e+02,2.242863e-05,4.782948e+06,8.452657e+03,2.063944e+03,4.780884e+06,1.569755e+04,5.760493e-01,77316031,5.555080e+01,4294967296,4294967296,5.494626e+01,3.360620e+01,95,2.607535e+04,1.720453e+04
qoz,nyx/temperature_2.f32,1.000000e-04,4.780303e+02,2,0.000000e+00,0.000000e+00,4.822184e-07,1.511053e-04,1.125000e+00,6.250000e-01,6.250000e-01,3.874902e-05,1.307247e-07,0.000000e+00,0.000000e+00,0.000000e+00,3.989434e-07,1073741824,1.975813e+02,6.316197e-04,1.321093e-10,4.782783e+06,8.451567e+03,1.744795e+03,4.781038e+06,1.569940e+04,5.760493e-01,77316031,5.555080e+01,4294967296,4294967296,5.287592e+01,3.379608e+01,95,2.517242e+04,1.715436e+04
qoz,nyx/temperature_2.f32,1.000000e-04,4.780303e+02,3,0.000000e+00,0.000000e+00,4.822184e-07,1.511053e-04,1.125000e+00,6.250000e-01,6.250000e-01,3.874902e-05,1.307247e-07,0.000000e+00,0.000000e+00,0.000000e+00,3.989434e-07,1073741824,1.975813e+02,6.316197e-04,1.321093e-10,4.782783e+06,8.451567e+03,1.744795e+03,4.781038e+06,1.569940e+04,5.760493e-01,77316031,5.555080e+01,4294967296,4294967296,5.278712e+01,3.534642e+01,95,2.528585e+04,1.749610e+04
qoz,nyx/temperature_2.f32,1.000000e-04,4.780303e+02,4,0.000000e+00,0.000000e+00,4.822184e-07,1.511053e-04,1.125000e+00,6.250000e-01,6.250000e-01,3.874902e-05,1.307247e-07,0.000000e+00,0.000000e+00,0.000000e+00,3.989434e-07,1073741824,1.975813e+02,6.316197e-04,1.321093e-10,4.782783e+06,8.451567e+03,1.744795e+03,4.781038e+06,1.569940e+04,5.760493e-01,77316031,5.555080e+01,4294967296,4294967296,5.261873e+01,3.460142e+01,95,2.557771e+04,1.669500e+04
qoz,nyx/temperature_2.f32,1.000000e-05,4.780303e+01,0,0.000000e+00,0.000000e+00,6.568318e-03,2.296785e+01,9.568750e+01,4.787500e+01,4.787500e+01,2.067444e-02,1.001506e-05,0.000000e+00,0.000000e+00,0.000000e+00,7.121293e+02,1073741824,1.050635e+02,2.668575e+01,5.582440e-06,4.782584e+06,8.453289e+03,2.280976e+03,4.780303e+06,1.569739e+04,3.043583e+00,408502825,1.051392e+01,4294967296,4294967296,3.820142e+01,2.470709e+01,79,1.896054e+04,1.185145e+04
qoz,nyx/temperature_2.f32,1.000000e-05,4.780303e+01,1,0.000000e+00,0.000000e+00,2.252514e-01,1.983475e+01,9.568555e+01,4.786719e+01,4.786719e+01,2.057414e-02,1.001330e-05,0.000000e+00,0.000000e+00,0.000000e+00,5.681593e+02,1073741824,1.060445e+02,2.383609e+01,4.986252e-06,4.782602e+06,8.453283e+03,2.239702e+03,4.780363e+06,1.569741e+04,3.124034e+00,419300688,1.024317e+01,4294967296,4294967296,5.656629e+01,3.969381e+01,79,2.833421e+04,1.873143e+04
qoz,nyx/temperature_2.f32,1.000000e-05,4.780303e+01,2,0.000000e+00,0.000000e+00,8.139889e-07,1.515690e-04,1.000000e+00,5.000000e-01,5.000000e-01,1.515850e-05,1.045935e-07,0.000000e+00,0.000000e+00,0.000000e+00,3.559120e-07,1073741824,1.980759e+02,5.965836e-04,1.247976e-10,4.782641e+06,8.453057e+03,2.230110e+03,4.780411e+06,1.569756e+04,3.124034e+00,419300688,1.024317e+01,4294967296,4294967296,5.612605e+01,4.057923e+01,79,2.811829e+04,1.916092e+04
qoz,nyx/temperature_2.f32,1.000000e-05,4.780303e+01,3,0.000000e+00,0.000000e+00,8.139889e-07,1.515690e-04,1.000000e+00,5.000000e-01,5.000000e-01,1.515850e-05,1.045935e-07,0.000000e+00,0.000000e+00,0.000000e+00,3.559120e-07,1073741824,1.980759e+02,5.965836e-04,1.247976e-10,4.782641e+06,8.453057e+03,2.230110e+03,4.780411e+06,1.569756e+04,3.124034e+00,419300688,1.024317e+01,4294967296,4294967296,5.620561e+01,3.918726e+01,79,2.818458e+04,1.846731e+04
qoz,nyx/temperature_2.f32,1.000000e-05,4.780303e+01,4,0.000000e+00,0.000000e+00,8.139889e-07,1.515690e-04,1.000000e+00,5.000000e-01,5.000000e-01,1.515850e-05,1.045935e-07,0.000000e+00,0.000000e+00,0.000000e+00,3.559120e-07,1073741824,1.980759e+02,5.965836e-04,1.247976e-10,4.782641e+06,8.453057e+03,2.230110e+03,4.780411e+06,1.569756e+04,3.124034e+00,419300688,1.024317e+01,4294967296,4294967296,5.611547e+01,3.998872e+01,79,2.816953e+04,1.879175e+04
zfp,nyx/temperature_2.f32,1.000000e-01,4.780303e+05,0,0.000000e+00,0.000000e+00,3.686711e+02,1.259140e+03,7.073517e+04,3.591476e+04,3.591476e+04,5.320746e+00,7.513072e-03,0.000000e+00,0.000000e+00,0.000000e+00,2.467178e+06,1073741824,6.966710e+01,1.570725e+03,3.285828e-04,4.782584e+06,8.453289e+03,2.280976e+03,4.780303e+06,1.569739e+04,2.543866e-01,34143192,1.257928e+02,4294967296,4294967296,7.484951e+00,6.950006e+00,79,3.571068e+03,3.331860e+03
zfp,nyx/temperature_2.f32,1.000000e-01,4.780303e+05,1,0.000000e+00,0.000000e+00,3.686711e+02,1.259140e+03,7.073517e+04,3.591476e+04,3.591476e+04,5.320746e+00,7.513072e-03,0.000000e+00,0.000000e+00,0.000000e+00,2.467178e+06,1073741824,6.966710e+01,1.570725e+03,3.285828e-04,4.782584e+06,8.453289e+03,2.280976e+03,4.780303e+06,1.569739e+04,2.543866e-01,34143192,1.257928e+02,4294967296,4294967296,7.484923e+00,6.711450e+00,79,3.643435e+03,3.555129e+03
zfp,nyx/temperature_2.f32,1.000000e-01,4.780303e+05,2,0.000000e+00,0.000000e+00,3.686711e+02,1.259140e+03,7.073517e+04,3.591476e+04,3.591476e+04,5.320746e+00,7.513072e-03,0.000000e+00,0.000000e+00,0.000000e+00,2.467178e+06,1073741824,6.966710e+01,1.570725e+03,3.285828e-04,4.782584e+06,8.453289e+03,2.280976e+03,4.780303e+06,1.569739e+04,2.543866e-01,34143192,1.257928e+02,4294967296,4294967296,7.532978e+00,6.740293e+00,79,4.071101e+03,3.479635e+03
zfp,nyx/temperature_2.f32,1.000000e-01,4.780303e+05,3,0.000000e+00,0.000000e+00,3.686711e+02,1.259140e+03,7.073517e+04,3.591476e+04,3.591476e+04,5.320746e+00,7.513072e-03,0.000000e+00,0.000000e+00,0.000000e+00,2.467178e+06,1073741824,6.966710e+01,1.570725e+03,3.285828e-04,4.782584e+06,8.453289e+03,2.280976e+03,4.780303e+06,1.569739e+04,2.543866e-01,34143192,1.257928e+02,4294967296,4294967296,7.472282e+00,6.768085e+00,79,3.876694e+03,3.166330e+03
zfp,nyx/temperature_2.f32,1.000000e-01,4.780303e+05,4,0.000000e+00,0.000000e+00,3.686711e+02,1.259140e+03,7.073517e+04,3.591476e+04,3.591476e+04,5.320746e+00,7.513072e-03,0.000000e+00,0.000000e+00,0.000000e+00,2.467178e+06,1073741824,6.966710e+01,1.570725e+03,3.285828e-04,4.782584e+06,8.453289e+03,2.280976e+03,4.780303e+06,1.569739e+04,2.543866e-01,34143192,1.257928e+02,4294967296,4294967296,7.484643e+00,6.718951e+00,79,3.406743e+03,3.214983e+03
zfp,nyx/temperature_2.f32,1.000000e-02,4.780303e+04,0,0.000000e+00,0.000000e+00,-2.019006e+01,2.645417e+02,9.432807e+03,4.779496e+03,4.779496e+03,9.458146e-01,9.998313e-04,0.000000e+00,0.000000e+00,0.000000e+00,1.261066e+05,1073741824,8.258173e+01,3.551149e+02,7.428711e-05,4.782584e+06,8.453289e+03,2.280976e+03,4.780303e+06,1.569739e+04,4.463512e-01,59908248,7.169242e+01,4294967296,4294967296,9.537824e+00,7.374185e+00,75,4.558713e+03,3.540734e+03
zfp,nyx/temperature_2.f32,1.000000e-02,4.780303e+04,1,0.000000e+00,0.000000e+00,-2.019006e+01,2.645417e+02,9.432807e+03,4.779496e+03,4.779496e+03,9.458146e-01,9.998313e-04,0.000000e+00,0.000000e+00,0.000000e+00,1.261066e+05,1073741824,8.258173e+01,3.551149e+02,7.428711e-05,4.782584e+06,8.453289e+03,2.280976e+03,4.780303e+06,1.569739e+04,4.463512e-01,59908248,7.169242e+01,4294967296,4294967296,9.536533e+00,7.140093e+00,75,4.556247e+03,3.429803e+03
zfp,nyx/temperature_2.f32,1.000000e-02,4.780303e+04,2,0.000000e+00,0.000000e+00,-2.019006e+01,2.645417e+02,9.432807e+03,4.779496e+03,4.779496e+03,9.458146e-01,9.998313e-04,0.000000e+00,0.000000e+00,0.000000e+00,1.261066e+05,1073741824,8.258173e+01,3.551149e+02,7.428711e-05,4.782584e+06,8.453289e+03,2.280976e+03,4.780303e+06,1.569739e+04,4.463512e-01,59908248,7.169242e+01,4294967296,4294967296,9.733541e+00,7.155255e+00,75,4.675795e+03,3.843770e+03
zfp,nyx/temperature_2.f32,1.000000e-02,4.780303e+04,3,0.000000e+00,0.000000e+00,-2.019006e+01,2.645417e+02,9.432807e+03,4.779496e+03,4.779496e+03,9.458146e-01,9.998313e-04,0.000000e+00,0.000000e+00,0.000000e+00,1.261066e+05,1073741824,8.258173e+01,3.551149e+02,7.428711e-05,4.782584e+06,8.453289e+03,2.280976e+03,4.780303e+06,1.569739e+04,4.463512e-01,59908248,7.169242e+01,4294967296,4294967296,9.559779e+00,7.151795e+00,75,5.147506e+03,3.613111e+03
zfp,nyx/temperature_2.f32,1.000000e-02,4.780303e+04,4,0.000000e+00,0.000000e+00,-2.019006e+01,2.645417e+02,9.432807e+03,4.779496e+03,4.779496e+03,9.458146e-01,9.998313e-04,0.000000e+00,0.000000e+00,0.000000e+00,1.261066e+05,1073741824,8.258173e+01,3.551149e+02,7.428711e-05,4.782584e+06,8.453289e+03,2.280976e+03,4.780303e+06,1.569739e+04,4.463512e-01,59908248,7.169242e+01,4294967296,4294967296,9.517947e+00,7.188592e+00,75,4.816602e+03,3.300550e+03
zfp,nyx/temperature_2.f32,1.000000e-03,4.780303e+03,0,0.000000e+00,0.000000e+00,2.656453e+00,5.870728e+01,1.253700e+03,6.370605e+02,6.370605e+02,1.452841e-01,1.332678e-04,0.000000e+00,0.000000e+00,0.000000e+00,5.738264e+03,1073741824,9.600130e+01,7.575133e+01,1.584656e-05,4.782584e+06,8.453289e+03,2.280976e+03,4.780303e+06,1.569739e+04,1.265117e+00,169801152,2.529410e+01,4294967296,4294967296,1.240344e+01,8.823975e+00,73,5.936260e+03,4.241418e+03
zfp,nyx/temperature_2.f32,1.000000e-03,4.780303e+03,1,0.000000e+00,0.000000e+00,2.656453e+00,5.870728e+01,1.253700e+03,6.370605e+02,6.370605e+02,1.452841e-01,1.332678e-04,0.000000e+00,0.000000e+00,0.000000e+00,5.738264e+03,1073741824,9.600130e+01,7.575133e+01,1.584656e-05,4.782584e+06,8.453289e+03,2.280976e+03,4.780303e+06,1.569739e+04,1.265117e+00,169801152,2.529410e+01,4294967296,4294967296,1.237460e+01,8.561545e+00,73,5.920239e+03,4.115612e+03
zfp,nyx/temperature_2.f32,1.000000e-03,4.780303e+03,2,0.000000e+00,0.000000e+00,2.656453e+00,5.870728e+01,1.253700e+03,6.370605e+02,6.370605e+02,1.452841e-01,1.332678e-04,0.000000e+00,0.000000e+00,0.000000e+00,5.738264e+03,1073741824,9.600130e+01,7.575133e+01,1.584656e-05,4.782584e+06,8.453289e+03,2.280976e+03,4.780303e+06,1.569739e+04,1.265117e+00,169801152,2.529410e+01,4294967296,4294967296,1.236922e+01,8.582468e+00,73,5.927644e+03,4.577282e+03
zfp,nyx/temperature_2.f32,1.000000e-03,4.780303e+03,3,0.000000e+00,0.000000e+00,2.656453e+00,5.870728e+01,1.253700e+03,6.370605e+02,6.370605e+02,1.452841e-01,1.332678e-04,0.000000e+00,0.000000e+00,0.000000e+00,5.738264e+03,1073741824,9.600130e+01,7.575133e+01,1.584656e-05,4.782584e+06,8.453289e+03,2.280976e+03,4.780303e+06,1.569739e+04,1.265117e+00,169801152,2.529410e+01,4294967296,4294967296,1.238527e+01,8.637328e+00,73,6.672523e+03,4.364066e+03
zfp,nyx/temperature_2.f32,1.000000e-03,4.780303e+03,4,0.000000e+00,0.000000e+00,2.656453e+00,5.870728e+01,1.253700e+03,6.370605e+02,6.370605e+02,1.452841e-01,1.332678e-04,0.000000e+00,0.000000e+00,0.000000e+00,5.738264e+03,1073741824,9.600130e+01,7.575133e+01,1.584656e-05,4.782584e+06,8.453289e+03,2.280976e+03,4.780303e+06,1.569739e+04,1.265117e+00,169801152,2.529410e+01,4294967296,4294967296,1.237565e+01,8.574783e+00,73,5.770648e+03,4.056386e+03
zfp,nyx/temperature_2.f32,1.000000e-04,4.780303e+02,0,0.000000e+00,0.000000e+00,1.661097e-01,5.621530e+00,8.038867e+01,4.058398e+01,4.058398e+01,1.192168e-02,8.489836e-06,0.000000e+00,0.000000e+00,0.000000e+00,5.093142e+01,1073741824,1.165192e+02,7.136626e+00,1.492923e-06,4.782584e+06,8.453289e+03,2.280976e+03,4.780303e+06,1.569739e+04,3.985878e+00,534975536,8.028343e+00,4294967296,4294967296,1.682931e+01,1.231594e+01,72,8.047179e+03,5.905035e+03
zfp,nyx/temperature_2.f32,1.000000e-04,4.780303e+02,1,0.000000e+00,0.000000e+00,1.661097e-01,5.621530e+00,8.038867e+01,4.058398e+01,4.058398e+01,1.192168e-02,8.489836e-06,0.000000e+00,0.000000e+00,0.000000e+00,5.093142e+01,1073741824,1.165192e+02,7.136626e+00,1.492923e-06,4.782584e+06,8.453289e+03,2.280976e+03,4.780303e+06,1.569739e+04,3.985878e+00,534975536,8.028343e+00,4294967296,4294967296,1.671768e+01,1.208408e+01,72,8.173265e+03,6.440805e+03
zfp,nyx/temperature_2.f32,1.000000e-04,4.780303e+02,2,0.000000e+00,0.000000e+00,1.661097e-01,5.621530e+00,8.038867e+01,4.058398e+01,4.058398e+01,1.192168e-02,8.489836e-06,0.000000e+00,0.000000e+00,0.000000e+00,5.093142e+01,1073741824,1.165192e+02,7.136626e+00,1.492923e-06,4.782584e+06,8.453289e+03,2.280976e+03,4.780303e+06,1.569739e+04,3.985878e+00,534975536,8.028343e+00,4294967296,4294967296,1.674532e+01,1.207518e+01,72,8.670985e+03,5.634953e+03
zfp,nyx/temperature_2.f32,1.000000e-04,4.780303e+02,3,0.000000e+00,0.000000e+00,1.661097e-01,5.621530e+00,8.038867e+01,4.058398e+01,4.058398e+01,1.192168e-02,8.489836e-06,0.000000e+00,0.000000e+00,0.000000e+00,5.093142e+01,1073741824,1.165192e+02,7.136626e+00,1.492923e-06,4.782584e+06,8.453289e+03,2.280976e+03,4.780303e+06,1.569739e+04,3.985878e+00,534975536,8.028343e+00,4294967296,4294967296,1.672737e+01,1.208927e+01,72,7.938543e+03,5.797408e+03
zfp,nyx/temperature_2.f32,1.000000e-04,4.780303e+02,4,0.000000e+00,0.000000e+00,1.661097e-01,5.621530e+00,8.038867e+01,4.058398e+01,4.058398e+01,1.192168e-02,8.489836e-06,0.000000e+00,0.000000e+00,0.000000e+00,5.093142e+01,1073741824,1.165192e+02,7.136626e+00,1.492923e-06,4.782584e+06,8.453289e+03,2.280976e+03,4.780303e+06,1.569739e+04,3.985878e+00,534975536,8.028343e+00,4294967296,4294967296,1.669892e+01,1.208875e+01,72,7.986308e+03,5.795399e+03
zfp,nyx/temperature_2.f32,1.000000e-05,4.780303e+01,0,0.000000e+00,0.000000e+00,-2.075311e-02,7.259576e-01,1.036621e+01,5.186523e+00,5.186523e+00,1.554259e-03,1.084978e-06,0.000000e+00,0.000000e+00,0.000000e+00,8.484935e-01,1073741824,1.343026e+02,9.211371e-01,1.926943e-07,4.782584e+06,8.453289e+03,2.280976e+03,4.780303e+06,1.569739e+04,6.842126e+00,918334592,4.676909e+00,4294967296,4294967296,1.946276e+01,1.486951e+01,95,1.020406e+04,7.399042e+03
zfp,nyx/temperature_2.f32,1.000000e-05,4.780303e+01,1,0.000000e+00,0.000000e+00,-2.075311e-02,7.259576e-01,1.036621e+01,5.186523e+00,5.186523e+00,1.554259e-03,1.084978e-06,0.000000e+00,0.000000e+00,0.000000e+00,8.484935e-01,1073741824,1.343026e+02,9.211371e-01,1.926943e-07,4.782584e+06,8.453289e+03,2.280976e+03,4.780303e+06,1.569739e+04,6.842126e+00,918334592,4.676909e+00,4294967296,4294967296,1.927870e+01,1.468968e+01,95,9.003549e+03,6.999958e+03
zfp,nyx/temperature_2.f32,1.000000e-05,4.780303e+01,2,0.000000e+00,0.000000e+00,-2.075311e-02,7.259576e-01,1.036621e+01,5.186523e+00,5.186523e+00,1.554259e-03,1.084978e-06,0.000000e+00,0.000000e+00,0.000000e+00,8.484935e-01,1073741824,1.343026e+02,9.211371e-01,1.926943e-07,4.782584e+06,8.453289e+03,2.280976e+03,4.780303e+06,1.569739e+04,6.842126e+00,918334592,4.676909e+00,4294967296,4294967296,1.924657e+01,1.469821e+01,95,9.143231e+03,7.315312e+03
zfp,nyx/temperature_2.f32,1.000000e-05,4.780303e+01,3,0.000000e+00,0.000000e+00,-2.075311e-02,7.259576e-01,1.036621e+01,5.186523e+00,5.186523e+00,1.554259e-03,1.084978e-06,0.000000e+00,0.000000e+00,0.000000e+00,8.484935e-01,1073741824,1.343026e+02,9.211371e-01,1.926943e-07,4.782584e+06,8.453289e+03,2.280976e+03,4.780303e+06,1.569739e+04,6.842126e+00,918334592,4.676909e+00,4294967296,4294967296,1.925805e+01,1.465002e+01,95,1.013451e+04,7.291289e+03
zfp,nyx/temperature_2.f32,1.000000e-05,4.780303e+01,4,0.000000e+00,0.000000e+00,-2.075311e-02,7.259576e-01,1.036621e+01,5.186523e+00,5.186523e+00,1.554259e-03,1.084978e-06,0.000000e+00,0.000000e+00,0.000000e+00,8.484935e-01,1073741824,1.343026e+02,9.211371e-01,1.926943e-07,4.782584e+06,8.453289e+03,2.280976e+03,4.780303e+06,1.569739e+04,6.842126e+00,918334592,4.676909e+00,4294967296,4294967296,1.926407e+01,1.483057e+01,95,8.993899e+03,7.088550e+03
sz,nyx/temperature_3.f32,1.000000e-01,4.780303e+05,0,0.000000e+00,0.000000e+00,5.262749e+03,7.215750e+03,9.560468e+05,4.780288e+05,4.780288e+05,6.796819e+01,9.999969e-02,0.000000e+00,0.000000e+00,0.000000e+00,6.179006e+07,3623878656,5.567992e+01,7.860666e+03,1.644387e-03,4.782584e+06,8.453289e+03,2.280976e+03,4.780303e+06,1.569739e+04,2.258162e-03,1022913,1.417082e+04,14495514624,14495514624,6.541586e+01,4.131379e+01,89,3.284700e+04,1.984379e+04
sz,nyx/temperature_3.f32,1.000000e-01,4.780303e+05,1,0.000000e+00,0.000000e+00,5.262749e+03,7.215750e+03,9.560468e+05,4.780288e+05,4.780288e+05,6.796819e+01,9.999969e-02,0.000000e+00,0.000000e+00,0.000000e+00,6.179006e+07,3623878656,5.567992e+01,7.860666e+03,1.644387e-03,4.782584e+06,8.453289e+03,2.280976e+03,4.780303e+06,1.569739e+04,2.258162e-03,1022913,1.417082e+04,14495514624,14495514624,6.500642e+01,4.107059e+01,89,3.244999e+04,1.977957e+04
sz,nyx/temperature_3.f32,1.000000e-01,4.780303e+05,2,0.000000e+00,0.000000e+00,5.262749e+03,7.215750e+03,9.560468e+05,4.780288e+05,4.780288e+05,6.796819e+01,9.999969e-02,0.000000e+00,0.000000e+00,0.000000e+00,6.179006e+07,3623878656,5.567992e+01,7.860666e+03,1.644387e-03,4.782584e+06,8.453289e+03,2.280976e+03,4.780303e+06,1.569739e+04,2.258162e-03,1022913,1.417082e+04,14495514624,14495514624,6.474544e+01,4.142045e+01,89,3.249182e+04,1.993531e+04
sz,nyx/temperature_3.f32,1.000000e-01,4.780303e+05,3,0.000000e+00,0.000000e+00,5.262749e+03,7.215750e+03,9.560468e+05,4.780288e+05,4.780288e+05,6.796819e+01,9.999969e-02,0.000000e+00,0.000000e+00,0.000000e+00,6.179006e+07,3623878656,5.567992e+01,7.860666e+03,1.644387e-03,4.782584e+06,8.453289e+03,2.280976e+03,4.780303e+06,1.569739e+04,2.258162e-03,1022913,1.417082e+04,14495514624,14495514624,6.485568e+01,4.150667e+01,89,3.236134e+04,2.018440e+04
sz,nyx/temperature_3.f32,1.000000e-01,4.780303e+05,4,0.000000e+00,0.000000e+00,5.262749e+03,7.215750e+03,9.560468e+05,4.780288e+05,4.780288e+05,6.796819e+01,9.999969e-02,0.000000e+00,0.000000e+00,0.000000e+00,6.179006e+07,3623878656,5.567992e+01,7.860666e+03,1.644387e-03,4.782584e+06,8.453289e+03,2.280976e+03,4.780303e+06,1.569739e+04,2.258162e-03,1022913,1.417082e+04,14495514624,14495514624,6.465181e+01,4.129072e+01,89,3.194321e+04,2.048221e+04
sz,nyx/temperature_3.f32,1.000000e-02,4.780303e+04,0,0.000000e+00,0.000000e+00,-1.309239e+00,7.318097e+02,9.560577e+04,4.780297e+04,4.780297e+04,9.953221e+00,9.999988e-03,0.000000e+00,0.000000e+00,0.000000e+00,1.355226e+06,3623878656,7.226899e+01,1.164142e+03,2.435289e-04,4.782584e+06,8.453289e+03,2.280976e+03,4.780303e+06,1.569739e+04,1.480400e-02,6705986,2.161578e+03,14495514624,14495514624,6.588735e+01,4.105891e+01,81,3.319756e+04,1.986772e+04
sz,nyx/temperature_3.f32,1.000000e-02,4.780303e+04,1,0.000000e+00,0.000000e+00,-1.309239e+00,7.318097e+02,9.560577e+04,4.780297e+04,4.780297e+04,9.953221e+00,9.999988e-03,0.000000e+00,0.000000e+00,0.000000e+00,1.355226e+06,3623878656,7.226899e+01,1.164142e+03,2.435289e-04,4.782584e+06,8.453289e+03,2.280976e+03,4.780303e+06,1.569739e+04,1.480400e-02,6705986,2.161578e+03,14495514624,14495514624,6.570652e+01,4.139177e+01,81,3.285463e+04,2.060018e+04
sz,nyx/temperature_3.f32,1.000000e-02,4.780303e+04,2,0.000000e+00,0.000000e+00,-1.309239e+00,7.318097e+02,9.560577e+04,4.780297e+04,4.780297e+04,9.953221e+00,9.999988e-03,0.000000e+00,0.000000e+00,0.000000e+00,1.355226e+06,3623878656,7.226899e+01,1.164142e+03,2.435289e-04,4.782584e+06,8.453289e+03,2.280976e+03,4.780303e+06,1.569739e+04,1.480400e-02,6705986,2.161578e+03,14495514624,14495514624,6.559470e+01,4.145853e+01,81,3.187199e+04,2.152007e+04
sz,nyx/temperature_3.f32,1.000000e-02,4.780303e+04,3,0.000000e+00,0.000000e+00,-1.309239e+00,7.318097e+02,9.560577e+04,4.780297e+04,4.780297e+04,9.953221e+00,9.999988e-03,0.000000e+00,0.000000e+00,0.000000e+00,1.355226e+06,3623878656,7.226899e+01,1.164142e+03,2.435289e-04,4.782584e+06,8.453289e+03,2.280976e+03,4.780303e+06,1.569739e+04,1.480400e-02,6705986,2.161578e+03,14495514624,14495514624,6.573006e+01,4.149199e+01,81,3.140252e+04,2.158714e+04
sz,nyx/temperature_3.f32,1.000000e-02,4.780303e+04,4,0.000000e+00,0.000000e+00,-1.309239e+00,7.318097e+02,9.560577e+04,4.780297e+04,4.780297e+04,9.953221e+00,9.999988e-03,0.000000e+00,0.000000e+00,0.000000e+00,1.355226e+06,3623878656,7.226899e+01,1.164142e+03,2.435289e-04,4.782584e+06,8.453289e+03,2.280976e+03,4.780303e+06,1.569739e+04,1.480400e-02,6705986,2.161578e+03,14495514624,14495514624,6.568335e+01,4.124524e+01,81,3.164285e+04,2.096088e+04
sz,nyx/temperature_3.f32,1.000000e-03,4.780303e+03,0,0.000000e+00,0.000000e+00,-2.589392e-01,1.894863e+02,9.560605e+03,4.780303e+03,4.780303e+03,1.425411e+00,1.000000e-03,0.000000e+00,0.000000e+00,0.000000e+00,1.527321e+05,3623878656,8.174981e+01,3.908095e+02,8.175414e-05,4.782584e+06,8.453289e+03,2.280976e+03,4.780303e+06,1.569739e+04,6.959174e-02,31524002,4.598247e+02,14495514624,14495514624,6.910816e+01,4.142837e+01,81,3.284936e+04,2.160343e+04
sz,nyx/temperature_3.f32,1.000000e-03,4.780303e+03,1,0.000000e+00,0.000000e+00,-2.589392e-01,1.894863e+02,9.560605e+03,4.780303e+03,4.780303e+03,1.425411e+00,1.000000e-03,0.000000e+00,0.000000e+00,0.000000e+00,1.527321e+05,3623878656,8.174981e+01,3.908095e+02,8.175414e-05,4.782584e+06,8.453289e+03,2.280976e+03,4.780303e+06,1.569739e+04,6.959174e-02,31524002,4.598247e+02,14495514624,14495514624,6.911567e+01,4.156399e+01,81,3.321345e+04,2.108907e+04
sz,nyx/temperature_3.f32,1.000000e-03,4.780303e+03,2,0.000000e+00,0.000000e+00,-2.589392e-01,1.894863e+02,9.560605e+03,4.780303e+03,4.780303e+03,1.425411e+00,1.000000e-03,0.000000e+00,0.000000e+00,0.000000e+00,1.527321e+05,3623878656,8.174981e+01,3.908095e+02,8.175414e-05,4.782584e+06,8.453289e+03,2.280976e+03,4.780303e+06,1.569739e+04,6.959174e-02,31524002,4.598247e+02,14495514624,14495514624,6.985300e+01,4.153735e+01,90,3.408978e+04,2.015813e+04
sz,nyx/temperature_3.f32,1.000000e-03,4.780303e+03,3,0.000000e+00,0.000000e+00,-2.589392e-01,1.894863e+02,9.560605e+03,4.780303e+03,4.780303e+03,1.425411e+00,1.000000e-03,0.000000e+00,0.000000e+00,0.000000e+00,1.527321e+05,3623878656,8.174981e+01,3.908095e+02,8.175414e-05,4.782584e+06,8.453289e+03,2.280976e+03,4.780303e+06,1.569739e+04,6.959174e-02,31524002,4.598247e+02,14495514624,14495514624,7.017564e+01,4.152759e+01,90,3.529012e+04,2.004067e+04
sz,nyx/temperature_3.f32,1.000000e-03,4.780303e+03,4,0.000000e+00,0.000000e+00,-2.589392e-01,1.894863e+02,9.560605e+03,4.780303e+03,4.780303e+03,1.425411e+00,1.000000e-03,0.000000e+00,0.000000e+00,0.000000e+00,1.527321e+05,3623878656,8.174981e+01,3.908095e+02,8.175414e-05,4.782584e+06,8.453289e+03,2.280976e+03,4.780303e+06,1.569739e+04,6.959174e-02,31524002,4.598247e+02,14495514624,14495514624,7.028222e+01,4.153334e+01,90,3.571721e+04,1.997691e+04
sz,nyx/temperature_3.f32,1.000000e-04,4.780303e+02,0,0.000000e+00,0.000000e+00,-2.739510e-01,1.082069e+02,9.560596e+02,4.780298e+02,4.780298e+02,1.708199e-01,9.999990e-05,0.000000e+00,0.000000e+00,0.000000e+00,2.363653e+04,3623878656,8.985327e+01,1.537418e+02,3.216151e-05,4.782584e+06,8.453289e+03,2.280976e+03,4.780303e+06,1.569739e+04,3.366485e-01,152496644,9.505465e+01,14495514624,14495514624,6.854222e+01,4.562501e+01,80,3.483791e+04,2.208693e+04
sz,nyx/temperature_3.f32,1.000000e-04,4.780303e+02,1,0.000000e+00,0.000000e+00,-2.739510e-01,1.082069e+02,9.560596e+02,4.780298e+02,4.780298e+02,1.708199e-01,9.999990e-05,0.000000e+00,0.000000e+00,0.000000e+00,2.363653e+04,3623878656,8.985327e+01,1.537418e+02,3.216151e-05,4.782584e+06,8.453289e+03,2.280976e+03,4.780303e+06,1.569739e+04,3.366485e-01,152496644,9.505465e+01,14495514624,14495514624,6.939737e+01,4.560916e+01,80,3.561622e+04,2.193225e+04
sz,nyx/temperature_3.f32,1.000000e-04,4.780303e+02,2,0.000000e+00,0.000000e+00,-2.739510e-01,1.082069e+02,9.560596e+02,4.780298e+02,4.780298e+02,1.708199e-01,9.999990e-05,0.000000e+00,0.000000e+00,0.000000e+00,2.363653e+04,3623878656,8.985327e+01,1.537418e+02,3.216151e-05,4.782584e+06,8.453289e+03,2.280976e+03,4.780303e+06,1.569739e+04,3.366485e-01,152496644,9.505465e+01,14495514624,14495514624,6.849429e+01,4.570653e+01,80,3.441331e+04,2.240739e+04
sz,nyx/temperature_3.f32,1.000000e-04,4.780303e+02,3,0.000000e+00,0.000000e+00,-2.739510e-01,1.082069e+02,9.560596e+02,4.780298e+02,4.780298e+02,1.708199e-01,9.999990e-05,0.000000e+00,0.000000e+00,0.000000e+00,2.363653e+04,3623878656,8.985327e+01,1.537418e+02,3.216151e-05,4.782584e+06,8.453289e+03,2.280976e+03,4.780303e+06,1.569739e+04,3.366485e-01,152496644,9.505465e+01,14495514624,14495514624,6.828947e+01,4.631009e+01,80,3.319564e+04,2.420375e+04
sz,nyx/temperature_3.f32,1.000000e-04,4.780303e+02,4,0.000000e+00,0.000000e+00,-2.739510e-01,1.082069e+02,9.560596e+02,4.780298e+02,4.780298e+02,1.708199e-01,9.999990e-05,0.000000e+00,0.000000e+00,0.000000e+00,2.363653e+04,3623878656,8.985327e+01,1.537418e+02,3.216151e-05,4.782584e+06,8.453289e+03,2.280976e+03,4.780303e+06,1.569739e+04,3.366485e-01,152496644,9.505465e+01,14495514624,14495514624,6.828668e+01,4.585478e+01,80,3.249519e+04,2.393831e+04
sz,nyx/temperature_3.f32,1.000000e-05,4.780303e+01,0,0.000000e+00,0.000000e+00,-6.133368e-04,2.349586e+01,9.560596e+01,4.780298e+01,4.780298e+01,2.055215e-02,9.999990e-06,0.000000e+00,0.000000e+00,0.000000e+00,7.428846e+02,3623878656,1.048799e+02,2.725591e+01,5.701712e-06,4.782584e+06,8.453289e+03,2.280976e+03,4.780303e+06,1.569739e+04,1.700398e+00,770254421,1.881913e+01,14495514624,14495514624,9.854184e+01,7.276284e+01,73,4.849597e+04,3.545849e+04
sz,nyx/temperature_3.f32,1.000000e-05,4.780303e+01,1,0.000000e+00,0.000000e+00,-6.133368e-04,2.349586e+01,9.560596e+01,4.780298e+01,4.780298e+01,2.055215e-02,9.999990e-06,0.000000e+00,0.000000e+00,0.000000e+00,7.428846e+02,3623878656,1.048799e+02,2.725591e+01,5.701712e-06,4.782584e+06,8.453289e+03,2.280976e+03,4.780303e+06,1.569739e+04,1.700398e+00,770254421,1.881913e+01,14495514624,14495514624,9.844427e+01,7.287180e+01,73,4.921433e+04,3.492499e+04
sz,nyx/temperature_3.f32,1.000000e-05,4.780303e+01,2,0.000000e+00,0.000000e+00,-6.133368e-04,2.349586e+01,9.560596e+01,4.780298e+01,4.780298e+01,2.055215e-02,9.999990e-06,0.000000e+00,0.000000e+00,0.000000e+00,7.428846e+02,3623878656,1.048799e+02,2.725591e+01,5.701712e-06,4.782584e+06,8.453289e+03,2.280976e+03,4.780303e+06,1.569739e+04,1.700398e+00,770254421,1.881913e+01,14495514624,14495514624,9.912298e+01,7.300826e+01,73,4.954922e+04,3.711309e+04
sz,nyx/temperature_3.f32,1.000000e-05,4.780303e+01,3,0.000000e+00,0.000000e+00,-6.133368e-04,2.349586e+01,9.560596e+01,4.780298e+01,4.780298e+01,2.055215e-02,9.999990e-06,0.000000e+00,0.000000e+00,0.000000e+00,7.428846e+02,3623878656,1.048799e+02,2.725591e+01,5.701712e-06,4.782584e+06,8.453289e+03,2.280976e+03,4.780303e+06,1.569739e+04,1.700398e+00,770254421,1.881913e+01,14495514624,14495514624,9.908021e+01,7.303077e+01,73,4.757129e+04,3.732227e+04
sz,nyx/temperature_3.f32,1.000000e-05,4.780303e+01,4,0.000000e+00,0.000000e+00,-6.133368e-04,2.349586e+01,9.560596e+01,4.780298e+01,4.780298e+01,2.055215e-02,9.999990e-06,0.000000e+00,0.000000e+00,0.000000e+00,7.428846e+02,3623878656,1.048799e+02,2.725591e+01,5.701712e-06,4.782584e+06,8.453289e+03,2.280976e+03,4.780303e+06,1.569739e+04,1.700398e+00,770254421,1.881913e+01,14495514624,14495514624,9.868591e+01,7.281001e+01,73,4.872527e+04,3.576542e+04
sz3,nyx/temperature_3.f32,1.000000e-01,4.780303e+05,0,0.000000e+00,0.000000e+00,8.259501e+03,8.365823e+03,9.560451e+05,4.780280e+05,4.780280e+05,8.607951e+01,9.999953e-02,6.835938e-03,6.644301e-07,1.430022e-09,1.028866e+08,3623878656,5.346552e+01,1.014331e+04,2.121896e-03,4.782584e+06,8.453289e+03,2.280976e+03,4.780303e+06,1.569739e+04,1.108249e-04,50202,2.887438e+05,14495514624,14495514624,1.037796e+02,5.604795e+01,72,5.196866e+04,2.703881e+04
sz3,nyx/temperature_3.f32,1.000000e-01,4.780303e+05,1,0.000000e+00,0.000000e+00,8.259501e+03,8.365823e+03,9.560451e+05,4.780280e+05,4.780280e+05,8.607951e+01,9.999953e-02,6.835938e-03,6.644301e-07,1.430022e-09,1.028866e+08,3623878656,5.346552e+01,1.014331e+04,2.121896e-03,4.782584e+06,8.453289e+03,2.280976e+03,4.780303e+06,1.569739e+04,1.108249e-04,50202,2.887438e+05,14495514624,14495514624,9.012021e+01,5.600445e+01,72,4.556512e+04,2.693475e+04
sz3,nyx/temperature_3.f32,1.000000e-01,4.780303e+05,2,0.000000e+00,0.000000e+00,8.259501e+03,8.365823e+03,9.560451e+05,4.780280e+05,4.780280e+05,8.607951e+01,9.999953e-02,6.835938e-03,6.644301e-07,1.430022e-09,1.028866e+08,3623878656,5.346552e+01,1.014331e+04,2.121896e-03,4.782584e+06,8.453289e+03,2.280976e+03,4.780303e+06,1.569739e+04,1.108249e-04,50202,2.887438e+05,14495514624,14495514624,9.003054e+01,5.640354e+01,72,4.549759e+04,2.721725e+04
sz3,nyx/temperature_3.f32,1.000000e-01,4.780303e+05,3,0.000000e+00,0.000000e+00,8.259501e+03,8.365823e+03,9.560451e+05,4.780280e+05,4.780280e+05,8.607951e+01,9.999953e-02,6.835938e-03,6.644301e-07,1.430022e-09,1.028866e+08,3623878656,5.346552e+01,1.014331e+04,2.121896e-03,4.782584e+06,8.453289e+03,2.280976e+03,4.780303e+06,1.569739e+04,1.108249e-04,50202,2.887438e+05,14495514624,14495514624,9.065946e+01,5.638054e+01,72,4.670432e+04,2.628967e+04
sz3,nyx/temperature_3.f32,1.000000e-01,4.780303e+05,4,0.000000e+00,0.000000e+00,8.259501e+03,8.365823e+03,9.560451e+05,4.780280e+05,4.780280e+05,8.607951e+01,9.999953e-02,6.835938e-03,6.644301e-07,1.430022e-09,1.028866e+08,3623878656,5.346552e+01,1.014331e+04,2.121896e-03,4.782584e+06,8.453289e+03,2.280976e+03,4.780303e+06,1.569739e+04,1.108249e-04,50202,2.887438e+05,14495514624,14495514624,9.025892e+01,5.645841e+01,72,4.524946e+04,2.763209e+04
sz3,nyx/temperature_3.f32,1.000000e-02,4.780303e+04,0,0.000000e+00,0.000000e+00,4.440387e+03,6.460179e+03,9.560584e+04,4.780301e+04,4.780301e+04,1.467744e+01,9.999997e-03,0.000000e+00,0.000000e+00,0.000000e+00,5.452149e+07,3623878656,5.622343e+01,7.383867e+03,1.544644e-03,4.782584e+06,8.453289e+03,2.280976e+03,4.780303e+06,1.569739e+04,1.313874e-03,595165,2.435546e+04,14495514624,14495514624,1.413145e+02,8.496723e+01,73,6.996821e+04,4.075756e+04
sz3,nyx/temperature_3.f32,1.000000e-02,4.780303e+04,1,0.000000e+00,0.000000e+00,4.440387e+03,6.460179e+03,9.560584e+04,4.780301e+04,4.780301e+04,1.467744e+01,9.999997e-03,0.000000e+00,0.000000e+00,0.000000e+00,5.452149e+07,3623878656,5.622343e+01,7.383867e+03,1.544644e-03,4.782584e+06,8.453289e+03,2.280976e+03,4.780303e+06,1.569739e+04,1.313874e-03,595165,2.435546e+04,14495514624,14495514624,1.250271e+02,8.570427e+01,73,6.238605e+04,4.315707e+04
sz3,nyx/temperature_3.f32,1.000000e-02,4.780303e+04,2,0.000000e+00,0.000000e+00,4.440387e+03,6.460179e+03,9.560584e+04,4.780301e+04,4.780301e+04,1.467744e+01,9.999997e-03,0.000000e+00,0.000000e+00,0.000000e+00,5.452149e+07,3623878656,5.622343e+01,7.383867e+03,1.544644e-03,4.782584e+06,8.453289e+03,2.280976e+03,4.780303e+06,1.569739e+04,1.313874e-03,595165,2.435546e+04,14495514624,14495514624,1.248891e+02,8.538556e+01,73,6.048141e+04,4.303931e+04
sz3,nyx/temperature_3.f32,1.000000e-02,4.780303e+04,3,0.000000e+00,0.000000e+00,4.440387e+03,6.460179e+03,9.560584e+04,4.780301e+04,4.780301e+04,1.467744e+01,9.999997e-03,0.000000e+00,0.000000e+00,0.000000e+00,5.452149e+07,3623878656,5.622343e+01,7.383867e+03,1.544644e-03,4.782584e+06,8.453289e+03,2.280976e+03,4.780303e+06,1.569739e+04,1.313874e-03,595165,2.435546e+04,14495514624,14495514624,1.251622e+02,8.492324e+01,73,6.272717e+04,4.034241e+04
sz3,nyx/temperature_3.f32,1.000000e-02,4.780303e+04,4,0.000000e+00,0.000000e+00,4.440387e+03,6.460179e+03,9.560584e+04,4.780301e+04,4.780301e+04,1.467744e+01,9.999997e-03,0.000000e+00,0.000000e+00,0.000000e+00,5.452149e+07,3623878656,5.622343e+01,7.383867e+03,1.544644e-03,4.782584e+06,8.453289e+03,2.280976e+03,4.780303e+06,1.569739e+04,1.313874e-03,595165,2.435546e+04,14495514624,14495514624,1.262776e+02,8.505805e+01,73,6.306464e+04,4.320713e+04
sz3,nyx/temperature_3.f32,1.000000e-03,4.780303e+03,0,0.000000e+00,0.000000e+00,-1.457500e+02,7.950635e+02,9.560603e+03,4.780302e+03,4.780302e+03,1.527178e+00,9.999999e-04,0.000000e+00,0.000000e+00,0.000000e+00,9.783326e+05,3623878656,7.368424e+01,9.891070e+02,2.069131e-04,4.782584e+06,8.453289e+03,2.280976e+03,4.780303e+06,1.569739e+04,2.266641e-02,10267538,1.411781e+03,14495514624,14495514624,1.099898e+02,5.628520e+01,72,5.405758e+04,2.818686e+04
sz3,nyx/temperature_3.f32,1.000000e-03,4.780303e+03,1,0.000000e+00,0.000000e+00,-1.457500e+02,7.950635e+02,9.560603e+03,4.780302e+03,4.780302e+03,1.527178e+00,9.999999e-04,0.000000e+00,0.000000e+00,0.000000e+00,9.783326e+05,3623878656,7.368424e+01,9.891070e+02,2.069131e-04,4.782584e+06,8.453289e+03,2.280976e+03,4.780303e+06,1.569739e+04,2.266641e-02,10267538,1.411781e+03,14495514624,14495514624,9.343299e+01,5.673722e+01,72,4.563173e+04,2.944004e+04
sz3,nyx/temperature_3.f32,1.000000e-03,4.780303e+03,2,0.000000e+00,0.000000e+00,-1.457500e+02,7.950635e+02,9.560603e+03,4.780302e+03,4.780302e+03,1.527178e+00,9.999999e-04,0.000000e+00,0.000000e+00,0.000000e+00,9.783326e+05,3623878656,7.368424e+01,9.891070e+02,2.069131e-04,4.782584e+06,8.453289e+03,2.280976e+03,4.780303e+06,1.569739e+04,2.266641e-02,10267538,1.411781e+03,14495514624,14495514624,9.345479e+01,5.654834e+01,72,4.494574e+04,3.003152e+04
sz3,nyx/temperature_3.f32,1.000000e-03,4.780303e+03,3,0.000000e+00,0.000000e+00,-1.457500e+02,7.950635e+02,9.560603e+03,4.780302e+03,4.780302e+03,1.527178e+00,9.999999e-04,0.000000e+00,0.000000e+00,0.000000e+00,9.783326e+05,3623878656,7.368424e+01,9.891070e+02,2.069131e-04,4.782584e+06,8.453289e+03,2.280976e+03,4.780303e+06,1.569739e+04,2.266641e-02,10267538,1.411781e+03,14495514624,14495514624,9.395038e+01,5.680549e+01,72,4.474435e+04,2.983684e+04
sz3,nyx/temperature_3.f32,1.000000e-03,4.780303e+03,4,0.000000e+00,0.000000e+00,-1.457500e+02,7.950635e+02,9.560603e+03,4.780302e+03,4.780302e+03,1.527178e+00,9.999999e-04,0.000000e+00,0.000000e+00,0.000000e+00,9.783326e+05,3623878656,7.368424e+01,9.891070e+02,2.069131e-04,4.782584e+06,8.453289e+03,2.280976e+03,4.780303e+06,1.569739e+04,2.266641e-02,10267538,1.411781e+03,14495514624,14495514624,9.284927e+01,5.654470e+01,72,4.466318e+04,2.966654e+04
sz3,nyx/temperature_3.f32,1.000000e-04,4.780303e+02,0,0.000000e+00,0.000000e+00,-3.252942e+00,1.419072e+02,9.560598e+02,4.780300e+02,4.780300e+02,1.940920e-01,9.999995e-05,0.000000e+00,0.000000e+00,0.000000e+00,3.281035e+04,3623878656,8.842900e+01,1.811363e+02,3.789222e-05,4.782584e+06,8.453289e+03,2.280976e+03,4.780303e+06,1.569739e+04,3.865414e-01,175097373,8.278545e+01,14495514624,14495514624,1.138535e+02,5.890729e+01,74,5.510130e+04,3.005160e+04
sz3,nyx/temperature_3.f32,1.000000e-04,4.780303e+02,1,0.000000e+00,0.000000e+00,-3.252942e+00,1.419072e+02,9.560598e+02,4.780300e+02,4.780300e+02,1.940920e-01,9.999995e-05,0.000000e+00,0.000000e+00,0.000000e+00,3.281035e+04,3623878656,8.842900e+01,1.811363e+02,3.789222e-05,4.782584e+06,8.453289e+03,2.280976e+03,4.780303e+06,1.569739e+04,3.865414e-01,175097373,8.278545e+01,14495514624,14495514624,9.959134e+01,5.840584e+01,74,4.851962e+04,3.008830e+04
sz3,nyx/temperature_3.f32,1.000000e-04,4.780303e+02,2,0.000000e+00,0.000000e+00,-3.252942e+00,1.419072e+02,9.560598e+02,4.780300e+02,4.780300e+02,1.940920e-01,9.999995e-05,0.000000e+00,0.000000e+00,0.000000e+00,3.281035e+04,3623878656,8.842900e+01,1.811363e+02,3.789222e-05,4.782584e+06,8.453289e+03,2.280976e+03,4.780303e+06,1.569739e+04,3.865414e-01,175097373,8.278545e+01,14495514624,14495514624,9.785723e+01,5.934221e+01,74,4.731596e+04,3.102990e+04
sz3,nyx/temperature_3.f32,1.000000e-04,4.780303e+02,3,0.000000e+00,0.000000e+00,-3.252942e+00,1.419072e+02,9.560598e+02,4.780300e+02,4.780300e+02,1.940920e-01,9.999995e-05,0.000000e+00,0.000000e+00,0.000000e+00,3.281035e+04,3623878656,8.842900e+01,1.811363e+02,3.789222e-05,4.782584e+06,8.453289e+03,2.280976e+03,4.780303e+06,1.569739e+04,3.865414e-01,175097373,8.278545e+01,14495514624,14495514624,9.789498e+01,5.872991e+01,74,4.671479e+04,3.115137e+04
sz3,nyx/temperature_3.f32,1.000000e-04,4.780303e+02,4,0.000000e+00,0.000000e+00,-3.252942e+00,1.419072e+02,9.560598e+02,4.780300e+02,4.780300e+02,1.940920e-01,9.999995e-05,0.000000e+00,0.000000e+00,0.000000e+00,3.281035e+04,3623878656,8.842900e+01,1.811363e+02,3.789222e-05,4.782584e+06,8.453289e+03,2.280976e+03,4.780303e+06,1.569739e+04,3.865414e-01,175097373,8.278545e+01,14495514624,14495514624,9.833627e+01,5.892741e+01,74,4.668808e+04,3.109791e+04
sz3,nyx/temperature_3.f32,1.000000e-05,4.780303e+01,0,0.000000e+00,0.000000e+00,-1.639204e-02,2.072148e+01,9.560596e+01,4.780298e+01,4.780298e+01,2.063727e-02,9.999990e-06,0.000000e+00,0.000000e+00,0.000000e+00,6.111639e+02,3623878656,1.057275e+02,2.472173e+01,5.171582e-06,4.782584e+06,8.453289e+03,2.280976e+03,4.780303e+06,1.569739e+04,2.392408e+00,1083724629,1.337564e+01,14495514624,14495514624,1.317896e+02,7.562533e+01,82,6.570204e+04,3.644068e+04
sz3,nyx/temperature_3.f32,1.000000e-05,4.780303e+01,1,0.000000e+00,0.000000e+00,-1.639204e-02,2.072148e+01,9.560596e+01,4.780298e+01,4.780298e+01,2.063727e-02,9.999990e-06,0.000000e+00,0.000000e+00,0.000000e+00,6.111639e+02,3623878656,1.057275e+02,2.472173e+01,5.171582e-06,4.782584e+06,8.453289e+03,2.280976e+03,4.780303e+06,1.569739e+04,2.392408e+00,1083724629,1.337564e+01,14495514624,14495514624,1.128715e+02,7.575468e+01,82,5.714733e+04,3.602043e+04
sz3,nyx/temperature_3.f32,1.000000e-05,4.780303e+01,2,0.000000e+00,0.000000e+00,-1.639204e-02,2.072148e+01,9.560596e+01,4.780298e+01,4.780298e+01,2.063727e-02,9.999990e-06,0.000000e+00,0.000000e+00,0.000000e+00,6.111639e+02,3623878656,1.057275e+02,2.472173e+01,5.171582e-06,4.782584e+06,8.453289e+03,2.280976e+03,4.780303e+06,1.569739e+04,2.392408e+00,1083724629,1.337564e+01,14495514624,14495514624,1.141266e+02,7.558148e+01,82,5.783547e+04,3.638541e+04
sz3,nyx/temperature_3.f32,1.000000e-05,4.780303e+01,3,0.000000e+00,0.000000e+00,-1.639204e-02,2.072148e+01,9.560596e+01,4.780298e+01,4.780298e+01,2.063727e-02,9.999990e-06,0.000000e+00,0.000000e+00,0.000000e+00,6.111639e+02,3623878656,1.057275e+02,2.472173e+01,5.171582e-06,4.782584e+06,8.453289e+03,2.280976e+03,4.780303e+06,1.569739e+04,2.392408e+00,1083724629,1.337564e+01,14495514624,14495514624,1.141016e+02,7.557661e+01,82,5.732727e+04,3.787288e+04
sz3,nyx/temperature_3.f32,1.000000e-05,4.780303e+01,4,0.000000e+00,0.000000e+00,-1.639204e-02,2.072148e+01,9.560596e+01,4.780298e+01,4.780298e+01,2.063727e-02,9.999990e-06,0.000000e+00,0.000000e+00,0.000000e+00,6.111639e+02,3623878656,1.057275e+02,2.472173e+01,5.171582e-06,4.782584e+06,8.453289e+03,2.280976e+03,4.780303e+06,1.569739e+04,2.392408e+00,1083724629,1.337564e+01,14495514624,14495514624,1.138482e+02,7.558704e+01,82,5.594166e+04,3.901995e+04
qoz,nyx/temperature_3.f32,1.000000e-01,4.780303e+05,0,0.000000e+00,0.000000e+00,-6.659661e+00,1.474829e+03,9.560496e+05,4.780298e+05,4.780298e+05,8.887573e+01,9.999991e-02,0.000000e+00,0.000000e+00,0.000000e+00,1.578290e+07,3623878656,6.160724e+01,3.972770e+03,8.310709e-04,4.782584e+06,8.453289e+03,2.280976e+03,4.780303e+06,1.569739e+04,1.004230e-03,454901,3.186521e+04,14495514624,14495514624,8.983962e+01,5.442557e+01,80,4.275318e+04,2.844122e+04
qoz,nyx/temperature_3.f32,1.000000e-01,4.780303e+05,1,0.000000e+00,0.000000e+00,4.337865e+00,5.784365e+02,9.560372e+05,4.780292e+05,4.780292e+05,6.477830e+06,8.409655e-02,0.000000e+00,0.000000e+00,0.000000e+00,3.954670e+06,3623878656,6.912242e+01,1.988635e+03,3.498475e-04,5.220150e+06,8.459949e+03,-4.641402e+05,5.684291e+06,1.556197e+04,1.013736e-03,459207,3.156641e+04,14495514624,14495514624,1.433270e+02,8.827355e+01,80,6.937523e+04,4.535999e+04
qoz,nyx/temperature_3.f32,1.000000e-01,4.780303e+05,2,0.000000e+00,0.000000e+00,4.817307e-07,1.393235e-04,1.750000e+00,1.000000e+00,1.000000e+00,1.345556e+02,1.585822e-07,0.000000e+00,0.000000e+00,0.000000e+00,5.495359e-07,3623878656,1.985950e+02,7.413069e-04,1.175581e-10,5.386455e+06,8.455611e+03,-9.194242e+05,6.305879e+06,1.587214e+04,1.013736e-03,459207,3.156641e+04,14495514624,14495514624,1.403299e+02,8.948317e+01,80,6.992150e+04,4.303523e+04
qoz,nyx/temperature_3.f32,1.000000e-01,4.780303e+05,3,0.000000e+00,0.000000e+00,4.817307e-07,1.393235e-04,1.750000e+00,1.000000e+00,1.000000e+00,1.345556e+02,1.585822e-07,0.000000e+00,0.000000e+00,0.000000e+00,5.495359e-07,3623878656,1.985950e+02,7.413069e-04,1.175581e-10,5.386455e+06,8.455611e+03,-9.194242e+05,6.305879e+06,1.587214e+04,1.013736e-03,459207,3.156641e+04,14495514624,14495514624,1.401694e+02,8.896711e+01,80,7.006828e+04,4.377111e+04
qoz,nyx/temperature_3.f32,1.000000e-01,4.780303e+05,4,0.000000e+00,0.000000e+00,4.817307e-07,1.393235e-04,1.750000e+00,1.000000e+00,1.000000e+00,1.345556e+02,1.585822e-07,0.000000e+00,0.000000e+00,0.000000e+00,5.495359e-07,3623878656,1.985950e+02,7.413069e-04,1.175581e-10,5.386455e+06,8.455611e+03,-9.194242e+05,6.305879e+06,1.587214e+04,1.013736e-03,459207,3.156641e+04,14495514624,14495514624,1.408766e+02,8.814843e+01,80,6.936362e+04,4.580167e+04
qoz,nyx/temperature_3.f32,1.000000e-02,4.780303e+04,0,0.000000e+00,0.000000e+00,-1.260023e+02,1.246506e+03,9.560580e+04,4.780302e+04,4.780302e+04,1.271881e+01,9.999998e-03,0.000000e+00,0.000000e+00,0.000000e+00,4.512979e+06,3623878656,6.704447e+01,2.124377e+03,4.444023e-04,4.782584e+06,8.453289e+03,2.280976e+03,4.780303e+06,1.569739e+04,2.805090e-03,1270663,1.140784e+04,14495514624,14495514624,1.001041e+02,5.480671e+01,73,5.121874e+04,2.648888e+04
qoz,nyx/temperature_3.f32,1.000000e-02,4.780303e+04,1,0.000000e+00,0.000000e+00,4.967205e+00,5.818781e+02,9.560596e+04,4.780301e+04,4.780301e+04,3.209766e+07,9.858154e-03,0.000000e+00,0.000000e+00,0.000000e+00,1.398209e+06,3623878656,7.225747e+01,1.182459e+03,2.438520e-04,4.805862e+06,8.579292e+03,-4.322113e+04,4.849083e+06,1.561876e+04,3.128454e-03,1417142,1.022870e+04,14495514624,14495514624,1.442603e+02,9.125652e+01,73,7.209987e+04,4.505288e+04
qoz,nyx/temperature_3.f32,1.000000e-02,4.780303e+04,2,0.000000e+00,0.000000e+00,4.610518e-07,1.396527e-04,1.250000e+00,7.500000e-01,7.500000e-01,1.345556e+02,1.530670e-07,0.000000e+00,0.000000e+00,0.000000e+00,4.324436e-07,3623878656,1.974443e+02,6.576044e-04,1.342101e-10,4.810216e+06,8.574324e+03,-8.959846e+04,4.899815e+06,1.579820e+04,3.128454e-03,1417142,1.022870e+04,14495514624,14495514624,1.409013e+02,8.979488e+01,73,6.926568e+04,4.654999e+04
qoz,nyx/temperature_3.f32,1.000000e-02,4.780303e+04,3,0.000000e+00,0.000000e+00,4.610518e-07,1.396527e-04,1.250000e+00,7.500000e-01,7.500000e-01,1.345556e+02,1.530670e-07,0.000000e+00,0.000000e+00,0.000000e+00,4.324436e-07,3623878656,1.974443e+02,6.576044e-04,1.342101e-10,4.810216e+06,8.574324e+03,-8.959846e+04,4.899815e+06,1.579820e+04,3.128454e-03,1417142,1.022870e+04,14495514624,14495514624,1.397697e+02,8.980653e+01,73,6.809378e+04,4.475211e+04
qoz,nyx/temperature_3.f32,1.000000e-02,4.780303e+04,4,0.000000e+00,0.000000e+00,4.610518e-07,1.396527e-04,1.250000e+00,7.500000e-01,7.500000e-01,1.345556e+02,1.530670e-07,0.000000e+00,0.000000e+00,0.000000e+00,4.324436e-07,3623878656,1.974443e+02,6.576044e-04,1.342101e-10,4.810216e+06,8.574324e+03,-8.959846e+04,4.899815e+06,1.579820e+04,3.128454e-03,1417142,1.022870e+04,14495514624,14495514624,1.400130e+02,8.907404e+01,73,7.056694e+04,4.246218e+04
qoz,nyx/temperature_3.f32,1.000000e-03,4.780303e+03,0,0.000000e+00,0.000000e+00,-4.979563e+01,4.541220e+02,9.560614e+03,4.780312e+03,4.780312e+03,1.451122e+00,1.000002e-03,0.000000e+00,0.000000e+00,0.000000e+00,3.867964e+05,3623878656,7.771428e+01,6.219296e+02,1.301026e-04,4.782584e+06,8.453289e+03,2.280976e+03,4.780303e+06,1.569739e+04,2.670322e-02,12096152,1.198358e+03,14495514624,14495514624,1.068671e+02,6.007182e+01,74,5.456724e+04,2.881923e+04
qoz,nyx/temperature_3.f32,1.000000e-03,4.780303e+03,1,0.000000e+00,0.000000e+00,5.658911e+01,3.549734e+02,9.560617e+03,4.780316e+03,4.780316e+03,3.140584e+03,9.984998e-04,0.000000e+00,0.000000e+00,0.000000e+00,2.426685e+05,3623878656,7.975204e+01,4.926140e+02,1.028959e-04,4.786040e+06,8.503085e+03,-1.459131e+03,4.787499e+06,1.567880e+04,3.283807e-02,14875149,9.744786e+02,14495514624,14495514624,1.417361e+02,9.586206e+01,74,7.113047e+04,4.746343e+04
qoz,nyx/temperature_3.f32,1.000000e-03,4.780303e+03,2,0.000000e+00,0.000000e+00,4.549032e-07,1.393915e-04,1.500000e+00,7.500000e-01,7.500000e-01,4.896266e-01,1.563913e-07,0.000000e+00,0.000000e+00,0.000000e+00,6.335555e-07,3623878656,1.955991e+02,7.959620e-04,1.659754e-10,4.790372e+06,8.446496e+03,-5.290276e+03,4.795663e+06,1.571348e+04,3.283807e-02,14875149,9.744786e+02,14495514624,14495514624,1.369727e+02,9.620409e+01,74,6.709777e+04,4.986170e+04
qoz,nyx/temperature_3.f32,1.000000e-03,4.780303e+03,3,0.000000e+00,0.000000e+00,4.549032e-07,1.393915e-04,1.500000e+00,7.500000e-01,7.500000e-01,4.896266e-01,1.563913e-07,0.000000e+00,0.000000e+00,0.000000e+00,6.335555e-07,3623878656,1.955991e+02,7.959620e-04,1.659754e-10,4.790372e+06,8.446496e+03,-5.290276e+03,4.795663e+06,1.571348e+04,3.283807e-02,14875149,9.744786e+02,14495514624,14495514624,1.362813e+02,9.586795e+01,74,6.590557e+04,4.850773e+04
qoz,nyx/temperature_3.f32,1.000000e-03,4.780303e+03,4,0.000000e+00,0.000000e+00,4.549032e-07,1.393915e-04,1.500000e+00,7.500000e-01,7.500000e-01,4.896266e-01,1.563913e-07,0.000000e+00,0.000000e+00,0.000000e+00,6.335555e-07,3623878656,1.955991e+02,7.959620e-04,1.659754e-10,4.790372e+06,8.446496e+03,-5.290276e+03,4.795663e+06,1.571348e+04,3.283807e-02,14875149,9.744786e+02,14495514624,14495514624,1.370462e+02,9.554373e+01,74,6.903143e+04,4.582789e+04
qoz,nyx/temperature_3.f32,1.000000e-04,4.780303e+02,0,0.000000e+00,0.000000e+00,-1.926105e+00,1.248580e+02,9.560598e+02,4.780300e+02,4.780300e+02,1.937748e-01,9.999995e-05,0.000000e+00,0.000000e+00,0.000000e+00,2.749772e+04,3623878656,8.919614e+01,1.658244e+02,3.468910e-05,4.782584e+06,8.453289e+03,2.280976e+03,4.780303e+06,1.569739e+04,4.194024e-01,189982915,7.629904e+01,14495514624,14495514624,1.139110e+02,5.875696e+01,95,5.811218e+04,2.814817e+04
qoz,nyx/temperature_3.f32,1.000000e-04,4.780303e+02,1,0.000000e+00,0.000000e+00,3.710688e+00,8.364506e+01,9.562031e+02,4.781250e+02,4.781250e+02,2.379530e-01,1.000036e-04,0.000000e+00,0.000000e+00,0.000000e+00,1.362428e+04,3623878656,9.224738e+01,1.167231e+02,2.441356e-05,4.783031e+06,8.455215e+03,1.954914e+03,4.781076e+06,1.569676e+04,4.967364e-01,225014069,6.442048e+01,14495514624,14495514624,1.540349e+02,9.340706e+01,95,7.712748e+04,4.586500e+04
qoz,nyx/temperature_3.f32,1.000000e-04,4.780303e+02,2,0.000000e+00,0.000000e+00,5.280661e-07,1.385500e-04,1.250000e+00,7.500000e-01,7.500000e-01,1.894922e-05,1.568563e-07,0.000000e+00,0.000000e+00,0.000000e+00,4.532284e-07,3623878656,1.970280e+02,6.732224e-04,1.407989e-10,4.783314e+06,8.451505e+03,1.868006e+03,4.781445e+06,1.569988e+04,4.967364e-01,225014069,6.442048e+01,14495514624,14495514624,1.451035e+02,9.531456e+01,95,7.143108e+04,4.926289e+04
qoz,nyx/temperature_3.f32,1.000000e-04,4.780303e+02,3,0.000000e+00,0.000000e+00,5.280661e-07,1.385500e-04,1.250000e+00,7.500000e-01,7.500000e-01,1.894922e-05,1.568563e-07,0.000000e+00,0.000000e+00,0.000000e+00,4.532284e-07,3623878656,1.970280e+02,6.732224e-04,1.407989e-10,4.783314e+06,8.451505e+03,1.868006e+03,4.781445e+06,1.569988e+04,4.967364e-01,225014069,6.442048e+01,14495514624,14495514624,1.466571e+02,9.567447e+01,95,7.174002e+04,4.856318e+04
qoz,nyx/temperature_3.f32,1.000000e-04,4.780303e+02,4,0.000000e+00,0.000000e+00,5.280661e-07,1.385500e-04,1.250000e+00,7.500000e-01,7.500000e-01,1.894922e-05,1.568563e-07,0.000000e+00,0.000000e+00,0.000000e+00,4.532284e-07,3623878656,1.970280e+02,6.732224e-04,1.407989e-10,4.783314e+06,8.451505e+03,1.868006e+03,4.781445e+06,1.569988e+04,4.967364e-01,225014069,6.442048e+01,14495514624,14495514624,1.469619e+02,9.525878e+01,95,7.409870e+04,4.594891e+04
qoz,nyx/temperature_3.f32,1.000000e-05,4.780303e+01,0,0.000000e+00,0.000000e+00,-6.082125e-03,1.960585e+01,9.560596e+01,4.780298e+01,4.780298e+01,2.075113e-02,9.999990e-06,0.000000e+00,0.000000e+00,0.000000e+00,5.611703e+02,3623878656,1.060982e+02,2.368903e+01,4.955551e-06,4.782584e+06,8.453289e+03,2.280976e+03,4.780303e+06,1.569739e+04,2.430264e+00,1100872652,1.316729e+01,14495514624,14495514624,1.271055e+02,7.689187e+01,84,6.557638e+04,3.631139e+04
qoz,nyx/temperature_3.f32,1.000000e-05,4.780303e+01,1,0.000000e+00,0.000000e+00,1.310527e-01,1.900712e+01,9.600000e+01,4.800000e+01,4.800000e+01,2.023971e-02,1.004105e-05,0.000000e+00,0.000000e+00,0.000000e+00,5.280760e+02,3623878656,1.063623e+02,2.297991e+01,4.807135e-06,4.782614e+06,8.453295e+03,2.239644e+03,4.780374e+06,1.569740e+04,2.766899e+00,1253363274,1.156529e+01,14495514624,14495514624,1.695893e+02,1.213333e+02,84,8.547342e+04,6.069803e+04
qoz,nyx/temperature_3.f32,1.000000e-05,4.780303e+01,2,0.000000e+00,0.000000e+00,4.430260e-07,1.383961e-04,1.375000e+00,7.500000e-01,7.500000e-01,1.370881e-05,1.568897e-07,0.000000e+00,0.000000e+00,0.000000e+00,4.962776e-07,3623878656,1.966321e+02,7.044697e-04,1.473654e-10,4.782643e+06,8.453164e+03,2.214626e+03,4.780428e+06,1.569753e+04,2.766899e+00,1253363274,1.156529e+01,14495514624,14495514624,1.604673e+02,1.225322e+02,84,7.859029e+04,6.273864e+04
qoz,nyx/temperature_3.f32,1.000000e-05,4.780303e+01,3,0.000000e+00,0.000000e+00,4.430260e-07,1.383961e-04,1.375000e+00,7.500000e-01,7.500000e-01,1.370881e-05,1.568897e-07,0.000000e+00,0.000000e+00,0.000000e+00,4.962776e-07,3623878656,1.966321e+02,7.044697e-04,1.473654e-10,4.782643e+06,8.453164e+03,2.214626e+03,4.780428e+06,1.569753e+04,2.766899e+00,1253363274,1.156529e+01,14495514624,14495514624,1.609623e+02,1.215735e+02,84,8.094632e+04,5.796737e+04
qoz,nyx/temperature_3.f32,1.000000e-05,4.780303e+01,4,0.000000e+00,0.000000e+00,4.430260e-07,1.383961e-04,1.375000e+00,7.500000e-01,7.500000e-01,1.370881e-05,1.568897e-07,0.000000e+00,0.000000e+00,0.000000e+00,4.962776e-07,3623878656,1.966321e+02,7.044697e-04,1.473654e-10,4.782643e+06,8.453164e+03,2.214626e+03,4.780428e+06,1.569753e+04,2.766899e+00,1253363274,1.156529e+01,14495514624,14495514624,1.609244e+02,1.217449e+02,84,8.054018e+04,6.253523e+04
sz,nyx/temperature_4.f32,1.000000e-03,4.780303e+03,0,0.000000e+00,0.000000e+00,-3.353548e-01,1.994328e+02,9.560605e+03,4.780303e+03,4.780303e+03,1.387098e+00,1.000000e-03,0.000000e+00,0.000000e+00,0.000000e+00,1.650242e+05,8589934592,8.141363e+01,4.062316e+02,8.498032e-05,4.782584e+06,8.453289e+03,2.280976e+03,4.780303e+06,1.569739e+04,6.114172e-02,65650423,5.233742e+02,34359738368,34359738368,1.703660e+02,9.421107e+01,72,8.556290e+04,4.595176e+04
sz,nyx/temperature_4.f32,1.000000e-03,4.780303e+03,1,0.000000e+00,0.000000e+00,-3.353548e-01,1.994328e+02,9.560605e+03,4.780303e+03,4.780303e+03,1.387098e+00,1.000000e-03,0.000000e+00,0.000000e+00,0.000000e+00,1.650242e+05,8589934592,8.141363e+01,4.062316e+02,8.498032e-05,4.782584e+06,8.453289e+03,2.280976e+03,4.780303e+06,1.569739e+04,6.114172e-02,65650423,5.233742e+02,34359738368,34359738368,1.706188e+02,9.399809e+01,72,8.492915e+04,4.917241e+04
sz,nyx/temperature_4.f32,1.000000e-03,4.780303e+03,2,0.000000e+00,0.000000e+00,-3.353548e-01,1.994328e+02,9.560605e+03,4.780303e+03,4.780303e+03,1.387098e+00,1.000000e-03,0.000000e+00,0.000000e+00,0.000000e+00,1.650242e+05,8589934592,8.141363e+01,4.062316e+02,8.498032e-05,4.782584e+06,8.453289e+03,2.280976e+03,4.780303e+06,1.569739e+04,6.114172e-02,65650423,5.233742e+02,34359738368,34359738368,1.703223e+02,9.363500e+01,72,8.362021e+04,4.757265e+04
sz,nyx/temperature_4.f32,1.000000e-03,4.780303e+03,3,0.000000e+00,0.000000e+00,-3.353548e-01,1.994328e+02,9.560605e+03,4.780303e+03,4.780303e+03,1.387098e+00,1.000000e-03,0.000000e+00,0.000000e+00,0.000000e+00,1.650242e+05,8589934592,8.141363e+01,4.062316e+02,8.498032e-05,4.782584e+06,8.453289e+03,2.280976e+03,4.780303e+06,1.569739e+04,6.114172e-02,65650423,5.233742e+02,34359738368,34359738368,1.710818e+02,9.302921e+01,72,8.614269e+04,4.490083e+04
sz,nyx/temperature_4.f32,1.000000e-03,4.780303e+03,4,0.000000e+00,0.000000e+00,-3.353548e-01,1.994328e+02,9.560605e+03,4.780303e+03,4.780303e+03,1.387098e+00,1.000000e-03,0.000000e+00,0.000000e+00,0.000000e+00,1.650242e+05,8589934592,8.141363e+01,4.062316e+02,8.498032e-05,4.782584e+06,8.453289e+03,2.280976e+03,4.780303e+06,1.569739e+04,6.114172e-02,65650423,5.233742e+02,34359738368,34359738368,1.704442e+02,9.258741e+01,72,8.587845e+04,4.487953e+04
sz3,nyx/temperature_4.f32,1.000000e-03,4.780303e+03,0,0.000000e+00,0.000000e+00,-1.479270e+02,8.166695e+02,9.560604e+03,4.780302e+03,4.780302e+03,1.554897e+00,9.999999e-04,0.000000e+00,0.000000e+00,0.000000e+00,1.048532e+06,8589934592,7.338329e+01,1.023979e+03,2.142079e-04,4.782584e+06,8.453289e+03,2.280976e+03,4.780303e+06,1.569739e+04,1.884818e-02,20238078,1.697777e+03,34359738368,34359738368,5.270629e+02,3.317440e+02,73,2.601804e+05,1.660932e+05
sz3,nyx/temperature_4.f32,1.000000e-03,4.780303e+03,1,0.000000e+00,0.000000e+00,-1.479270e+02,8.166695e+02,9.560604e+03,4.780302e+03,4.780302e+03,1.554897e+00,9.999999e-04,0.000000e+00,0.000000e+00,0.000000e+00,1.048532e+06,8589934592,7.338329e+01,1.023979e+03,2.142079e-04,4.782584e+06,8.453289e+03,2.280976e+03,4.780303e+06,1.569739e+04,1.884818e-02,20238078,1.697777e+03,34359738368,34359738368,5.074162e+02,3.251800e+02,73,2.514529e+05,1.597741e+05
sz3,nyx/temperature_4.f32,1.000000e-03,4.780303e+03,2,0.000000e+00,0.000000e+00,-1.479270e+02,8.166695e+02,9.560604e+03,4.780302e+03,4.780302e+03,1.554897e+00,9.999999e-04,0.000000e+00,0.000000e+00,0.000000e+00,1.048532e+06,8589934592,7.338329e+01,1.023979e+03,2.142079e-04,4.782584e+06,8.453289e+03,2.280976e+03,4.780303e+06,1.569739e+04,1.884818e-02,20238078,1.697777e+03,34359738368,34359738368,4.983206e+02,3.219500e+02,73,2.502524e+05,1.590421e+05
sz3,nyx/temperature_4.f32,1.000000e-03,4.780303e+03,3,0.000000e+00,0.000000e+00,-1.479270e+02,8.166695e+02,9.560604e+03,4.780302e+03,4.780302e+03,1.554897e+00,9.999999e-04,0.000000e+00,0.000000e+00,0.000000e+00,1.048532e+06,8589934592,7.338329e+01,1.023979e+03,2.142079e-04,4.782584e+06,8.453289e+03,2.280976e+03,4.780303e+06,1.569739e+04,1.884818e-02,20238078,1.697777e+03,34359738368,34359738368,5.040327e+02,3.206120e+02,73,2.495289e+05,1.616310e+05
sz3,nyx/temperature_4.f32,1.000000e-03,4.780303e+03,4,0.000000e+00,0.000000e+00,-1.479270e+02,8.166695e+02,9.560604e+03,4.780302e+03,4.780302e+03,1.554897e+00,9.999999e-04,0.000000e+00,0.000000e+00,0.000000e+00,1.048532e+06,8589934592,7.338329e+01,1.023979e+03,2.142079e-04,4.782584e+06,8.453289e+03,2.280976e+03,4.780303e+06,1.569739e+04,1.884818e-02,20238078,1.697777e+03,34359738368,34359738368,4.897426e+02,3.214404e+02,73,2.430675e+05,1.577411e+05
qoz,nyx/temperature_4.f32,1.000000e-03,4.780303e+03,0,0.000000e+00,0.000000e+00,-4.876781e+01,4.530265e+02,9.560604e+03,4.780302e+03,4.780302e+03,1.383625e+00,9.999999e-04,0.000000e+00,0.000000e+00,0.000000e+00,4.034687e+05,8589934592,7.753101e+01,6.351918e+02,1.328769e-04,4.782584e+06,8.453289e+03,2.280976e+03,4.780303e+06,1.569739e+04,1.842116e-02,19779568,1.737133e+03,34359738368,34359738368,2.421724e+02,1.458383e+02,80,1.209127e+05,7.478811e+04
qoz,nyx/temperature_4.f32,1.000000e-03,4.780303e+03,1,0.000000e+00,0.000000e+00,5.410363e+01,3.012972e+02,9.560680e+03,4.780375e+03,4.780375e+03,2.840758e+03,9.984909e-04,0.000000e+00,0.000000e+00,0.000000e+00,1.867100e+05,8589934592,8.089068e+01,4.320995e+02,9.025389e-05,4.786301e+06,8.502057e+03,-1.299056e+03,4.787600e+06,1.567899e+04,2.386760e-02,25627635,1.340730e+03,34359738368,34359738368,5.089140e+02,3.188104e+02,80,2.520548e+05,1.568313e+05
qoz,nyx/temperature_4.f32,1.000000e-03,4.780303e+03,2,0.000000e+00,0.000000e+00,-5.466537e-08,1.285707e-04,2.000000e+00,1.000000e+00,1.000000e+00,3.389458e-01,2.086100e-07,0.000000e+00,0.000000e+00,0.000000e+00,3.930558e-07,8589934592,1.976688e+02,6.269416e-04,1.307863e-10,4.787832e+06,8.447953e+03,-5.801821e+03,4.793633e+06,1.570712e+04,2.386760e-02,25627635,1.340730e+03,34359738368,34359738368,5.087951e+02,3.189311e+02,80,2.531072e+05,1.616064e+05
qoz,nyx/temperature_4.f32,1.000000e-03,4.780303e+03,3,0.000000e+00,0.000000e+00,-5.466537e-08,1.285707e-04,2.000000e+00,1.000000e+00,1.000000e+00,3.389458e-01,2.086100e-07,0.000000e+00,0.000000e+00,0.000000e+00,3.930558e-07,8589934592,1.976688e+02,6.269416e-04,1.307863e-10,4.787832e+06,8.447953e+03,-5.801821e+03,4.793633e+06,1.570712e+04,2.386760e-02,25627635,1.340730e+03,34359738368,34359738368,5.074662e+02,3.200716e+02,80,2.528319e+05,1.574914e+05
qoz,nyx/temperature_4.f32,1.000000e-03,4.780303e+03,4,0.000000e+00,0.000000e+00,-5.466537e-08,1.285707e-04,2.000000e+00,1.000000e+00,1.000000e+00,3.389458e-01,2.086100e-07,0.000000e+00,0.000000e+00,0.000000e+00,3.930558e-07,8589934592,1.976688e+02,6.269416e-04,1.307863e-10,4.787832e+06,8.447953e+03,-5.801821e+03,4.793633e+06,1.570712e+04,2.386760e-02,25627635,1.340730e+03,34359738368,34359738368,5.051040e+02,3.217621e+02,80,2.511585e+05,1.602483e+05
zfp,nyx/temperature_4.f32,1.000000e-03,4.780303e+03,0,0.000000e+00,0.000000e+00,3.242093e+00,1.777858e+01,8.533301e+01,4.266650e+01,4.266650e+01,1.779331e-02,8.925482e-06,0.000000e+00,0.000000e+00,0.000000e+00,4.551606e+02,8589934592,1.070075e+02,2.133449e+01,4.463001e-06,4.782584e+06,8.453289e+03,2.280976e+03,4.780303e+06,1.569739e+04,4.335786e-01,465551472,7.380438e+01,34359738368,34359738368,8.961316e+01,6.000451e+01,78,4.355728e+04,2.845767e+04
zfp,nyx/temperature_4.f32,1.000000e-03,4.780303e+03,1,0.000000e+00,0.000000e+00,3.242093e+00,1.777858e+01,8.533301e+01,4.266650e+01,4.266650e+01,1.779331e-02,8.925482e-06,0.000000e+00,0.000000e+00,0.000000e+00,4.551606e+02,8589934592,1.070075e+02,2.133449e+01,4.463001e-06,4.782584e+06,8.453289e+03,2.280976e+03,4.780303e+06,1.569739e+04,4.335786e-01,465551472,7.380438e+01,34359738368,34359738368,8.853943e+01,5.780628e+01,78,4.665107e+04,2.987498e+04
zfp,nyx/temperature_4.f32,1.000000e-03,4.780303e+03,2,0.000000e+00,0.000000e+00,3.242093e+00,1.777858e+01,8.533301e+01,4.266650e+01,4.266650e+01,1.779331e-02,8.925482e-06,0.000000e+00,0.000000e+00,0.000000e+00,4.551606e+02,8589934592,1.070075e+02,2.133449e+01,4.463001e-06,4.782584e+06,8.453289e+03,2.280976e+03,4.780303e+06,1.569739e+04,4.335786e-01,465551472,7.380438e+01,34359738368,34359738368,8.836679e+01,5.891521e+01,78,4.077222e+04,2.827943e+04
zfp,nyx/temperature_4.f32,1.000000e-03,4.780303e+03,3,0.000000e+00,0.000000e+00,3.242093e+00,1.777858e+01,8.533301e+01,4.266650e+01,4.266650e+01,1.779331e-02,8.925482e-06,0.000000e+00,0.000000e+00,0.000000e+00,4.551606e+02,8589934592,1.070075e+02,2.133449e+01,4.463001e-06,4.782584e+06,8.453289e+03,2.280976e+03,4.780303e+06,1.569739e+04,4.335786e-01,465551472,7.380438e+01,34359738368,34359738368,8.845660e+01,5.807363e+01,78,4.474792e+04,3.070844e+04
zfp,nyx/temperature_4.f32,1.000000e-03,4.780303e+03,4,0.000000e+00,0.000000e+00,3.242093e+00,1.777858e+01,8.533301e+01,4.266650e+01,4.266650e+01,1.779331e-02,8.925482e-06,0.000000e+00,0.000000e+00,0.000000e+00,4.551606e+02,8589934592,1.070075e+02,2.133449e+01,4.463001e-06,4.782584e+06,8.453289e+03,2.280976e+03,4.780303e+06,1.569739e+04,4.335786e-01,465551472,7.380438e+01,34359738368,34359738368,8.875598e+01,5.789650e+01,78,4.261861e+04,2.783951e+04
sz,nyx/temperature_5.f32,1.000000e-03,4.780303e+03,0,0.000000e+00,0.000000e+00,-2.975712e-01,1.976855e+02,9.560605e+03,4.780303e+03,4.780303e+03,1.432230e+00,1.000000e-03,0.000000e+00,0.000000e+00,0.000000e+00,1.614294e+05,16777216000,8.150928e+01,4.017827e+02,8.404964e-05,4.782584e+06,8.453289e+03,2.280976e+03,4.780303e+06,1.569739e+04,5.444638e-02,114182335,5.877342e+02,67108864000,67108864000,3.242910e+02,1.929150e+02,80,1.606574e+05,9.840213e+04
sz,nyx/temperature_5.f32,1.000000e-03,4.780303e+03,1,0.000000e+00,0.000000e+00,-2.975712e-01,1.976855e+02,9.560605e+03,4.780303e+03,4.780303e+03,1.432230e+00,1.000000e-03,0.000000e+00,0.000000e+00,0.000000e+00,1.614294e+05,16777216000,8.150928e+01,4.017827e+02,8.404964e-05,4.782584e+06,8.453289e+03,2.280976e+03,4.780303e+06,1.569739e+04,5.444638e-02,114182335,5.877342e+02,67108864000,67108864000,3.248090e+02,1.931146e+02,80,1.608893e+05,9.820824e+04
sz,nyx/temperature_5.f32,1.000000e-03,4.780303e+03,2,0.000000e+00,0.000000e+00,-2.975712e-01,1.976855e+02,9.560605e+03,4.780303e+03,4.780303e+03,1.432230e+00,1.000000e-03,0.000000e+00,0.000000e+00,0.000000e+00,1.614294e+05,16777216000,8.150928e+01,4.017827e+02,8.404964e-05,4.782584e+06,8.453289e+03,2.280976e+03,4.780303e+06,1.569739e+04,5.444638e-02,114182335,5.877342e+02,67108864000,67108864000,3.257264e+02,1.922672e+02,80,1.614318e+05,9.786571e+04
sz,nyx/temperature_5.f32,1.000000e-03,4.780303e+03,3,0.000000e+00,0.000000e+00,-2.975712e-01,1.976855e+02,9.560605e+03,4.780303e+03,4.780303e+03,1.432230e+00,1.000000e-03,0.000000e+00,0.000000e+00,0.000000e+00,1.614294e+05,16777216000,8.150928e+01,4.017827e+02,8.404964e-05,4.782584e+06,8.453289e+03,2.280976e+03,4.780303e+06,1.569739e+04,5.444638e-02,114182335,5.877342e+02,67108864000,67108864000,3.244188e+02,1.921217e+02,80,1.610625e+05,9.803586e+04
sz,nyx/temperature_5.f32,1.000000e-03,4.780303e+03,4,0.000000e+00,0.000000e+00,-2.975712e-01,1.976855e+02,9.560605e+03,4.780303e+03,4.780303e+03,1.432230e+00,1.000000e-03,0.000000e+00,0.000000e+00,0.000000e+00,1.614294e+05,16777216000,8.150928e+01,4.017827e+02,8.404964e-05,4.782584e+06,8.453289e+03,2.280976e+03,4.780303e+06,1.569739e+04,5.444638e-02,114182335,5.877342e+02,67108864000,67108864000,3.244382e+02,1.918096e+02,80,1.612660e+05,9.774059e+04
sz3,nyx/temperature_5.f32,1.000000e-03,4.780303e+03,0,0.000000e+00,0.000000e+00,-1.498692e+02,7.854509e+02,9.560603e+03,4.780302e+03,4.780302e+03,1.456445e+00,9.999999e-04,0.000000e+00,0.000000e+00,0.000000e+00,9.468787e+05,16777216000,7.382616e+01,9.730769e+02,2.035597e-04,4.782584e+06,8.453289e+03,2.280976e+03,4.780303e+06,1.569739e+04,1.366648e-02,28660681,2.341496e+03,67108864000,67108864000,4.978189e+02,2.601600e+02,77,2.495024e+05,1.305257e+05
sz3,nyx/temperature_5.f32,1.000000e-03,4.780303e+03,1,0.000000e+00,0.000000e+00,-1.498692e+02,7.854509e+02,9.560603e+03,4.780302e+03,4.780302e+03,1.456445e+00,9.999999e-04,0.000000e+00,0.000000e+00,0.000000e+00,9.468787e+05,16777216000,7.382616e+01,9.730769e+02,2.035597e-04,4.782584e+06,8.453289e+03,2.280976e+03,4.780303e+06,1.569739e+04,1.366648e-02,28660681,2.341496e+03,67108864000,67108864000,4.265236e+02,2.591456e+02,77,2.158084e+05,1.298651e+05
sz3,nyx/temperature_5.f32,1.000000e-03,4.780303e+03,2,0.000000e+00,0.000000e+00,-1.498692e+02,7.854509e+02,9.560603e+03,4.780302e+03,4.780302e+03,1.456445e+00,9.999999e-04,0.000000e+00,0.000000e+00,0.000000e+00,9.468787e+05,16777216000,7.382616e+01,9.730769e+02,2.035597e-04,4.782584e+06,8.453289e+03,2.280976e+03,4.780303e+06,1.569739e+04,1.366648e-02,28660681,2.341496e+03,67108864000,67108864000,4.277195e+02,2.593588e+02,77,2.121739e+05,1.303692e+05
sz3,nyx/temperature_5.f32,1.000000e-03,4.780303e+03,3,0.000000e+00,0.000000e+00,-1.498692e+02,7.854509e+02,9.560603e+03,4.780302e+03,4.780302e+03,1.456445e+00,9.999999e-04,0.000000e+00,0.000000e+00,0.000000e+00,9.468787e+05,16777216000,7.382616e+01,9.730769e+02,2.035597e-04,4.782584e+06,8.453289e+03,2.280976e+03,4.780303e+06,1.569739e+04,1.366648e-02,28660681,2.341496e+03,67108864000,67108864000,4.297556e+02,2.604285e+02,77,2.168305e+05,1.295991e+05
sz3,nyx/temperature_5.f32,1.000000e-03,4.780303e+03,4,0.000000e+00,0.000000e+00,-1.498692e+02,7.854509e+02,9.560603e+03,4.780302e+03,4.780302e+03,1.456445e+00,9.999999e-04,0.000000e+00,0.000000e+00,0.000000e+00,9.468787e+05,16777216000,7.382616e+01,9.730769e+02,2.035597e-04,4.782584e+06,8.453289e+03,2.280976e+03,4.780303e+06,1.569739e+04,1.366648e-02,28660681,2.341496e+03,67108864000,67108864000,4.288510e+02,2.605152e+02,77,2.142976e+05,1.310868e+05
qoz,nyx/temperature_5.f32,1.000000e-03,4.780303e+03,0,0.000000e+00,0.000000e+00,-3.594837e+01,3.881116e+02,9.560604e+03,4.780302e+03,4.780302e+03,1.405725e+00,9.999998e-04,0.000000e+00,0.000000e+00,0.000000e+00,3.154325e+05,16777216000,7.860004e+01,5.616338e+02,1.174892e-04,4.782584e+06,8.453289e+03,2.280976e+03,4.780303e+06,1.569739e+04,1.812980e-02,38020950,1.765050e+03,67108864000,67108864000,5.031682e+02,2.789408e+02,77,2.539579e+05,1.398601e+05
qoz,nyx/temperature_5.f32,1.000000e-03,4.780303e+03,1,0.000000e+00,0.000000e+00,4.361652e+01,2.666863e+02,9.560643e+03,4.780330e+03,4.780330e+03,1.999019e+05,9.982616e-04,0.000000e+00,0.000000e+00,0.000000e+00,1.475839e+05,16777216000,8.191388e+01,3.841665e+02,8.022430e-05,4.787281e+06,8.489238e+03,-1.373893e+03,4.788655e+06,1.568316e+04,2.031605e-02,42605840,1.575110e+03,67108864000,67108864000,6.811347e+02,4.471125e+02,79,3.389291e+05,2.248974e+05
qoz,nyx/temperature_5.f32,1.000000e-03,4.780303e+03,2,0.000000e+00,0.000000e+00,-1.947939e-08,1.250222e-04,3.000000e+00,1.500000e+00,1.500000e+00,8.235621e-02,3.129379e-07,0.000000e+00,0.000000e+00,0.000000e+00,8.281042e-07,16777216000,1.944318e+02,9.100023e-04,1.898495e-10,4.787497e+06,8.445621e+03,-5.785749e+03,4.793283e+06,1.571466e+04,2.031605e-02,42605840,1.575110e+03,67108864000,67108864000,6.644650e+02,4.473313e+02,79,3.338574e+05,2.249755e+05
zfp,nyx/temperature_3.f32,1.000000e-03,4.780303e+03,0,0.000000e+00,0.000000e+00,2.660352e+00,6.282205e+01,2.260621e+03,1.135041e+03,1.135041e+03,2.254926e-01,2.374413e-04,0.000000e+00,0.000000e+00,0.000000e+00,6.722834e+03,3623878656,9.531358e+01,8.199289e+01,1.715224e-05,4.782584e+06,8.453289e+03,2.280976e+03,4.780303e+06,1.569739e+04,1.140204e+00,516494976,2.806516e+01,14495514624,14495514624,4.185705e+01,2.865196e+01,42,1.343227e+04,8.670426e+03
zfp,nyx/temperature_3.f32,1.000000e-03,4.780303e+03,1,0.000000e+00,0.000000e+00,2.660352e+00,6.282205e+01,2.260621e+03,1.135041e+03,1.135041e+03,2.254926e-01,2.374413e-04,0.000000e+00,0.000000e+00,0.000000e+00,6.722834e+03,3623878656,9.531358e+01,8.199289e+01,1.715224e-05,4.782584e+06,8.453289e+03,2.280976e+03,4.780303e+06,1.569739e+04,1.140204e+00,516494976,2.806516e+01,14495514624,14495514624,4.177947e+01,2.865860e+01,42,1.271489e+04,8.716307e+03
zfp,nyx/temperature_3.f32,1.000000e-03,4.780303e+03,2,0.000000e+00,0.000000e+00,2.660352e+00,6.282205e+01,2.260621e+03,1.135041e+03,1.135041e+03,2.254926e-01,2.374413e-04,0.000000e+00,0.000000e+00,0.000000e+00,6.722834e+03,3623878656,9.531358e+01,8.199289e+01,1.715224e-05,4.782584e+06,8.453289e+03,2.280976e+03,4.780303e+06,1.569739e+04,1.140204e+00,516494976,2.806516e+01,14495514624,14495514624,4.179069e+01,2.869587e+01,42,1.277396e+04,8.919114e+03
zfp,nyx/temperature_3.f32,1.000000e-03,4.780303e+03,3,0.000000e+00,0.000000e+00,2.660352e+00,6.282205e+01,2.260621e+03,1.135041e+03,1.135041e+03,2.254926e-01,2.374413e-04,0.000000e+00,0.000000e+00,0.000000e+00,6.722834e+03,3623878656,9.531358e+01,8.199289e+01,1.715224e-05,4.782584e+06,8.453289e+03,2.280976e+03,4.780303e+06,1.569739e+04,1.140204e+00,516494976,2.806516e+01,14495514624,14495514624,4.184095e+01,2.870681e+01,42,1.314343e+04,8.728824e+03
zfp,nyx/temperature_3.f32,1.000000e-03,4.780303e+03,4,0.000000e+00,0.000000e+00,2.660352e+00,6.282205e+01,2.260621e+03,1.135041e+03,1.135041e+03,2.254926e-01,2.374413e-04,0.000000e+00,0.000000e+00,0.000000e+00,6.722834e+03,3623878656,9.531358e+01,8.199289e+01,1.715224e-05,4.782584e+06,8.453289e+03,2.280976e+03,4.780303e+06,1.569739e+04,1.140204e+00,516494976,2.806516e+01,14495514624,14495514624,4.178696e+01,2.871473e+01,42,1.271270e+04,8.813434e+03
zfp,nyx/temperature_5.f32,1.000000e-03,4.780303e+03,0,0.000000e+00,0.000000e+00,2.891446e+00,4.469340e+01,2.238832e+03,1.142047e+03,1.142047e+03,2.406176e-01,2.389068e-04,0.000000e+00,0.000000e+00,0.000000e+00,3.525869e+03,16777216000,9.811645e+01,5.937903e+01,1.242160e-05,4.782584e+06,8.453289e+03,2.280976e+03,4.780303e+06,1.569739e+04,9.295380e-01,1949382504,3.442570e+01,67108864000,67108864000,1.865940e+02,1.250693e+02,26,5.745941e+04,3.878983e+04
zfp,nyx/temperature_5.f32,1.000000e-03,4.780303e+03,1,0.000000e+00,0.000000e+00,2.891446e+00,4.469340e+01,2.238832e+03,1.142047e+03,1.142047e+03,2.406176e-01,2.389068e-04,0.000000e+00,0.000000e+00,0.000000e+00,3.525869e+03,16777216000,9.811645e+01,5.937903e+01,1.242160e-05,4.782584e+06,8.453289e+03,2.280976e+03,4.780303e+06,1.569739e+04,9.295380e-01,1949382504,3.442570e+01,67108864000,67108864000,1.865714e+02,1.249635e+02,26,5.692497e+04,3.908064e+04
zfp,nyx/temperature_5.f32,1.000000e-03,4.780303e+03,2,0.000000e+00,0.000000e+00,2.891446e+00,4.469340e+01,2.238832e+03,1.142047e+03,1.142047e+03,2.406176e-01,2.389068e-04,0.000000e+00,0.000000e+00,0.000000e+00,3.525869e+03,16777216000,9.811645e+01,5.937903e+01,1.242160e-05,4.782584e+06,8.453289e+03,2.280976e+03,4.780303e+06,1.569739e+04,9.295380e-01,1949382504,3.442570e+01,67108864000,67108864000,1.863710e+02,1.254510e+02,26,5.738957e+04,3.826785e+04
zfp,nyx/temperature_5.f32,1.000000e-03,4.780303e+03,3,0.000000e+00,0.000000e+00,2.891446e+00,4.469340e+01,2.238832e+03,1.142047e+03,1.142047e+03,2.406176e-01,2.389068e-04,0.000000e+00,0.000000e+00,0.000000e+00,3.525869e+03,16777216000,9.811645e+01,5.937903e+01,1.242160e-05,4.782584e+06,8.453289e+03,2.280976e+03,4.780303e+06,1.569739e+04,9.295380e-01,1949382504,3.442570e+01,67108864000,67108864000,1.862404e+02,1.262251e+02,26,5.759788e+04,3.883970e+04
zfp,nyx/temperature_5.f32,1.000000e-03,4.780303e+03,4,0.000000e+00,0.000000e+00,2.891446e+00,4.469340e+01,2.238832e+03,1.142047e+03,1.142047e+03,2.406176e-01,2.389068e-04,0.000000e+00,0.000000e+00,0.000000e+00,3.525869e+03,16777216000,9.811645e+01,5.937903e+01,1.242160e-05,4.782584e+06,8.453289e+03,2.280976e+03,4.780303e+06,1.569739e+04,9.295380e-01,1949382504,3.442570e+01,67108864000,67108864000,1.864199e+02,1.254543e+02,26,5.685601e+04,3.886560e+04
