sz3,s3d/stat_planar.2.3500E-03.field.d64,1.000000e-03,1.538863e-02,0,4.865965e+05,1.214530e+06,-8.660867e-05,3.673781e-03,3.077725e-02,1.538863e-02,1.538863e-02,2.593948e+17,1.000000e-03,3.045470e-17,1.476842e-12,1.979039e-18,2.340124e-05,1375000000,7.005161e+01,4.837483e-03,3.143544e-04,1.537216e+01,1.089792e+00,-1.646965e-02,1.538863e+01,3.424659e+00,2.130679e-01,36621048,3.003737e+02,11000000000,11000000000,24.803975,12.469804,3,1,4.361138e+03,2.192300e+03
sz3,s3d/stat_planar.2.3500E-03.field.d64,1.000000e-03,1.538863e-02,1,3.715212e+05,1.216410e+06,-8.660867e-05,3.673781e-03,3.077725e-02,1.538863e-02,1.538863e-02,2.593948e+17,1.000000e-03,3.045470e-17,1.476842e-12,1.979039e-18,2.340124e-05,1375000000,7.005161e+01,4.837483e-03,3.143544e-04,1.537216e+01,1.089792e+00,-1.646965e-02,1.538863e+01,3.424659e+00,2.130679e-01,36621048,3.003737e+02,11000000000,11000000000,31.801716,12.457121,3,1,5.636606e+03,2.186956e+03
sz3,s3d/stat_planar.2.3500E-03.field.d64,1.000000e-03,1.538863e-02,2,2.643405e+05,9.425071e+05,-8.660867e-05,3.673781e-03,3.077725e-02,1.538863e-02,1.538863e-02,2.593948e+17,1.000000e-03,3.045470e-17,1.476842e-12,1.979039e-18,2.340124e-05,1375000000,7.005161e+01,4.837483e-03,3.143544e-04,1.537216e+01,1.089792e+00,-1.646965e-02,1.538863e+01,3.424659e+00,2.130679e-01,36621048,3.003737e+02,11000000000,11000000000,45.157602,15.656405,3,1,8.097608e+03,2.786538e+03
sz3,s3d/stat_planar.2.3500E-03.field.d64,1.000000e-03,1.538863e-02,3,2.529899e+05,9.449360e+05,-8.660867e-05,3.673781e-03,3.077725e-02,1.538863e-02,1.538863e-02,2.593948e+17,1.000000e-03,3.045470e-17,1.476842e-12,1.979039e-18,2.340124e-05,1375000000,7.005161e+01,4.837483e-03,3.143544e-04,1.537216e+01,1.089792e+00,-1.646965e-02,1.538863e+01,3.424659e+00,2.130679e-01,36621048,3.003737e+02,11000000000,11000000000,53.055049,18.045795,3,1,9.525232e+03,3.224648e+03
sz3,s3d/stat_planar.2.3500E-03.field.d64,1.000000e-03,1.538863e-02,4,2.454207e+05,8.062152e+05,-8.660867e-05,3.673781e-03,3.077725e-02,1.538863e-02,1.538863e-02,2.593948e+17,1.000000e-03,3.045470e-17,1.476842e-12,1.979039e-18,2.340124e-05,1375000000,7.005161e+01,4.837483e-03,3.143544e-04,1.537216e+01,1.089792e+00,-1.646965e-02,1.538863e+01,3.424659e+00,2.130679e-01,36621048,3.003737e+02,11000000000,11000000000,54.378579,20.180715,3,1,9.762166e+03,3.603153e+03
sz3,s3d/stat_planar.2.3500E-03.field.d64,1.000000e-03,1.538863e-02,5,2.638016e+05,9.454233e+05,-8.660867e-05,3.673781e-03,3.077725e-02,1.538863e-02,1.538863e-02,2.593948e+17,1.000000e-03,3.045470e-17,1.476842e-12,1.979039e-18,2.340124e-05,1375000000,7.005161e+01,4.837483e-03,3.143544e-04,1.537216e+01,1.089792e+00,-1.646965e-02,1.538863e+01,3.424659e+00,2.130679e-01,36621048,3.003737e+02,11000000000,11000000000,51.260669,18.028845,3,1,9.195184e+03,3.213137e+03
sz3,s3d/stat_planar.2.3500E-03.field.d64,1.000000e-03,1.538863e-02,0,9.508990e+05,1.951739e+06,3.013884e-05,3.604585e-03,3.077725e-02,1.538863e-02,1.538863e-02,1.722141e+17,1.000000e-03,3.045470e-17,3.555822e-13,1.979039e-18,2.304956e-05,1375000000,7.011737e+01,4.800996e-03,3.119834e-04,1.537216e+01,1.089792e+00,-1.646965e-02,1.538863e+01,3.424659e+00,2.105508e-01,36188418,3.039647e+02,11000000000,11000000000,13.826512,9.106668,90,2,2.534062e+03,1.676921e+03
sz3,s3d/stat_planar.2.3500E-03.field.d64,1.000000e-03,1.538863e-02,1,9.495037e+05,2.288330e+06,3.013884e-05,3.604585e-03,3.077725e-02,1.538863e-02,1.538863e-02,1.722141e+17,1.000000e-03,3.045470e-17,3.555822e-13,1.979039e-18,2.304956e-05,1375000000,7.011737e+01,4.800996e-03,3.119834e-04,1.537216e+01,1.089792e+00,-1.646965e-02,1.538863e+01,3.424659e+00,2.105508e-01,36188418,3.039647e+02,11000000000,11000000000,14.030764,8.285597,90,2,2.570688e+03,1.521734e+03
sz3,s3d/stat_planar.2.3500E-03.field.d64,1.000000e-03,1.538863e-02,2,8.450488e+05,2.236682e+06,3.013884e-05,3.604585e-03,3.077725e-02,1.538863e-02,1.538863e-02,1.722141e+17,1.000000e-03,3.045470e-17,3.555822e-13,1.979039e-18,2.304956e-05,1375000000,7.011737e+01,4.800996e-03,3.119834e-04,1.537216e+01,1.089792e+00,-1.646965e-02,1.538863e+01,3.424659e+00,2.105508e-01,36188418,3.039647e+02,11000000000,11000000000,15.237695,8.412092,90,2,2.789424e+03,1.543159e+03
sz3,s3d/stat_planar.2.3500E-03.field.d64,1.000000e-03,1.538863e-02,3,6.033348e+05,2.185141e+06,3.013884e-05,3.604585e-03,3.077725e-02,1.538863e-02,1.538863e-02,1.722141e+17,1.000000e-03,3.045470e-17,3.555822e-13,1.979039e-18,2.304956e-05,1375000000,7.011737e+01,4.800996e-03,3.119834e-04,1.537216e+01,1.089792e+00,-1.646965e-02,1.538863e+01,3.424659e+00,2.105508e-01,36188418,3.039647e+02,11000000000,11000000000,21.931791,8.626916,90,2,3.993241e+03,1.581548e+03
sz3,s3d/stat_planar.2.3500E-03.field.d64,1.000000e-03,1.538863e-02,4,5.343178e+05,2.007299e+06,3.013884e-05,3.604585e-03,3.077725e-02,1.538863e-02,1.538863e-02,1.722141e+17,1.000000e-03,3.045470e-17,3.555822e-13,1.979039e-18,2.304956e-05,1375000000,7.011737e+01,4.800996e-03,3.119834e-04,1.537216e+01,1.089792e+00,-1.646965e-02,1.538863e+01,3.424659e+00,2.105508e-01,36188418,3.039647e+02,11000000000,11000000000,29.445308,11.756034,90,2,5.339118e+03,2.151068e+03
sz3,s3d/stat_planar.2.3500E-03.field.d64,1.000000e-03,1.538863e-02,5,4.830706e+05,1.992393e+06,3.013884e-05,3.604585e-03,3.077725e-02,1.538863e-02,1.538863e-02,1.722141e+17,1.000000e-03,3.045470e-17,3.555822e-13,1.979039e-18,2.304956e-05,1375000000,7.011737e+01,4.800996e-03,3.119834e-04,1.537216e+01,1.089792e+00,-1.646965e-02,1.538863e+01,3.424659e+00,2.105508e-01,36188418,3.039647e+02,11000000000,11000000000,32.587048,11.927319,90,2,5.897985e+03,2.179920e+03
sz3,s3d/stat_planar.2.3500E-03.field.d64,1.000000e-03,1.538863e-02,6,6.061608e+05,2.234410e+06,3.013884e-05,3.604585e-03,3.077725e-02,1.538863e-02,1.538863e-02,1.722141e+17,1.000000e-03,3.045470e-17,3.555822e-13,1.979039e-18,2.304956e-05,1375000000,7.011737e+01,4.800996e-03,3.119834e-04,1.537216e+01,1.089792e+00,-1.646965e-02,1.538863e+01,3.424659e+00,2.105508e-01,36188418,3.039647e+02,11000000000,11000000000,27.970838,12.255350,90,2,5.065027e+03,2.240084e+03
sz3,s3d/stat_planar.2.3500E-03.field.d64,1.000000e-03,1.538863e-02,0,1.781377e+06,3.839442e+06,1.169754e-04,3.521123e-03,3.077726e-02,1.538863e-02,1.538863e-02,2.500014e+17,1.000000e-03,2.050451e-17,1.806375e-12,1.332446e-18,2.278371e-05,1375000000,7.016775e+01,4.773229e-03,3.101790e-04,1.537216e+01,1.089792e+00,-1.646965e-02,1.538863e+01,3.424659e+00,2.113535e-01,36326381,3.028102e+02,11000000000,11000000000,8.276271,6.281580,97,4,1.491113e+03,1.128025e+03
sz3,s3d/stat_planar.2.3500E-03.field.d64,1.000000e-03,1.538863e-02,1,1.721170e+06,3.844810e+06,1.169754e-04,3.521123e-03,3.077726e-02,1.538863e-02,1.538863e-02,2.500014e+17,1.000000e-03,2.050451e-17,1.806375e-12,1.332446e-18,2.278371e-05,1375000000,7.016775e+01,4.773229e-03,3.101790e-04,1.537216e+01,1.089792e+00,-1.646965e-02,1.538863e+01,3.424659e+00,2.113535e-01,36326381,3.028102e+02,11000000000,11000000000,8.499785,6.284375,97,4,1.532079e+03,1.124870e+03
sz3,s3d/stat_planar.2.3500E-03.field.d64,1.000000e-03,1.538863e-02,2,9.806544e+05,3.179191e+06,1.169754e-04,3.521123e-03,3.077726e-02,1.538863e-02,1.538863e-02,2.500014e+17,1.000000e-03,2.050451e-17,1.806375e-12,1.332446e-18,2.278371e-05,1375000000,7.016775e+01,4.773229e-03,3.101790e-04,1.537216e+01,1.089792e+00,-1.646965e-02,1.538863e+01,3.424659e+00,2.113535e-01,36326381,3.028102e+02,11000000000,11000000000,13.303926,6.889295,97,4,2.442527e+03,1.241944e+03
sz3,s3d/stat_planar.2.3500E-03.field.d64,1.000000e-03,1.538863e-02,3,9.383264e+05,3.049626e+06,1.169754e-04,3.521123e-03,3.077726e-02,1.538863e-02,1.538863e-02,2.500014e+17,1.000000e-03,2.050451e-17,1.806375e-12,1.332446e-18,2.278371e-05,1375000000,7.016775e+01,4.773229e-03,3.101790e-04,1.537216e+01,1.089792e+00,-1.646965e-02,1.538863e+01,3.424659e+00,2.113535e-01,36326381,3.028102e+02,11000000000,11000000000,20.574123,7.158324,97,4,3.757123e+03,1.302240e+03
sz3,s3d/stat_planar.2.3500E-03.field.d64,1.000000e-03,1.538863e-02,4,9.812667e+05,3.046248e+06,1.169754e-04,3.521123e-03,3.077726e-02,1.538863e-02,1.538863e-02,2.500014e+17,1.000000e-03,2.050451e-17,1.806375e-12,1.332446e-18,2.278371e-05,1375000000,7.016775e+01,4.773229e-03,3.101790e-04,1.537216e+01,1.089792e+00,-1.646965e-02,1.538863e+01,3.424659e+00,2.113535e-01,36326381,3.028102e+02,11000000000,11000000000,20.637670,9.921579,97,4,3.772901e+03,1.808815e+03
sz3,s3d/stat_planar.2.3500E-03.field.d64,1.000000e-03,1.538863e-02,5,9.655899e+05,2.986696e+06,1.169754e-04,3.521123e-03,3.077726e-02,1.538863e-02,1.538863e-02,2.500014e+17,1.000000e-03,2.050451e-17,1.806375e-12,1.332446e-18,2.278371e-05,1375000000,7.016775e+01,4.773229e-03,3.101790e-04,1.537216e+01,1.089792e+00,-1.646965e-02,1.538863e+01,3.424659e+00,2.113535e-01,36326381,3.028102e+02,11000000000,11000000000,20.769239,10.040509,97,4,3.795695e+03,1.830623e+03
sz3,s3d/stat_planar.2.3500E-03.field.d64,1.000000e-03,1.538863e-02,6,1.003100e+06,2.515436e+06,1.169754e-04,3.521123e-03,3.077726e-02,1.538863e-02,1.538863e-02,2.500014e+17,1.000000e-03,2.050451e-17,1.806375e-12,1.332446e-18,2.278371e-05,1375000000,7.016775e+01,4.773229e-03,3.101790e-04,1.537216e+01,1.089792e+00,-1.646965e-02,1.538863e+01,3.424659e+00,2.113535e-01,36326381,3.028102e+02,11000000000,11000000000,20.389928,12.005997,97,4,3.732105e+03,2.175516e+03
sz3,s3d/stat_planar.2.3500E-03.field.d64,1.000000e-03,1.538863e-02,0,3.243881e+06,5.675955e+06,1.434720e-04,3.565729e-03,3.077726e-02,1.538863e-02,1.538863e-02,1.570572e+17,1.000000e-03,7.155552e-18,1.002535e-11,4.649896e-19,2.332558e-05,1375000000,7.006567e+01,4.829657e-03,3.138458e-04,1.537216e+01,1.089792e+00,-1.646965e-02,1.538863e+01,3.424659e+00,2.131265e-01,36631115,3.002912e+02,11000000000,11000000000,5.589924,5.352724,3,8,1.030913e+03,9.762307e+02
sz3,s3d/stat_planar.2.3500E-03.field.d64,1.000000e-03,1.538863e-02,1,3.257329e+06,6.399069e+06,1.434720e-04,3.565729e-03,3.077726e-02,1.538863e-02,1.538863e-02,1.570572e+17,1.000000e-03,7.155552e-18,1.002535e-11,4.649896e-19,2.332558e-05,1375000000,7.006567e+01,4.829657e-03,3.138458e-04,1.537216e+01,1.089792e+00,-1.646965e-02,1.538863e+01,3.424659e+00,2.131265e-01,36631115,3.002912e+02,11000000000,11000000000,5.559419,5.176171,3,8,1.043829e+03,9.563959e+02
sz3,s3d/stat_planar.2.3500E-03.field.d64,1.000000e-03,1.538863e-02,2,3.253475e+06,6.428989e+06,1.434720e-04,3.565729e-03,3.077726e-02,1.538863e-02,1.538863e-02,1.570572e+17,1.000000e-03,7.155552e-18,1.002535e-11,4.649896e-19,2.332558e-05,1375000000,7.006567e+01,4.829657e-03,3.138458e-04,1.537216e+01,1.089792e+00,-1.646965e-02,1.538863e+01,3.424659e+00,2.131265e-01,36631115,3.002912e+02,11000000000,11000000000,5.580192,5.170973,3,8,1.048287e+03,9.483914e+02
sz3,s3d/stat_planar.2.3500E-03.field.d64,1.000000e-03,1.538863e-02,3,2.309954e+06,5.583756e+06,1.434720e-04,3.565729e-03,3.077726e-02,1.538863e-02,1.538863e-02,1.570572e+17,1.000000e-03,7.155552e-18,1.002535e-11,4.649896e-19,2.332558e-05,1375000000,7.006567e+01,4.829657e-03,3.138458e-04,1.537216e+01,1.089792e+00,-1.646965e-02,1.538863e+01,3.424659e+00,2.131265e-01,36631115,3.002912e+02,11000000000,11000000000,7.364480,5.558034,8,8,1.376337e+03,1.049009e+03
sz3,s3d/stat_planar.2.3500E-03.field.d64,1.000000e-03,1.538863e-02,4,2.352941e+06,5.894962e+06,1.434720e-04,3.565729e-03,3.077726e-02,1.538863e-02,1.538863e-02,1.570572e+17,1.000000e-03,7.155552e-18,1.002535e-11,4.649896e-19,2.332558e-05,1375000000,7.006567e+01,4.829657e-03,3.138458e-04,1.537216e+01,1.089792e+00,-1.646965e-02,1.538863e+01,3.424659e+00,2.131265e-01,36631115,3.002912e+02,11000000000,11000000000,7.194575,5.734521,1,8,1.365754e+03,1.057173e+03
sz3,s3d/stat_planar.2.3500E-03.field.d64,1.000000e-03,1.538863e-02,5,1.847497e+06,5.240591e+06,1.434720e-04,3.565729e-03,3.077726e-02,1.538863e-02,1.538863e-02,1.570572e+17,1.000000e-03,7.155552e-18,1.002535e-11,4.649896e-19,2.332558e-05,1375000000,7.006567e+01,4.829657e-03,3.138458e-04,1.537216e+01,1.089792e+00,-1.646965e-02,1.538863e+01,3.424659e+00,2.131265e-01,36631115,3.002912e+02,11000000000,11000000000,13.506925,9.659622,8,8,2.505994e+03,1.793655e+03
sz3,s3d/stat_planar.2.3500E-03.field.d64,1.000000e-03,1.538863e-02,6,2.658289e+06,5.832450e+06,1.434720e-04,3.565729e-03,3.077726e-02,1.538863e-02,1.538863e-02,1.570572e+17,1.000000e-03,7.155552e-18,1.002535e-11,4.649896e-19,2.332558e-05,1375000000,7.006567e+01,4.829657e-03,3.138458e-04,1.537216e+01,1.089792e+00,-1.646965e-02,1.538863e+01,3.424659e+00,2.131265e-01,36631115,3.002912e+02,11000000000,11000000000,6.641577,5.667906,1,8,1.275467e+03,1.058224e+03
sz3,s3d/stat_planar.2.3500E-03.field.d64,1.000000e-03,1.538863e-02,0,3.797031e+06,7.801418e+06,5.284358e-05,3.533681e-03,3.077726e-02,1.538863e-02,1.538863e-02,1.844818e+17,1.000000e-03,6.919838e-20,9.931433e-12,4.496722e-21,2.376725e-05,1375000000,6.998421e+01,4.875167e-03,3.168032e-04,1.537216e+01,1.089792e+00,-1.646965e-02,1.538863e+01,3.424659e+00,2.140621e-01,36791922,2.989787e+02,11000000000,11000000000,5.095000,4.812909,3,16,9.726190e+02,8.926238e+02
sz3,s3d/stat_planar.2.3500E-03.field.d64,1.000000e-03,1.538863e-02,1,5.744125e+06,7.919366e+06,5.284358e-05,3.533681e-03,3.077726e-02,1.538863e-02,1.538863e-02,1.844818e+17,1.000000e-03,6.919838e-20,9.931433e-12,4.496722e-21,2.376725e-05,1375000000,6.998421e+01,4.875167e-03,3.168032e-04,1.537216e+01,1.089792e+00,-1.646965e-02,1.538863e+01,3.424659e+00,2.140621e-01,36791922,2.989787e+02,11000000000,11000000000,4.097336,4.810402,3,16,7.932300e+02,8.927341e+02
sz3,s3d/stat_planar.2.3500E-03.field.d64,1.000000e-03,1.538863e-02,2,3.642384e+06,7.976795e+06,5.284358e-05,3.533681e-03,3.077726e-02,1.538863e-02,1.538863e-02,1.844818e+17,1.000000e-03,6.919838e-20,9.931433e-12,4.496722e-21,2.376725e-05,1375000000,6.998421e+01,4.875167e-03,3.168032e-04,1.537216e+01,1.089792e+00,-1.646965e-02,1.538863e+01,3.424659e+00,2.140621e-01,36791922,2.989787e+02,11000000000,11000000000,5.214303,4.823400,3,16,1.020651e+03,8.984136e+02
sz3,s3d/stat_planar.2.3500E-03.field.d64,1.000000e-03,1.538863e-02,3,3.629165e+06,7.976795e+06,5.284358e-05,3.533681e-03,3.077726e-02,1.538863e-02,1.538863e-02,1.844818e+17,1.000000e-03,6.919838e-20,9.931433e-12,4.496722e-21,2.376725e-05,1375000000,6.998421e+01,4.875167e-03,3.168032e-04,1.537216e+01,1.089792e+00,-1.646965e-02,1.538863e+01,3.424659e+00,2.140621e-01,36791922,2.989787e+02,11000000000,11000000000,10.995557,7.199256,1,16,2.063554e+03,1.327247e+03
sz3,s3d/stat_planar.2.3500E-03.field.d64,1.000000e-03,1.538863e-02,4,3.650846e+06,9.573542e+06,5.284358e-05,3.533681e-03,3.077726e-02,1.538863e-02,1.538863e-02,1.844818e+17,1.000000e-03,6.919838e-20,9.931433e-12,4.496722e-21,2.376725e-05,1375000000,6.998421e+01,4.875167e-03,3.168032e-04,1.537216e+01,1.089792e+00,-1.646965e-02,1.538863e+01,3.424659e+00,2.140621e-01,36791922,2.989787e+02,11000000000,11000000000,12.527400,5.184631,1,16,2.341079e+03,9.697617e+02
sz3,s3d/stat_planar.2.3500E-03.field.d64,1.000000e-03,1.538863e-02,5,3.687563e+06,1.074219e+07,5.284358e-05,3.533681e-03,3.077726e-02,1.538863e-02,1.538863e-02,1.844818e+17,1.000000e-03,6.919838e-20,9.931433e-12,4.496722e-21,2.376725e-05,1375000000,6.998421e+01,4.875167e-03,3.168032e-04,1.537216e+01,1.089792e+00,-1.646965e-02,1.538863e+01,3.424659e+00,2.140621e-01,36791922,2.989787e+02,11000000000,11000000000,11.403859,4.528452,4,16,2.137779e+03,8.638751e+02
sz3,s3d/stat_planar.2.3500E-03.field.d64,1.000000e-03,1.538863e-02,6,3.666667e+06,1.078431e+07,5.284358e-05,3.533681e-03,3.077726e-02,1.538863e-02,1.538863e-02,1.844818e+17,1.000000e-03,6.919838e-20,9.931433e-12,4.496722e-21,2.376725e-05,1375000000,6.998421e+01,4.875167e-03,3.168032e-04,1.537216e+01,1.089792e+00,-1.646965e-02,1.538863e+01,3.424659e+00,2.140621e-01,36791922,2.989787e+02,11000000000,11000000000,5.529524,4.750458,0,16,1.098916e+03,9.067342e+02
sz3,s3d/stat_planar.2.3500E-03.field.d64,1.000000e-03,1.538863e-02,0,1.081613e+07,1.547117e+07,5.044895e-04,3.592783e-03,3.077726e-02,1.538863e-02,1.538863e-02,3.941886e+17,1.000000e-03,6.919838e-20,3.281433e-12,4.496722e-21,2.425807e-05,1375000000,6.989543e+01,4.925248e-03,3.200577e-04,1.537216e+01,1.089792e+00,-1.646965e-02,1.538863e+01,3.424659e+00,2.183433e-01,37527751,2.931164e+02,11000000000,11000000000,3.213077,4.111219,3,32,6.247189e+02,7.571150e+02
sz3,s3d/stat_planar.2.3500E-03.field.d64,1.000000e-03,1.538863e-02,1,1.093439e+07,1.571429e+07,5.044895e-04,3.592783e-03,3.077726e-02,1.538863e-02,1.538863e-02,3.941886e+17,1.000000e-03,6.919838e-20,3.281433e-12,4.496722e-21,2.425807e-05,1375000000,6.989543e+01,4.925248e-03,3.200577e-04,1.537216e+01,1.089792e+00,-1.646965e-02,1.538863e+01,3.424659e+00,2.183433e-01,37527751,2.931164e+02,11000000000,11000000000,3.193043,4.089867,3,32,6.178194e+02,7.529060e+02
sz3,s3d/stat_planar.2.3500E-03.field.d64,1.000000e-03,1.538863e-02,2,5.629478e+06,1.886792e+07,5.044895e-04,3.592783e-03,3.077726e-02,1.538863e-02,1.538863e-02,3.941886e+17,1.000000e-03,6.919838e-20,3.281433e-12,4.496722e-21,2.425807e-05,1375000000,6.989543e+01,4.925248e-03,3.200577e-04,1.537216e+01,1.089792e+00,-1.646965e-02,1.538863e+01,3.424659e+00,2.183433e-01,37527751,2.931164e+02,11000000000,11000000000,5.507948,4.058270,3,32,1.073379e+03,7.559108e+02
sz3,s3d/stat_planar.2.3500E-03.field.d64,1.000000e-03,1.538863e-02,3,5.783386e+06,1.751592e+07,5.044895e-04,3.592783e-03,3.077726e-02,1.538863e-02,1.538863e-02,3.941886e+17,1.000000e-03,6.919838e-20,3.281433e-12,4.496722e-21,2.425807e-05,1375000000,6.989543e+01,4.925248e-03,3.200577e-04,1.537216e+01,1.089792e+00,-1.646965e-02,1.538863e+01,3.424659e+00,2.183433e-01,37527751,2.931164e+02,11000000000,11000000000,8.226065,5.866642,1,32,1.562785e+03,1.081268e+03
sz3,s3d/stat_planar.2.3500E-03.field.d64,1.000000e-03,1.538863e-02,4,5.792522e+06,1.779935e+07,5.044895e-04,3.592783e-03,3.077726e-02,1.538863e-02,1.538863e-02,3.941886e+17,1.000000e-03,6.919838e-20,3.281433e-12,4.496722e-21,2.425807e-05,1375000000,6.989543e+01,4.925248e-03,3.200577e-04,1.537216e+01,1.089792e+00,-1.646965e-02,1.538863e+01,3.424659e+00,2.183433e-01,37527751,2.931164e+02,11000000000,11000000000,11.466183,4.535590,1,32,2.147355e+03,8.446584e+02
sz3,s3d/stat_planar.2.3500E-03.field.d64,1.000000e-03,1.538863e-02,5,5.750131e+06,1.751592e+07,5.044895e-04,3.592783e-03,3.077726e-02,1.538863e-02,1.538863e-02,3.941886e+17,1.000000e-03,6.919838e-20,3.281433e-12,4.496722e-21,2.425807e-05,1375000000,6.989543e+01,4.925248e-03,3.200577e-04,1.537216e+01,1.089792e+00,-1.646965e-02,1.538863e+01,3.424659e+00,2.183433e-01,37527751,2.931164e+02,11000000000,11000000000,11.276657,6.444714,0,32,2.113364e+03,1.202086e+03
sz3,s3d/stat_planar.2.3500E-03.field.d64,1.000000e-03,1.538863e-02,6,6.017505e+06,1.788618e+07,5.044895e-04,3.592783e-03,3.077726e-02,1.538863e-02,1.538863e-02,3.941886e+17,1.000000e-03,6.919838e-20,3.281433e-12,4.496722e-21,2.425807e-05,1375000000,6.989543e+01,4.925248e-03,3.200577e-04,1.537216e+01,1.089792e+00,-1.646965e-02,1.538863e+01,3.424659e+00,2.183433e-01,37527751,2.931164e+02,11000000000,11000000000,4.393563,4.295819,0,32,8.879544e+02,8.154773e+02
sz3,s3d/stat_planar.2.3500E-03.field.d64,1.000000e-03,1.538863e-02,0,1.957295e+07,2.798982e+07,5.752195e-04,3.553362e-03,3.077726e-02,1.538863e-02,1.538863e-02,2.629083e+17,1.000000e-03,6.919838e-20,1.038923e-12,4.496722e-21,2.344226e-05,1375000000,7.004400e+01,4.841721e-03,3.146298e-04,1.537216e+01,1.089792e+00,-1.646965e-02,1.538863e+01,3.424659e+00,2.100999e-01,36110927,3.046169e+02,11000000000,11000000000,2.765293,3.934840,1,64,5.415103e+02,7.280601e+02
sz3,s3d/stat_planar.2.3500E-03.field.d64,1.000000e-03,1.538863e-02,1,1.974865e+07,2.910053e+07,5.752195e-04,3.553362e-03,3.077726e-02,1.538863e-02,1.538863e-02,2.629083e+17,1.000000e-03,6.919838e-20,1.038923e-12,4.496722e-21,2.344226e-05,1375000000,7.004400e+01,4.841721e-03,3.146298e-04,1.537216e+01,1.089792e+00,-1.646965e-02,1.538863e+01,3.424659e+00,2.100999e-01,36110927,3.046169e+02,11000000000,11000000000,2.741451,3.904043,1,64,5.371381e+02,7.224217e+02
sz3,s3d/stat_planar.2.3500E-03.field.d64,1.000000e-03,1.538863e-02,2,8.035062e+06,3.384615e+07,5.752195e-04,3.553362e-03,3.077726e-02,1.538863e-02,1.538863e-02,2.629083e+17,1.000000e-03,6.919838e-20,1.038923e-12,4.496722e-21,2.344226e-05,1375000000,7.004400e+01,4.841721e-03,3.146298e-04,1.537216e+01,1.089792e+00,-1.646965e-02,1.538863e+01,3.424659e+00,2.100999e-01,36110927,3.046169e+02,11000000000,11000000000,4.881289,4.011471,1,64,9.639937e+02,7.467029e+02
sz3,s3d/stat_planar.2.3500E-03.field.d64,1.000000e-03,1.538863e-02,3,8.258258e+06,2.784810e+07,5.752195e-04,3.553362e-03,3.077726e-02,1.538863e-02,1.538863e-02,2.629083e+17,1.000000e-03,6.919838e-20,1.038923e-12,4.496722e-21,2.344226e-05,1375000000,7.004400e+01,4.841721e-03,3.146298e-04,1.537216e+01,1.089792e+00,-1.646965e-02,1.538863e+01,3.424659e+00,2.100999e-01,36110927,3.046169e+02,11000000000,11000000000,7.325690,4.188673,1,64,1.404785e+03,7.785687e+02
sz3,s3d/stat_planar.2.3500E-03.field.d64,1.000000e-03,1.538863e-02,4,8.371385e+06,2.806122e+07,5.752195e-04,3.553362e-03,3.077726e-02,1.538863e-02,1.538863e-02,2.629083e+17,1.000000e-03,6.919838e-20,1.038923e-12,4.496722e-21,2.344226e-05,1375000000,7.004400e+01,4.841721e-03,3.146298e-04,1.537216e+01,1.089792e+00,-1.646965e-02,1.538863e+01,3.424659e+00,2.100999e-01,36110927,3.046169e+02,11000000000,11000000000,10.859541,4.287041,1,64,2.043161e+03,8.010441e+02
sz3,s3d/stat_planar.2.3500E-03.field.d64,1.000000e-03,1.538863e-02,5,8.500773e+06,2.813299e+07,5.752195e-04,3.553362e-03,3.077726e-02,1.538863e-02,1.538863e-02,2.629083e+17,1.000000e-03,6.919838e-20,1.038923e-12,4.496722e-21,2.344226e-05,1375000000,7.004400e+01,4.841721e-03,3.146298e-04,1.537216e+01,1.089792e+00,-1.646965e-02,1.538863e+01,3.424659e+00,2.100999e-01,36110927,3.046169e+02,11000000000,11000000000,10.826875,4.418426,1,64,2.038170e+03,8.251511e+02
sz3,s3d/stat_planar.2.3500E-03.field.d64,1.000000e-03,1.538863e-02,6,8.221226e+06,2.582160e+07,5.752195e-04,3.553362e-03,3.077726e-02,1.538863e-02,1.538863e-02,2.629083e+17,1.000000e-03,6.919838e-20,1.038923e-12,4.496722e-21,2.344226e-05,1375000000,7.004400e+01,4.841721e-03,3.146298e-04,1.537216e+01,1.089792e+00,-1.646965e-02,1.538863e+01,3.424659e+00,2.100999e-01,36110927,3.046169e+02,11000000000,11000000000,10.858208,4.026838,111,64,2.043974e+03,7.541800e+02
zfp,s3d/stat_planar.2.3500E-03.field.d64,1.000000e-03,1.538863e-02,0,8.385425e+05,9.163612e+05,1.084810e-06,4.344412e-05,3.065039e-03,1.578371e-03,1.578371e-03,8.094958e+15,1.025674e-04,2.310462e-20,2.517680e-14,1.501409e-21,5.747067e-09,1375000000,1.061495e+02,7.580941e-05,4.926327e-06,1.537216e+01,1.089792e+00,-1.646965e-02,1.538863e+01,3.424659e+00,1.774704e+00,305027184,3.606236e+01,11000000000,11000000000,15.313319,15.415953,3,1,2.691180e+03,2.708413e+03
zfp,s3d/stat_planar.2.3500E-03.field.d64,1.000000e-03,1.538863e-02,1,8.409786e+05,9.162849e+05,1.084810e-06,4.344412e-05,3.065039e-03,1.578371e-03,1.578371e-03,8.094958e+15,1.025674e-04,2.310462e-20,2.517680e-14,1.501409e-21,5.747067e-09,1375000000,1.061495e+02,7.580941e-05,4.926327e-06,1.537216e+01,1.089792e+00,-1.646965e-02,1.538863e+01,3.424659e+00,1.774704e+00,305027184,3.606236e+01,11000000000,11000000000,15.258914,15.413381,3,1,2.681298e+03,2.709595e+03
zfp,s3d/stat_planar.2.3500E-03.field.d64,1.000000e-03,1.538863e-02,2,8.298755e+05,9.167431e+05,1.084810e-06,4.344412e-05,3.065039e-03,1.578371e-03,1.578371e-03,8.094958e+15,1.025674e-04,2.310462e-20,2.517680e-14,1.501409e-21,5.747067e-09,1375000000,1.061495e+02,7.580941e-05,4.926327e-06,1.537216e+01,1.089792e+00,-1.646965e-02,1.538863e+01,3.424659e+00,1.774704e+00,305027184,3.606236e+01,11000000000,11000000000,16.858788,15.417835,3,1,2.971462e+03,2.713807e+03
zfp,s3d/stat_planar.2.3500E-03.field.d64,1.000000e-03,1.538863e-02,3,8.291874e+05,9.146848e+05,1.084810e-06,4.344412e-05,3.065039e-03,1.578371e-03,1.578371e-03,8.094958e+15,1.025674e-04,2.310462e-20,2.517680e-14,1.501409e-21,5.747067e-09,1375000000,1.061495e+02,7.580941e-05,4.926327e-06,1.537216e+01,1.089792e+00,-1.646965e-02,1.538863e+01,3.424659e+00,1.774704e+00,305027184,3.606236e+01,11000000000,11000000000,22.858579,18.406448,3,1,4.054966e+03,3.259769e+03
zfp,s3d/stat_planar.2.3500E-03.field.d64,1.000000e-03,1.538863e-02,4,8.325134e+05,9.108976e+05,1.084810e-06,4.344412e-05,3.065039e-03,1.578371e-03,1.578371e-03,8.094958e+15,1.025674e-04,2.310462e-20,2.517680e-14,1.501409e-21,5.747067e-09,1375000000,1.061495e+02,7.580941e-05,4.926327e-06,1.537216e+01,1.089792e+00,-1.646965e-02,1.538863e+01,3.424659e+00,1.774704e+00,305027184,3.606236e+01,11000000000,11000000000,22.765537,18.494022,3,1,4.034009e+03,3.272256e+03
zfp,s3d/stat_planar.2.3500E-03.field.d64,1.000000e-03,1.538863e-02,5,8.223684e+05,9.102946e+05,1.084810e-06,4.344412e-05,3.065039e-03,1.578371e-03,1.578371e-03,8.094958e+15,1.025674e-04,2.310462e-20,2.517680e-14,1.501409e-21,5.747067e-09,1375000000,1.061495e+02,7.580941e-05,4.926327e-06,1.537216e+01,1.089792e+00,-1.646965e-02,1.538863e+01,3.424659e+00,1.774704e+00,305027184,3.606236e+01,11000000000,11000000000,22.949713,18.491218,3,1,4.070524e+03,3.276885e+03
zfp,s3d/stat_planar.2.3500E-03.field.d64,1.000000e-03,1.538863e-02,6,8.283756e+05,9.099181e+05,1.084810e-06,4.344412e-05,3.065039e-03,1.578371e-03,1.578371e-03,8.094958e+15,1.025674e-04,2.310462e-20,2.517680e-14,1.501409e-21,5.747067e-09,1375000000,1.061495e+02,7.580941e-05,4.926327e-06,1.537216e+01,1.089792e+00,-1.646965e-02,1.538863e+01,3.424659e+00,1.774704e+00,305027184,3.606236e+01,11000000000,11000000000,22.843090,18.471266,3,1,4.049862e+03,3.266363e+03
zfp,s3d/stat_planar.2.3500E-03.field.d64,1.000000e-03,1.538863e-02,7,8.261980e+05,9.116526e+05,1.084810e-06,4.344412e-05,3.065039e-03,1.578371e-03,1.578371e-03,8.094958e+15,1.025674e-04,2.310462e-20,2.517680e-14,1.501409e-21,5.747067e-09,1375000000,1.061495e+02,7.580941e-05,4.926327e-06,1.537216e+01,1.089792e+00,-1.646965e-02,1.538863e+01,3.424659e+00,1.774704e+00,305027184,3.606236e+01,11000000000,11000000000,22.866298,18.625969,3,1,4.050926e+03,3.297999e+03
zfp,s3d/stat_planar.2.3500E-03.field.d64,1.000000e-03,1.538863e-02,0,8.260119e+05,9.175077e+05,1.084810e-06,4.344412e-05,3.065039e-03,1.578371e-03,1.578371e-03,8.094958e+15,1.025674e-04,2.310462e-20,2.517680e-14,1.501409e-21,5.747067e-09,1375000000,1.061495e+02,7.580941e-05,4.926327e-06,1.537216e+01,1.089792e+00,-1.646965e-02,1.538863e+01,3.424659e+00,1.774704e+00,305027184,3.606236e+01,11000000000,11000000000,15.437823,15.401060,51,2,2.713668e+03,2.706989e+03
zfp,s3d/stat_planar.2.3500E-03.field.d64,1.000000e-03,1.538863e-02,1,8.272543e+05,9.172017e+05,1.084810e-06,4.344412e-05,3.065039e-03,1.578371e-03,1.578371e-03,8.094958e+15,1.025674e-04,2.310462e-20,2.517680e-14,1.501409e-21,5.747067e-09,1375000000,1.061495e+02,7.580941e-05,4.926327e-06,1.537216e+01,1.089792e+00,-1.646965e-02,1.538863e+01,3.424659e+00,1.774704e+00,305027184,3.606236e+01,11000000000,11000000000,15.402751,15.384964,51,2,2.706353e+03,2.701793e+03
zfp,s3d/stat_planar.2.3500E-03.field.d64,1.000000e-03,1.538863e-02,2,8.296877e+05,9.175843e+05,1.084810e-06,4.344412e-05,3.065039e-03,1.578371e-03,1.578371e-03,8.094958e+15,1.025674e-04,2.310462e-20,2.517680e-14,1.501409e-21,5.747067e-09,1375000000,1.061495e+02,7.580941e-05,4.926327e-06,1.537216e+01,1.089792e+00,-1.646965e-02,1.538863e+01,3.424659e+00,1.774704e+00,305027184,3.606236e+01,11000000000,11000000000,15.374652,15.374748,51,2,2.699968e+03,2.699619e+03
zfp,s3d/stat_planar.2.3500E-03.field.d64,1.000000e-03,1.538863e-02,3,8.217541e+05,9.184270e+05,1.084810e-06,4.344412e-05,3.065039e-03,1.578371e-03,1.578371e-03,8.094958e+15,1.025674e-04,2.310462e-20,2.517680e-14,1.501409e-21,5.747067e-09,1375000000,1.061495e+02,7.580941e-05,4.926327e-06,1.537216e+01,1.089792e+00,-1.646965e-02,1.538863e+01,3.424659e+00,1.774704e+00,305027184,3.606236e+01,11000000000,11000000000,21.510126,17.790777,51,2,3.805812e+03,3.143380e+03
zfp,s3d/stat_planar.2.3500E-03.field.d64,1.000000e-03,1.538863e-02,4,8.176615e+05,9.129388e+05,1.084810e-06,4.344412e-05,3.065039e-03,1.578371e-03,1.578371e-03,8.094958e+15,1.025674e-04,2.310462e-20,2.517680e-14,1.501409e-21,5.747067e-09,1375000000,1.061495e+02,7.580941e-05,4.926327e-06,1.537216e+01,1.089792e+00,-1.646965e-02,1.538863e+01,3.424659e+00,1.774704e+00,305027184,3.606236e+01,11000000000,11000000000,22.914992,18.418760,51,2,4.060834e+03,3.258641e+03
zfp,s3d/stat_planar.2.3500E-03.field.d64,1.000000e-03,1.538863e-02,5,8.181480e+05,9.116526e+05,1.084810e-06,4.344412e-05,3.065039e-03,1.578371e-03,1.578371e-03,8.094958e+15,1.025674e-04,2.310462e-20,2.517680e-14,1.501409e-21,5.747067e-09,1375000000,1.061495e+02,7.580941e-05,4.926327e-06,1.537216e+01,1.089792e+00,-1.646965e-02,1.538863e+01,3.424659e+00,1.774704e+00,305027184,3.606236e+01,11000000000,11000000000,22.912211,18.432395,51,2,4.059341e+03,3.262188e+03
zfp,s3d/stat_planar.2.3500E-03.field.d64,1.000000e-03,1.538863e-02,6,8.171148e+05,9.134695e+05,1.084810e-06,4.344412e-05,3.065039e-03,1.578371e-03,1.578371e-03,8.094958e+15,1.025674e-04,2.310462e-20,2.517680e-14,1.501409e-21,5.747067e-09,1375000000,1.061495e+02,7.580941e-05,4.926327e-06,1.537216e+01,1.089792e+00,-1.646965e-02,1.538863e+01,3.424659e+00,1.774704e+00,305027184,3.606236e+01,11000000000,11000000000,22.918323,18.410131,51,2,4.060212e+03,3.255454e+03
zfp,s3d/stat_planar.2.3500E-03.field.d64,1.000000e-03,1.538863e-02,7,8.168721e+05,9.169723e+05,1.084810e-06,4.344412e-05,3.065039e-03,1.578371e-03,1.578371e-03,8.094958e+15,1.025674e-04,2.310462e-20,2.517680e-14,1.501409e-21,5.747067e-09,1375000000,1.061495e+02,7.580941e-05,4.926327e-06,1.537216e+01,1.089792e+00,-1.646965e-02,1.538863e+01,3.424659e+00,1.774704e+00,305027184,3.606236e+01,11000000000,11000000000,22.959313,18.374344,51,2,4.070031e+03,3.250228e+03
zfp,s3d/stat_planar.2.3500E-03.field.d64,1.000000e-03,1.538863e-02,0,8.364383e+05,9.195787e+05,1.084810e-06,4.344412e-05,3.065039e-03,1.578371e-03,1.578371e-03,8.094958e+15,1.025674e-04,2.310462e-20,2.517680e-14,1.501409e-21,5.747067e-09,1375000000,1.061495e+02,7.580941e-05,4.926327e-06,1.537216e+01,1.089792e+00,-1.646965e-02,1.538863e+01,3.424659e+00,1.774704e+00,305027184,3.606236e+01,11000000000,11000000000,15.282385,15.379374,77,4,2.685305e+03,2.702742e+03
zfp,s3d/stat_planar.2.3500E-03.field.d64,1.000000e-03,1.538863e-02,1,8.385425e+05,9.207332e+05,1.084810e-06,4.344412e-05,3.065039e-03,1.578371e-03,1.578371e-03,8.094958e+15,1.025674e-04,2.310462e-20,2.517680e-14,1.501409e-21,5.747067e-09,1375000000,1.061495e+02,7.580941e-05,4.926327e-06,1.537216e+01,1.089792e+00,-1.646965e-02,1.538863e+01,3.424659e+00,1.774704e+00,305027184,3.606236e+01,11000000000,11000000000,15.226434,15.359973,77,4,2.679518e+03,2.698250e+03
zfp,s3d/stat_planar.2.3500E-03.field.d64,1.000000e-03,1.538863e-02,2,8.256399e+05,9.177374e+05,1.084810e-06,4.344412e-05,3.065039e-03,1.578371e-03,1.578371e-03,8.094958e+15,1.025674e-04,2.310462e-20,2.517680e-14,1.501409e-21,5.747067e-09,1375000000,1.061495e+02,7.580941e-05,4.926327e-06,1.537216e+01,1.089792e+00,-1.646965e-02,1.538863e+01,3.424659e+00,1.774704e+00,305027184,3.606236e+01,11000000000,11000000000,16.826918,15.978969,77,4,2.963559e+03,2.811487e+03
zfp,s3d/stat_planar.2.3500E-03.field.d64,1.000000e-03,1.538863e-02,3,8.303140e+05,9.198863e+05,1.084810e-06,4.344412e-05,3.065039e-03,1.578371e-03,1.578371e-03,8.094958e+15,1.025674e-04,2.310462e-20,2.517680e-14,1.501409e-21,5.747067e-09,1375000000,1.061495e+02,7.580941e-05,4.926327e-06,1.537216e+01,1.089792e+00,-1.646965e-02,1.538863e+01,3.424659e+00,1.774704e+00,305027184,3.606236e+01,11000000000,11000000000,22.691653,15.518241,77,4,4.018742e+03,2.739203e+03
zfp,s3d/stat_planar.2.3500E-03.field.d64,1.000000e-03,1.538863e-02,4,8.282509e+05,9.197324e+05,1.084810e-06,4.344412e-05,3.065039e-03,1.578371e-03,1.578371e-03,8.094958e+15,1.025674e-04,2.310462e-20,2.517680e-14,1.501409e-21,5.747067e-09,1375000000,1.061495e+02,7.580941e-05,4.926327e-06,1.537216e+01,1.089792e+00,-1.646965e-02,1.538863e+01,3.424659e+00,1.774704e+00,305027184,3.606236e+01,11000000000,11000000000,22.766824,15.501543,77,4,4.034499e+03,2.736756e+03
zfp,s3d/stat_planar.2.3500E-03.field.d64,1.000000e-03,1.538863e-02,5,8.253301e+05,9.199632e+05,1.084810e-06,4.344412e-05,3.065039e-03,1.578371e-03,1.578371e-03,8.094958e+15,1.025674e-04,2.310462e-20,2.517680e-14,1.501409e-21,5.747067e-09,1375000000,1.061495e+02,7.580941e-05,4.926327e-06,1.537216e+01,1.089792e+00,-1.646965e-02,1.538863e+01,3.424659e+00,1.774704e+00,305027184,3.606236e+01,11000000000,11000000000,22.802598,18.279872,77,4,4.040634e+03,3.232559e+03
zfp,s3d/stat_planar.2.3500E-03.field.d64,1.000000e-03,1.538863e-02,6,8.250825e+05,9.198863e+05,1.084810e-06,4.344412e-05,3.065039e-03,1.578371e-03,1.578371e-03,8.094958e+15,1.025674e-04,2.310462e-20,2.517680e-14,1.501409e-21,5.747067e-09,1375000000,1.061495e+02,7.580941e-05,4.926327e-06,1.537216e+01,1.089792e+00,-1.646965e-02,1.538863e+01,3.424659e+00,1.774704e+00,305027184,3.606236e+01,11000000000,11000000000,22.812146,18.292912,77,4,4.040507e+03,3.234274e+03
zfp,s3d/stat_planar.2.3500E-03.field.d64,1.000000e-03,1.538863e-02,7,8.308785e+05,9.149131e+05,1.084810e-06,4.344412e-05,3.065039e-03,1.578371e-03,1.578371e-03,8.094958e+15,1.025674e-04,2.310462e-20,2.517680e-14,1.501409e-21,5.747067e-09,1375000000,1.061495e+02,7.580941e-05,4.926327e-06,1.537216e+01,1.089792e+00,-1.646965e-02,1.538863e+01,3.424659e+00,1.774704e+00,305027184,3.606236e+01,11000000000,11000000000,22.742527,18.371211,77,4,4.027821e+03,3.249033e+03
zfp,s3d/stat_planar.2.3500E-03.field.d64,1.000000e-03,1.538863e-02,0,8.379037e+05,9.190409e+05,1.084810e-06,4.344412e-05,3.065039e-03,1.578371e-03,1.578371e-03,8.094958e+15,1.025674e-04,2.310462e-20,2.517680e-14,1.501409e-21,5.747067e-09,1375000000,1.061495e+02,7.580941e-05,4.926327e-06,1.537216e+01,1.089792e+00,-1.646965e-02,1.538863e+01,3.424659e+00,1.774704e+00,305027184,3.606236e+01,11000000000,11000000000,15.328747,15.383533,3,8,2.693455e+03,2.701898e+03
zfp,s3d/stat_planar.2.3500E-03.field.d64,1.000000e-03,1.538863e-02,1,8.398870e+05,9.193481e+05,1.084810e-06,4.344412e-05,3.065039e-03,1.578371e-03,1.578371e-03,8.094958e+15,1.025674e-04,2.310462e-20,2.517680e-14,1.501409e-21,5.747067e-09,1375000000,1.061495e+02,7.580941e-05,4.926327e-06,1.537216e+01,1.089792e+00,-1.646965e-02,1.538863e+01,3.424659e+00,1.774704e+00,305027184,3.606236e+01,11000000000,11000000000,15.279194,15.378168,3,8,2.682990e+03,2.702104e+03
zfp,s3d/stat_planar.2.3500E-03.field.d64,1.000000e-03,1.538863e-02,2,8.245259e+05,9.181204e+05,1.084810e-06,4.344412e-05,3.065039e-03,1.578371e-03,1.578371e-03,8.094958e+15,1.025674e-04,2.310462e-20,2.517680e-14,1.501409e-21,5.747067e-09,1375000000,1.061495e+02,7.580941e-05,4.926327e-06,1.537216e+01,1.089792e+00,-1.646965e-02,1.538863e+01,3.424659e+00,1.774704e+00,305027184,3.606236e+01,11000000000,11000000000,16.917896,15.401047,3,8,2.981461e+03,2.710493e+03
zfp,s3d/stat_planar.2.3500E-03.field.d64,1.000000e-03,1.538863e-02,3,8.279392e+05,9.171252e+05,1.084810e-06,4.344412e-05,3.065039e-03,1.578371e-03,1.578371e-03,8.094958e+15,1.025674e-04,2.310462e-20,2.517680e-14,1.501409e-21,5.747067e-09,1375000000,1.061495e+02,7.580941e-05,4.926327e-06,1.537216e+01,1.089792e+00,-1.646965e-02,1.538863e+01,3.424659e+00,1.774704e+00,305027184,3.606236e+01,11000000000,11000000000,22.873904,18.362863,3,8,4.053072e+03,3.247921e+03
zfp,s3d/stat_planar.2.3500E-03.field.d64,1.000000e-03,1.538863e-02,4,8.307530e+05,9.133178e+05,1.084810e-06,4.344412e-05,3.065039e-03,1.578371e-03,1.578371e-03,8.094958e+15,1.025674e-04,2.310462e-20,2.517680e-14,1.501409e-21,5.747067e-09,1375000000,1.061495e+02,7.580941e-05,4.926327e-06,1.537216e+01,1.089792e+00,-1.646965e-02,1.538863e+01,3.424659e+00,1.774704e+00,305027184,3.606236e+01,11000000000,11000000000,22.792456,18.439436,3,8,4.039396e+03,3.265853e+03
zfp,s3d/stat_planar.2.3500E-03.field.d64,1.000000e-03,1.538863e-02,5,8.268812e+05,9.125601e+05,1.084810e-06,4.344412e-05,3.065039e-03,1.578371e-03,1.578371e-03,8.094958e+15,1.025674e-04,2.310462e-20,2.517680e-14,1.501409e-21,5.747067e-09,1375000000,1.061495e+02,7.580941e-05,4.926327e-06,1.537216e+01,1.089792e+00,-1.646965e-02,1.538863e+01,3.424659e+00,1.774704e+00,305027184,3.606236e+01,11000000000,11000000000,22.873020,18.454160,3,8,4.056672e+03,3.266627e+03
zfp,s3d/stat_planar.2.3500E-03.field.d64,1.000000e-03,1.538863e-02,6,8.221226e+05,9.122574e+05,1.084810e-06,4.344412e-05,3.065039e-03,1.578371e-03,1.578371e-03,8.094958e+15,1.025674e-04,2.310462e-20,2.517680e-14,1.501409e-21,5.747067e-09,1375000000,1.061495e+02,7.580941e-05,4.926327e-06,1.537216e+01,1.089792e+00,-1.646965e-02,1.538863e+01,3.424659e+00,1.774704e+00,305027184,3.606236e+01,11000000000,11000000000,22.941474,18.440236,3,8,4.072300e+03,3.264961e+03
zfp,s3d/stat_planar.2.3500E-03.field.d64,1.000000e-03,1.538863e-02,7,8.242788e+05,9.143047e+05,1.084810e-06,4.344412e-05,3.065039e-03,1.578371e-03,1.578371e-03,8.094958e+15,1.025674e-04,2.310462e-20,2.517680e-14,1.501409e-21,5.747067e-09,1375000000,1.061495e+02,7.580941e-05,4.926327e-06,1.537216e+01,1.089792e+00,-1.646965e-02,1.538863e+01,3.424659e+00,1.774704e+00,305027184,3.606236e+01,11000000000,11000000000,22.895385,18.391173,3,8,4.058857e+03,3.255088e+03
zfp,s3d/stat_planar.2.3500E-03.field.d64,1.000000e-03,1.538863e-02,0,8.429119e+05,9.190409e+05,1.084810e-06,4.344412e-05,3.065039e-03,1.578371e-03,1.578371e-03,8.094958e+15,1.025674e-04,2.310462e-20,2.517680e-14,1.501409e-21,5.747067e-09,1375000000,1.061495e+02,7.580941e-05,4.926327e-06,1.537216e+01,1.089792e+00,-1.646965e-02,1.538863e+01,3.424659e+00,1.774704e+00,305027184,3.606236e+01,11000000000,11000000000,15.250959,15.384390,3,16,2.683693e+03,2.703665e+03
zfp,s3d/stat_planar.2.3500E-03.field.d64,1.000000e-03,1.538863e-02,1,8.434936e+05,9.189641e+05,1.084810e-06,4.344412e-05,3.065039e-03,1.578371e-03,1.578371e-03,8.094958e+15,1.025674e-04,2.310462e-20,2.517680e-14,1.501409e-21,5.747067e-09,1375000000,1.061495e+02,7.580941e-05,4.926327e-06,1.537216e+01,1.089792e+00,-1.646965e-02,1.538863e+01,3.424659e+00,1.774704e+00,305027184,3.606236e+01,11000000000,11000000000,15.222428,15.383843,3,16,2.675955e+03,2.706417e+03
zfp,s3d/stat_planar.2.3500E-03.field.d64,1.000000e-03,1.538863e-02,2,8.298755e+05,9.192713e+05,1.084810e-06,4.344412e-05,3.065039e-03,1.578371e-03,1.578371e-03,8.094958e+15,1.025674e-04,2.310462e-20,2.517680e-14,1.501409e-21,5.747067e-09,1375000000,1.061495e+02,7.580941e-05,4.926327e-06,1.537216e+01,1.089792e+00,-1.646965e-02,1.538863e+01,3.424659e+00,1.774704e+00,305027184,3.606236e+01,11000000000,11000000000,16.839757,15.391078,3,16,2.969932e+03,2.705987e+03
zfp,s3d/stat_planar.2.3500E-03.field.d64,1.000000e-03,1.538863e-02,3,8.309412e+05,9.165903e+05,1.084810e-06,4.344412e-05,3.065039e-03,1.578371e-03,1.578371e-03,8.094958e+15,1.025674e-04,2.310462e-20,2.517680e-14,1.501409e-21,5.747067e-09,1375000000,1.061495e+02,7.580941e-05,4.926327e-06,1.537216e+01,1.089792e+00,-1.646965e-02,1.538863e+01,3.424659e+00,1.774704e+00,305027184,3.606236e+01,11000000000,11000000000,22.827423,18.385313,3,16,4.044161e+03,3.254354e+03
zfp,s3d/stat_planar.2.3500E-03.field.d64,1.000000e-03,1.538863e-02,4,8.270677e+05,9.133937e+05,1.084810e-06,4.344412e-05,3.065039e-03,1.578371e-03,1.578371e-03,8.094958e+15,1.025674e-04,2.310462e-20,2.517680e-14,1.501409e-21,5.747067e-09,1375000000,1.061495e+02,7.580941e-05,4.926327e-06,1.537216e+01,1.089792e+00,-1.646965e-02,1.538863e+01,3.424659e+00,1.774704e+00,305027184,3.606236e+01,11000000000,11000000000,22.852098,18.459312,3,16,4.057496e+03,3.268237e+03
zfp,s3d/stat_planar.2.3500E-03.field.d64,1.000000e-03,1.538863e-02,5,8.295000e+05,9.127873e+05,1.084810e-06,4.344412e-05,3.065039e-03,1.578371e-03,1.578371e-03,8.094958e+15,1.025674e-04,2.310462e-20,2.517680e-14,1.501409e-21,5.747067e-09,1375000000,1.061495e+02,7.580941e-05,4.926327e-06,1.537216e+01,1.089792e+00,-1.646965e-02,1.538863e+01,3.424659e+00,1.774704e+00,305027184,3.606236e+01,11000000000,11000000000,22.836538,18.468540,3,16,4.044699e+03,3.266816e+03
zfp,s3d/stat_planar.2.3500E-03.field.d64,1.000000e-03,1.538863e-02,6,8.232301e+05,9.123331e+05,1.084810e-06,4.344412e-05,3.065039e-03,1.578371e-03,1.578371e-03,8.094958e+15,1.025674e-04,2.310462e-20,2.517680e-14,1.501409e-21,5.747067e-09,1375000000,1.061495e+02,7.580941e-05,4.926327e-06,1.537216e+01,1.089792e+00,-1.646965e-02,1.538863e+01,3.424659e+00,1.774704e+00,305027184,3.606236e+01,11000000000,11000000000,22.930630,18.457332,3,16,4.067796e+03,3.267407e+03
zfp,s3d/stat_planar.2.3500E-03.field.d64,1.000000e-03,1.538863e-02,7,8.266326e+05,9.139249e+05,1.084810e-06,4.344412e-05,3.065039e-03,1.578371e-03,1.578371e-03,8.094958e+15,1.025674e-04,2.310462e-20,2.517680e-14,1.501409e-21,5.747067e-09,1375000000,1.061495e+02,7.580941e-05,4.926327e-06,1.537216e+01,1.089792e+00,-1.646965e-02,1.538863e+01,3.424659e+00,1.774704e+00,305027184,3.606236e+01,11000000000,11000000000,22.861609,18.422721,3,16,4.052392e+03,3.257383e+03
zfp,s3d/stat_planar.2.3500E-03.field.d64,1.000000e-03,1.538863e-02,0,8.366928e+05,9.192713e+05,1.084810e-06,4.344412e-05,3.065039e-03,1.578371e-03,1.578371e-03,8.094958e+15,1.025674e-04,2.310462e-20,2.517680e-14,1.501409e-21,5.747067e-09,1375000000,1.061495e+02,7.580941e-05,4.926327e-06,1.537216e+01,1.089792e+00,-1.646965e-02,1.538863e+01,3.424659e+00,1.774704e+00,305027184,3.606236e+01,11000000000,11000000000,15.345838,15.378139,3,32,2.697123e+03,2.703028e+03
zfp,s3d/stat_planar.2.3500E-03.field.d64,1.000000e-03,1.538863e-02,1,8.377761e+05,9.191176e+05,1.084810e-06,4.344412e-05,3.065039e-03,1.578371e-03,1.578371e-03,8.094958e+15,1.025674e-04,2.310462e-20,2.517680e-14,1.501409e-21,5.747067e-09,1375000000,1.061495e+02,7.580941e-05,4.926327e-06,1.537216e+01,1.089792e+00,-1.646965e-02,1.538863e+01,3.424659e+00,1.774704e+00,305027184,3.606236e+01,11000000000,11000000000,15.309413,15.377962,3,32,2.691016e+03,2.703057e+03
zfp,s3d/stat_planar.2.3500E-03.field.d64,1.000000e-03,1.538863e-02,2,8.264463e+05,9.193481e+05,1.084810e-06,4.344412e-05,3.065039e-03,1.578371e-03,1.578371e-03,8.094958e+15,1.025674e-04,2.310462e-20,2.517680e-14,1.501409e-21,5.747067e-09,1375000000,1.061495e+02,7.580941e-05,4.926327e-06,1.537216e+01,1.089792e+00,-1.646965e-02,1.538863e+01,3.424659e+00,1.774704e+00,305027184,3.606236e+01,11000000000,11000000000,16.881648,15.384828,3,32,2.975450e+03,2.707610e+03
zfp,s3d/stat_planar.2.3500E-03.field.d64,1.000000e-03,1.538863e-02,3,8.285004e+05,9.173547e+05,1.084810e-06,4.344412e-05,3.065039e-03,1.578371e-03,1.578371e-03,8.094958e+15,1.025674e-04,2.310462e-20,2.517680e-14,1.501409e-21,5.747067e-09,1375000000,1.061495e+02,7.580941e-05,4.926327e-06,1.537216e+01,1.089792e+00,-1.646965e-02,1.538863e+01,3.424659e+00,1.774704e+00,305027184,3.606236e+01,11000000000,11000000000,22.862605,18.349511,3,32,4.054701e+03,3.245307e+03
zfp,s3d/stat_planar.2.3500E-03.field.d64,1.000000e-03,1.538863e-02,4,8.288750e+05,9.131662e+05,1.084810e-06,4.344412e-05,3.065039e-03,1.578371e-03,1.578371e-03,8.094958e+15,1.025674e-04,2.310462e-20,2.517680e-14,1.501409e-21,5.747067e-09,1375000000,1.061495e+02,7.580941e-05,4.926327e-06,1.537216e+01,1.089792e+00,-1.646965e-02,1.538863e+01,3.424659e+00,1.774704e+00,305027184,3.606236e+01,11000000000,11000000000,22.821806,18.438452,3,32,4.043516e+03,3.265424e+03
zfp,s3d/stat_planar.2.3500E-03.field.d64,1.000000e-03,1.538863e-02,5,8.232301e+05,9.132420e+05,1.084810e-06,4.344412e-05,3.065039e-03,1.578371e-03,1.578371e-03,8.094958e+15,1.025674e-04,2.310462e-20,2.517680e-14,1.501409e-21,5.747067e-09,1375000000,1.061495e+02,7.580941e-05,4.926327e-06,1.537216e+01,1.089792e+00,-1.646965e-02,1.538863e+01,3.424659e+00,1.774704e+00,305027184,3.606236e+01,11000000000,11000000000,22.931856,18.435313,3,32,4.069989e+03,3.262695e+03
zfp,s3d/stat_planar.2.3500E-03.field.d64,1.000000e-03,1.538863e-02,6,8.247114e+05,9.122574e+05,1.084810e-06,4.344412e-05,3.065039e-03,1.578371e-03,1.578371e-03,8.094958e+15,1.025674e-04,2.310462e-20,2.517680e-14,1.501409e-21,5.747067e-09,1375000000,1.061495e+02,7.580941e-05,4.926327e-06,1.537216e+01,1.089792e+00,-1.646965e-02,1.538863e+01,3.424659e+00,1.774704e+00,305027184,3.606236e+01,11000000000,11000000000,22.900061,18.633386,3,32,4.056166e+03,3.299227e+03
zfp,s3d/stat_planar.2.3500E-03.field.d64,1.000000e-03,1.538863e-02,7,8.206506e+05,9.135454e+05,1.084810e-06,4.344412e-05,3.065039e-03,1.578371e-03,1.578371e-03,8.094958e+15,1.025674e-04,2.310462e-20,2.517680e-14,1.501409e-21,5.747067e-09,1375000000,1.061495e+02,7.580941e-05,4.926327e-06,1.537216e+01,1.089792e+00,-1.646965e-02,1.538863e+01,3.424659e+00,1.774704e+00,305027184,3.606236e+01,11000000000,11000000000,22.955025,18.397969,3,32,4.075518e+03,3.263412e+03
zfp,s3d/stat_planar.2.3500E-03.field.d64,1.000000e-03,1.538863e-02,0,8.418153e+05,9.177374e+05,1.084810e-06,4.344412e-05,3.065039e-03,1.578371e-03,1.578371e-03,8.094958e+15,1.025674e-04,2.310462e-20,2.517680e-14,1.501409e-21,5.747067e-09,1375000000,1.061495e+02,7.580941e-05,4.926327e-06,1.537216e+01,1.089792e+00,-1.646965e-02,1.538863e+01,3.424659e+00,1.774704e+00,305027184,3.606236e+01,11000000000,11000000000,15.263388,15.396957,3,64,2.681345e+03,2.704133e+03
zfp,s3d/stat_planar.2.3500E-03.field.d64,1.000000e-03,1.538863e-02,1,8.436230e+05,9.172017e+05,1.084810e-06,4.344412e-05,3.065039e-03,1.578371e-03,1.578371e-03,8.094958e+15,1.025674e-04,2.310462e-20,2.517680e-14,1.501409e-21,5.747067e-09,1375000000,1.061495e+02,7.580941e-05,4.926327e-06,1.537216e+01,1.089792e+00,-1.646965e-02,1.538863e+01,3.424659e+00,1.774704e+00,305027184,3.606236e+01,11000000000,11000000000,15.219264,15.403807,3,64,2.674944e+03,2.710283e+03
zfp,s3d/stat_planar.2.3500E-03.field.d64,1.000000e-03,1.538863e-02,2,8.260119e+05,9.172782e+05,1.084810e-06,4.344412e-05,3.065039e-03,1.578371e-03,1.578371e-03,8.094958e+15,1.025674e-04,2.310462e-20,2.517680e-14,1.501409e-21,5.747067e-09,1375000000,1.061495e+02,7.580941e-05,4.926327e-06,1.537216e+01,1.089792e+00,-1.646965e-02,1.538863e+01,3.424659e+00,1.774704e+00,305027184,3.606236e+01,11000000000,11000000000,16.890606,15.412065,3,64,2.979253e+03,2.711705e+03
zfp,s3d/stat_planar.2.3500E-03.field.d64,1.000000e-03,1.538863e-02,3,8.296877e+05,9.158272e+05,1.084810e-06,4.344412e-05,3.065039e-03,1.578371e-03,1.578371e-03,8.094958e+15,1.025674e-04,2.310462e-20,2.517680e-14,1.501409e-21,5.747067e-09,1375000000,1.061495e+02,7.580941e-05,4.926327e-06,1.537216e+01,1.089792e+00,-1.646965e-02,1.538863e+01,3.424659e+00,1.774704e+00,305027184,3.606236e+01,11000000000,11000000000,22.843418,18.379977,3,64,4.045975e+03,3.250380e+03
zfp,s3d/stat_planar.2.3500E-03.field.d64,1.000000e-03,1.538863e-02,4,8.325134e+05,9.122574e+05,1.084810e-06,4.344412e-05,3.065039e-03,1.578371e-03,1.578371e-03,8.094958e+15,1.025674e-04,2.310462e-20,2.517680e-14,1.501409e-21,5.747067e-09,1375000000,1.061495e+02,7.580941e-05,4.926327e-06,1.537216e+01,1.089792e+00,-1.646965e-02,1.538863e+01,3.424659e+00,1.774704e+00,305027184,3.606236e+01,11000000000,11000000000,22.766390,18.448441,3,64,4.038500e+03,3.268522e+03
zfp,s3d/stat_planar.2.3500E-03.field.d64,1.000000e-03,1.538863e-02,5,8.233533e+05,9.115770e+05,1.084810e-06,4.344412e-05,3.065039e-03,1.578371e-03,1.578371e-03,8.094958e+15,1.025674e-04,2.310462e-20,2.517680e-14,1.501409e-21,5.747067e-09,1375000000,1.061495e+02,7.580941e-05,4.926327e-06,1.537216e+01,1.089792e+00,-1.646965e-02,1.538863e+01,3.424659e+00,1.774704e+00,305027184,3.606236e+01,11000000000,11000000000,22.932833,18.472842,3,64,4.071362e+03,3.273948e+03
zfp,s3d/stat_planar.2.3500E-03.field.d64,1.000000e-03,1.538863e-02,6,8.257638e+05,9.106714e+05,1.084810e-06,4.344412e-05,3.065039e-03,1.578371e-03,1.578371e-03,8.094958e+15,1.025674e-04,2.310462e-20,2.517680e-14,1.501409e-21,5.747067e-09,1375000000,1.061495e+02,7.580941e-05,4.926327e-06,1.537216e+01,1.089792e+00,-1.646965e-02,1.538863e+01,3.424659e+00,1.774704e+00,305027184,3.606236e+01,11000000000,11000000000,22.884415,18.455139,3,64,4.058755e+03,3.267125e+03
zfp,s3d/stat_planar.2.3500E-03.field.d64,1.000000e-03,1.538863e-02,7,8.273165e+05,9.130146e+05,1.084810e-06,4.344412e-05,3.065039e-03,1.578371e-03,1.578371e-03,8.094958e+15,1.025674e-04,2.310462e-20,2.517680e-14,1.501409e-21,5.747067e-09,1375000000,1.061495e+02,7.580941e-05,4.926327e-06,1.537216e+01,1.089792e+00,-1.646965e-02,1.538863e+01,3.424659e+00,1.774704e+00,305027184,3.606236e+01,11000000000,11000000000,22.851913,18.418979,3,64,4.050233e+03,3.259592e+03
qoz,s3d/stat_planar.2.3500E-03.field.d64,1.000000e-03,1.538863e-02,0,4.624569e+05,1.199956e+06,-8.660867e-05,3.673781e-03,3.077725e-02,1.538863e-02,1.538863e-02,2.593948e+17,1.000000e-03,3.045470e-17,1.476842e-12,1.979039e-18,2.340124e-05,1375000000,7.005161e+01,4.837483e-03,3.143544e-04,1.537216e+01,1.089792e+00,-1.646965e-02,1.538863e+01,3.424659e+00,2.130831e-01,36623660,3.003523e+02,11000000000,11000000000,25.982922,12.580963,3,1,4.570684e+03,2.212560e+03
qoz,s3d/stat_planar.2.3500E-03.field.d64,1.000000e-03,1.538863e-02,1,5.727377e+05,1.201923e+06,-1.317139e-18,1.360627e-16,1.225686e-13,7.105427e-14,7.105427e-14,3.969000e+03,4.608220e-15,0.000000e+00,0.000000e+00,0.000000e+00,2.937053e-31,1375000000,3.290820e+02,5.419458e-16,3.514786e-17,1.538744e+01,1.089878e+00,-3.158609e-02,1.541903e+01,3.424596e+00,2.130831e-01,36623660,3.003523e+02,11000000000,11000000000,21.400945,12.563739,3,1,3.760937e+03,2.205972e+03
qoz,s3d/stat_planar.2.3500E-03.field.d64,1.000000e-03,1.538863e-02,2,5.116279e+05,9.399299e+05,-1.317139e-18,1.360627e-16,1.225686e-13,7.105427e-14,7.105427e-14,3.969000e+03,4.608220e-15,0.000000e+00,0.000000e+00,0.000000e+00,2.937053e-31,1375000000,3.290820e+02,5.419458e-16,3.514786e-17,1.538744e+01,1.089878e+00,-3.158609e-02,1.541903e+01,3.424596e+00,2.130831e-01,36623660,3.003523e+02,11000000000,11000000000,24.899700,15.118893,3,1,4.403115e+03,2.689771e+03
qoz,s3d/stat_planar.2.3500E-03.field.d64,1.000000e-03,1.538863e-02,3,5.135627e+05,9.411362e+05,-1.317139e-18,1.360627e-16,1.225686e-13,7.105427e-14,7.105427e-14,3.969000e+03,4.608220e-15,0.000000e+00,0.000000e+00,0.000000e+00,2.937053e-31,1375000000,3.290820e+02,5.419458e-16,3.514786e-17,1.538744e+01,1.089878e+00,-3.158609e-02,1.541903e+01,3.424596e+00,2.130831e-01,36623660,3.003523e+02,11000000000,11000000000,30.982224,15.238889,3,1,5.507158e+03,2.715049e+03
qoz,s3d/stat_planar.2.3500E-03.field.d64,1.000000e-03,1.538863e-02,4,5.138026e+05,9.410557e+05,-1.317139e-18,1.360627e-16,1.225686e-13,7.105427e-14,7.105427e-14,3.969000e+03,4.608220e-15,0.000000e+00,0.000000e+00,0.000000e+00,2.937053e-31,1375000000,3.290820e+02,5.419458e-16,3.514786e-17,1.538744e+01,1.089878e+00,-3.158609e-02,1.541903e+01,3.424596e+00,2.130831e-01,36623660,3.003523e+02,11000000000,11000000000,30.991834,18.042217,3,1,5.498934e+03,3.222879e+03
qoz,s3d/stat_planar.2.3500E-03.field.d64,1.000000e-03,1.538863e-02,5,5.143311e+05,9.410557e+05,-1.317139e-18,1.360627e-16,1.225686e-13,7.105427e-14,7.105427e-14,3.969000e+03,4.608220e-15,0.000000e+00,0.000000e+00,0.000000e+00,2.937053e-31,1375000000,3.290820e+02,5.419458e-16,3.514786e-17,1.538744e+01,1.089878e+00,-3.158609e-02,1.541903e+01,3.424596e+00,2.130831e-01,36623660,3.003523e+02,11000000000,11000000000,31.001841,18.058689,3,1,5.505439e+03,3.223968e+03
qoz,s3d/stat_planar.2.3500E-03.field.d64,1.000000e-03,1.538863e-02,6,5.018706e+05,9.400906e+05,-1.317139e-18,1.360627e-16,1.225686e-13,7.105427e-14,7.105427e-14,3.969000e+03,4.608220e-15,0.000000e+00,0.000000e+00,0.000000e+00,2.937053e-31,1375000000,3.290820e+02,5.419458e-16,3.514786e-17,1.538744e+01,1.089878e+00,-3.158609e-02,1.541903e+01,3.424596e+00,2.130831e-01,36623660,3.003523e+02,11000000000,11000000000,31.476918,18.187013,3,1,5.605278e+03,3.252803e+03
qoz,s3d/stat_planar.2.3500E-03.field.d64,1.000000e-03,1.538863e-02,0,4.634506e+05,1.201267e+06,-8.660867e-05,3.673781e-03,3.077725e-02,1.538863e-02,1.538863e-02,2.593948e+17,1.000000e-03,3.045470e-17,1.476842e-12,1.979039e-18,2.340124e-05,1375000000,7.005161e+01,4.837483e-03,3.143544e-04,1.537216e+01,1.089792e+00,-1.646965e-02,1.538863e+01,3.424659e+00,2.130831e-01,36623660,3.003523e+02,11000000000,11000000000,25.932464,12.569761,3,2,4.558138e+03,2.209403e+03
qoz,s3d/stat_planar.2.3500E-03.field.d64,1.000000e-03,1.538863e-02,1,5.766106e+05,1.202712e+06,-1.317139e-18,1.360627e-16,1.225686e-13,7.105427e-14,7.105427e-14,3.969000e+03,4.608220e-15,0.000000e+00,0.000000e+00,0.000000e+00,2.937053e-31,1375000000,3.290820e+02,5.419458e-16,3.514786e-17,1.538744e+01,1.089878e+00,-3.158609e-02,1.541903e+01,3.424596e+00,2.130831e-01,36623660,3.003523e+02,11000000000,11000000000,21.271680,12.558495,3,2,3.737946e+03,2.205851e+03
qoz,s3d/stat_planar.2.3500E-03.field.d64,1.000000e-03,1.538863e-02,2,5.148849e+05,9.384865e+05,-1.317139e-18,1.360627e-16,1.225686e-13,7.105427e-14,7.105427e-14,3.969000e+03,4.608220e-15,0.000000e+00,0.000000e+00,0.000000e+00,2.937053e-31,1375000000,3.290820e+02,5.419458e-16,3.514786e-17,1.538744e+01,1.089878e+00,-3.158609e-02,1.541903e+01,3.424596e+00,2.130831e-01,36623660,3.003523e+02,11000000000,11000000000,24.768999,15.136957,3,2,4.387403e+03,2.693315e+03
qoz,s3d/stat_planar.2.3500E-03.field.d64,1.000000e-03,1.538863e-02,3,5.149331e+05,9.412167e+05,-1.317139e-18,1.360627e-16,1.225686e-13,7.105427e-14,7.105427e-14,3.969000e+03,4.608220e-15,0.000000e+00,0.000000e+00,0.000000e+00,2.937053e-31,1375000000,3.290820e+02,5.419458e-16,3.514786e-17,1.538744e+01,1.089878e+00,-3.158609e-02,1.541903e+01,3.424596e+00,2.130831e-01,36623660,3.003523e+02,11000000000,11000000000,30.968223,15.251752,3,2,5.508154e+03,2.722995e+03
qoz,s3d/stat_planar.2.3500E-03.field.d64,1.000000e-03,1.538863e-02,4,5.145717e+05,7.993024e+05,-1.317139e-18,1.360627e-16,1.225686e-13,7.105427e-14,7.105427e-14,3.969000e+03,4.608220e-15,0.000000e+00,0.000000e+00,0.000000e+00,2.937053e-31,1375000000,3.290820e+02,5.419458e-16,3.514786e-17,1.538744e+01,1.089878e+00,-3.158609e-02,1.541903e+01,3.424596e+00,2.130831e-01,36623660,3.003523e+02,11000000000,11000000000,30.994153,20.151356,3,2,5.510680e+03,3.595755e+03
qoz,s3d/stat_planar.2.3500E-03.field.d64,1.000000e-03,1.538863e-02,5,4.908961e+05,9.367283e+05,-1.317139e-18,1.360627e-16,1.225686e-13,7.105427e-14,7.105427e-14,3.969000e+03,4.608220e-15,0.000000e+00,0.000000e+00,0.000000e+00,2.937053e-31,1375000000,3.290820e+02,5.419458e-16,3.514786e-17,1.538744e+01,1.089878e+00,-3.158609e-02,1.541903e+01,3.424596e+00,2.130831e-01,36623660,3.003523e+02,11000000000,11000000000,31.978095,18.099956,3,2,5.685035e+03,3.234270e+03
qoz,s3d/stat_planar.2.3500E-03.field.d64,1.000000e-03,1.538863e-02,6,5.144755e+05,9.392077e+05,-1.317139e-18,1.360627e-16,1.225686e-13,7.105427e-14,7.105427e-14,3.969000e+03,4.608220e-15,0.000000e+00,0.000000e+00,0.000000e+00,2.937053e-31,1375000000,3.290820e+02,5.419458e-16,3.514786e-17,1.538744e+01,1.089878e+00,-3.158609e-02,1.541903e+01,3.424596e+00,2.130831e-01,36623660,3.003523e+02,11000000000,11000000000,30.955080,18.075556,3,2,5.503068e+03,3.226354e+03
qoz,s3d/stat_planar.2.3500E-03.field.d64,1.000000e-03,1.538863e-02,0,4.637437e+05,1.200480e+06,-8.660867e-05,3.673781e-03,3.077725e-02,1.538863e-02,1.538863e-02,2.593948e+17,1.000000e-03,3.045470e-17,1.476842e-12,1.979039e-18,2.340124e-05,1375000000,7.005161e+01,4.837483e-03,3.143544e-04,1.537216e+01,1.089792e+00,-1.646965e-02,1.538863e+01,3.424659e+00,2.130831e-01,36623660,3.003523e+02,11000000000,11000000000,25.917200,12.572943,3,4,4.560091e+03,2.212376e+03
qoz,s3d/stat_planar.2.3500E-03.field.d64,1.000000e-03,1.538863e-02,1,5.760067e+05,1.201529e+06,-1.317139e-18,1.360627e-16,1.225686e-13,7.105427e-14,7.105427e-14,3.969000e+03,4.608220e-15,0.000000e+00,0.000000e+00,0.000000e+00,2.937053e-31,1375000000,3.290820e+02,5.419458e-16,3.514786e-17,1.538744e+01,1.089878e+00,-3.158609e-02,1.541903e+01,3.424596e+00,2.130831e-01,36623660,3.003523e+02,11000000000,11000000000,21.293674,12.566558,3,4,3.744279e+03,2.211743e+03
qoz,s3d/stat_planar.2.3500E-03.field.d64,1.000000e-03,1.538863e-02,2,5.150054e+05,9.387267e+05,-1.317139e-18,1.360627e-16,1.225686e-13,7.105427e-14,7.105427e-14,3.969000e+03,4.608220e-15,0.000000e+00,0.000000e+00,0.000000e+00,2.937053e-31,1375000000,3.290820e+02,5.419458e-16,3.514786e-17,1.538744e+01,1.089878e+00,-3.158609e-02,1.541903e+01,3.424596e+00,2.130831e-01,36623660,3.003523e+02,11000000000,11000000000,24.764584,15.133597,3,4,4.391092e+03,2.691706e+03
qoz,s3d/stat_planar.2.3500E-03.field.d64,1.000000e-03,1.538863e-02,3,5.140908e+05,9.402513e+05,-1.317139e-18,1.360627e-16,1.225686e-13,7.105427e-14,7.105427e-14,3.969000e+03,4.608220e-15,0.000000e+00,0.000000e+00,0.000000e+00,2.937053e-31,1375000000,3.290820e+02,5.419458e-16,3.514786e-17,1.538744e+01,1.089878e+00,-3.158609e-02,1.541903e+01,3.424596e+00,2.130831e-01,36623660,3.003523e+02,11000000000,11000000000,31.006089,15.269010,3,4,5.524594e+03,2.727264e+03
qoz,s3d/stat_planar.2.3500E-03.field.d64,1.000000e-03,1.538863e-02,4,5.163834e+05,7.986641e+05,-1.317139e-18,1.360627e-16,1.225686e-13,7.105427e-14,7.105427e-14,3.969000e+03,4.608220e-15,0.000000e+00,0.000000e+00,0.000000e+00,2.937053e-31,1375000000,3.290820e+02,5.419458e-16,3.514786e-17,1.538744e+01,1.089878e+00,-3.158609e-02,1.541903e+01,3.424596e+00,2.130831e-01,36623660,3.003523e+02,11000000000,11000000000,30.923486,20.151952,3,4,5.498836e+03,3.600473e+03
qoz,s3d/stat_planar.2.3500E-03.field.d64,1.000000e-03,1.538863e-02,5,4.914664e+05,9.361702e+05,-1.317139e-18,1.360627e-16,1.225686e-13,7.105427e-14,7.105427e-14,3.969000e+03,4.608220e-15,0.000000e+00,0.000000e+00,0.000000e+00,2.937053e-31,1375000000,3.290820e+02,5.419458e-16,3.514786e-17,1.538744e+01,1.089878e+00,-3.158609e-02,1.541903e+01,3.424596e+00,2.130831e-01,36623660,3.003523e+02,11000000000,11000000000,31.951572,18.109565,3,4,5.684940e+03,3.237467e+03
qoz,s3d/stat_planar.2.3500E-03.field.d64,1.000000e-03,1.538863e-02,6,5.138986e+05,9.404121e+05,-1.317139e-18,1.360627e-16,1.225686e-13,7.105427e-14,7.105427e-14,3.969000e+03,4.608220e-15,0.000000e+00,0.000000e+00,0.000000e+00,2.937053e-31,1375000000,3.290820e+02,5.419458e-16,3.514786e-17,1.538744e+01,1.089878e+00,-3.158609e-02,1.541903e+01,3.424596e+00,2.130831e-01,36623660,3.003523e+02,11000000000,11000000000,30.983855,18.070425,3,4,5.509130e+03,3.227044e+03
qoz,s3d/stat_planar.2.3500E-03.field.d64,1.000000e-03,1.538863e-02,0,4.650180e+05,1.200480e+06,-8.660867e-05,3.673781e-03,3.077725e-02,1.538863e-02,1.538863e-02,2.593948e+17,1.000000e-03,3.045470e-17,1.476842e-12,1.979039e-18,2.340124e-05,1375000000,7.005161e+01,4.837483e-03,3.143544e-04,1.537216e+01,1.089792e+00,-1.646965e-02,1.538863e+01,3.424659e+00,2.130831e-01,36623660,3.003523e+02,11000000000,11000000000,25.852435,12.573127,3,8,4.541510e+03,2.208497e+03
qoz,s3d/stat_planar.2.3500E-03.field.d64,1.000000e-03,1.538863e-02,1,5.770643e+05,1.201660e+06,-1.317139e-18,1.360627e-16,1.225686e-13,7.105427e-14,7.105427e-14,3.969000e+03,4.608220e-15,0.000000e+00,0.000000e+00,0.000000e+00,2.937053e-31,1375000000,3.290820e+02,5.419458e-16,3.514786e-17,1.538744e+01,1.089878e+00,-3.158609e-02,1.541903e+01,3.424596e+00,2.130831e-01,36623660,3.003523e+02,11000000000,11000000000,21.256729,12.562275,3,8,3.733240e+03,2.207987e+03
qoz,s3d/stat_planar.2.3500E-03.field.d64,1.000000e-03,1.538863e-02,2,5.166260e+05,9.382463e+05,-1.317139e-18,1.360627e-16,1.225686e-13,7.105427e-14,7.105427e-14,3.969000e+03,4.608220e-15,0.000000e+00,0.000000e+00,0.000000e+00,2.937053e-31,1375000000,3.290820e+02,5.419458e-16,3.514786e-17,1.538744e+01,1.089878e+00,-3.158609e-02,1.541903e+01,3.424596e+00,2.130831e-01,36623660,3.003523e+02,11000000000,11000000000,24.696661,15.143481,3,8,4.384579e+03,2.699126e+03
qoz,s3d/stat_planar.2.3500E-03.field.d64,1.000000e-03,1.538863e-02,3,5.062126e+05,9.411362e+05,-1.317139e-18,1.360627e-16,1.225686e-13,7.105427e-14,7.105427e-14,3.969000e+03,4.608220e-15,0.000000e+00,0.000000e+00,0.000000e+00,2.937053e-31,1375000000,3.290820e+02,5.419458e-16,3.514786e-17,1.538744e+01,1.089878e+00,-3.158609e-02,1.541903e+01,3.424596e+00,2.130831e-01,36623660,3.003523e+02,11000000000,11000000000,31.337806,15.256638,3,8,5.573479e+03,2.724263e+03
qoz,s3d/stat_planar.2.3500E-03.field.d64,1.000000e-03,1.538863e-02,4,5.145236e+05,7.966973e+05,-1.317139e-18,1.360627e-16,1.225686e-13,7.105427e-14,7.105427e-14,3.969000e+03,4.608220e-15,0.000000e+00,0.000000e+00,0.000000e+00,2.937053e-31,1375000000,3.290820e+02,5.419458e-16,3.514786e-17,1.538744e+01,1.089878e+00,-3.158609e-02,1.541903e+01,3.424596e+00,2.130831e-01,36623660,3.003523e+02,11000000000,11000000000,30.994614,20.424021,3,8,5.512006e+03,3.656533e+03
qoz,s3d/stat_planar.2.3500E-03.field.d64,1.000000e-03,1.538863e-02,5,4.917520e+05,9.369676e+05,-1.317139e-18,1.360627e-16,1.225686e-13,7.105427e-14,7.105427e-14,3.969000e+03,4.608220e-15,0.000000e+00,0.000000e+00,0.000000e+00,2.937053e-31,1375000000,3.290820e+02,5.419458e-16,3.514786e-17,1.538744e+01,1.089878e+00,-3.158609e-02,1.541903e+01,3.424596e+00,2.130831e-01,36623660,3.003523e+02,11000000000,11000000000,31.939509,18.116224,3,8,5.685977e+03,3.238488e+03
qoz,s3d/stat_planar.2.3500E-03.field.d64,1.000000e-03,1.538863e-02,6,5.109625e+05,9.409752e+05,-1.317139e-18,1.360627e-16,1.225686e-13,7.105427e-14,7.105427e-14,3.969000e+03,4.608220e-15,0.000000e+00,0.000000e+00,0.000000e+00,2.937053e-31,1375000000,3.290820e+02,5.419458e-16,3.514786e-17,1.538744e+01,1.089878e+00,-3.158609e-02,1.541903e+01,3.424596e+00,2.130831e-01,36623660,3.003523e+02,11000000000,11000000000,31.113380,18.117169,3,8,5.537428e+03,3.238340e+03
qoz,s3d/stat_planar.2.3500E-03.field.d64,1.000000e-03,1.538863e-02,0,4.648804e+05,1.199041e+06,-8.660867e-05,3.673781e-03,3.077725e-02,1.538863e-02,1.538863e-02,2.593948e+17,1.000000e-03,3.045470e-17,1.476842e-12,1.979039e-18,2.340124e-05,1375000000,7.005161e+01,4.837483e-03,3.143544e-04,1.537216e+01,1.089792e+00,-1.646965e-02,1.538863e+01,3.424659e+00,2.130831e-01,36623660,3.003523e+02,11000000000,11000000000,25.861467,12.585475,3,16,4.543987e+03,2.210370e+03
qoz,s3d/stat_planar.2.3500E-03.field.d64,1.000000e-03,1.538863e-02,1,5.773369e+05,1.200611e+06,-1.317139e-18,1.360627e-16,1.225686e-13,7.105427e-14,7.105427e-14,3.969000e+03,4.608220e-15,0.000000e+00,0.000000e+00,0.000000e+00,2.937053e-31,1375000000,3.290820e+02,5.419458e-16,3.514786e-17,1.538744e+01,1.089878e+00,-3.158609e-02,1.541903e+01,3.424596e+00,2.130831e-01,36623660,3.003523e+02,11000000000,11000000000,21.247377,12.576417,3,16,3.734896e+03,2.213237e+03
qoz,s3d/stat_planar.2.3500E-03.field.d64,1.000000e-03,1.538863e-02,2,5.143792e+05,9.376865e+05,-1.317139e-18,1.360627e-16,1.225686e-13,7.105427e-14,7.105427e-14,3.969000e+03,4.608220e-15,0.000000e+00,0.000000e+00,0.000000e+00,2.937053e-31,1375000000,3.290820e+02,5.419458e-16,3.514786e-17,1.538744e+01,1.089878e+00,-3.158609e-02,1.541903e+01,3.424596e+00,2.130831e-01,36623660,3.003523e+02,11000000000,11000000000,24.802582,15.148402,3,16,4.400015e+03,2.697426e+03
qoz,s3d/stat_planar.2.3500E-03.field.d64,1.000000e-03,1.538863e-02,3,5.136347e+05,9.406533e+05,-1.317139e-18,1.360627e-16,1.225686e-13,7.105427e-14,7.105427e-14,3.969000e+03,4.608220e-15,0.000000e+00,0.000000e+00,0.000000e+00,2.937053e-31,1375000000,3.290820e+02,5.419458e-16,3.514786e-17,1.538744e+01,1.089878e+00,-3.158609e-02,1.541903e+01,3.424596e+00,2.130831e-01,36623660,3.003523e+02,11000000000,11000000000,31.020755,15.261077,3,16,5.517630e+03,2.723791e+03
qoz,s3d/stat_planar.2.3500E-03.field.d64,1.000000e-03,1.538863e-02,4,5.154881e+05,7.977952e+05,-1.317139e-18,1.360627e-16,1.225686e-13,7.105427e-14,7.105427e-14,3.969000e+03,4.608220e-15,0.000000e+00,0.000000e+00,0.000000e+00,2.937053e-31,1375000000,3.290820e+02,5.419458e-16,3.514786e-17,1.538744e+01,1.089878e+00,-3.158609e-02,1.541903e+01,3.424596e+00,2.130831e-01,36623660,3.003523e+02,11000000000,11000000000,30.949658,20.184845,3,16,5.498819e+03,3.605688e+03
qoz,s3d/stat_planar.2.3500E-03.field.d64,1.000000e-03,1.538863e-02,5,4.914224e+05,9.361702e+05,-1.317139e-18,1.360627e-16,1.225686e-13,7.105427e-14,7.105427e-14,3.969000e+03,4.608220e-15,0.000000e+00,0.000000e+00,0.000000e+00,2.937053e-31,1375000000,3.290820e+02,5.419458e-16,3.514786e-17,1.538744e+01,1.089878e+00,-3.158609e-02,1.541903e+01,3.424596e+00,2.130831e-01,36623660,3.003523e+02,11000000000,11000000000,31.951381,18.320492,3,16,5.684470e+03,3.272979e+03
qoz,s3d/stat_planar.2.3500E-03.field.d64,1.000000e-03,1.538863e-02,6,5.127966e+05,9.398496e+05,-1.317139e-18,1.360627e-16,1.225686e-13,7.105427e-14,7.105427e-14,3.969000e+03,4.608220e-15,0.000000e+00,0.000000e+00,0.000000e+00,2.937053e-31,1375000000,3.290820e+02,5.419458e-16,3.514786e-17,1.538744e+01,1.089878e+00,-3.158609e-02,1.541903e+01,3.424596e+00,2.130831e-01,36623660,3.003523e+02,11000000000,11000000000,31.028652,18.098627,3,16,5.513676e+03,3.233815e+03
qoz,s3d/stat_planar.2.3500E-03.field.d64,1.000000e-03,1.538863e-02,0,4.583715e+05,1.176974e+06,-8.660867e-05,3.673781e-03,3.077725e-02,1.538863e-02,1.538863e-02,2.593948e+17,1.000000e-03,3.045470e-17,1.476842e-12,1.979039e-18,2.340124e-05,1375000000,7.005161e+01,4.837483e-03,3.143544e-04,1.537216e+01,1.089792e+00,-1.646965e-02,1.538863e+01,3.424659e+00,2.130831e-01,36623660,3.003523e+02,11000000000,11000000000,26.201549,12.913591,1,32,4.617742e+03,2.275745e+03
qoz,s3d/stat_planar.2.3500E-03.field.d64,1.000000e-03,1.538863e-02,1,5.736038e+05,1.178487e+06,-1.317139e-18,1.360627e-16,1.225686e-13,7.105427e-14,7.105427e-14,3.969000e+03,4.608220e-15,0.000000e+00,0.000000e+00,0.000000e+00,2.937053e-31,1375000000,3.290820e+02,5.419458e-16,3.514786e-17,1.538744e+01,1.089878e+00,-3.158609e-02,1.541903e+01,3.424596e+00,2.130831e-01,36623660,3.003523e+02,11000000000,11000000000,21.376347,12.897228,1,32,3.763662e+03,2.269606e+03
qoz,s3d/stat_planar.2.3500E-03.field.d64,1.000000e-03,1.538863e-02,2,5.093772e+05,9.233610e+05,-1.317139e-18,1.360627e-16,1.225686e-13,7.105427e-14,7.105427e-14,3.969000e+03,4.608220e-15,0.000000e+00,0.000000e+00,0.000000e+00,2.937053e-31,1375000000,3.290820e+02,5.419458e-16,3.514786e-17,1.538744e+01,1.089878e+00,-3.158609e-02,1.541903e+01,3.424596e+00,2.130831e-01,36623660,3.003523e+02,11000000000,11000000000,25.007556,15.483354,1,32,4.437763e+03,2.755494e+03
qoz,s3d/stat_planar.2.3500E-03.field.d64,1.000000e-03,1.538863e-02,3,5.070994e+05,9.261598e+05,-1.317139e-18,1.360627e-16,1.225686e-13,7.105427e-14,7.105427e-14,3.969000e+03,4.608220e-15,0.000000e+00,0.000000e+00,0.000000e+00,2.937053e-31,1375000000,3.290820e+02,5.419458e-16,3.514786e-17,1.538744e+01,1.089878e+00,-3.158609e-02,1.541903e+01,3.424596e+00,2.130831e-01,36623660,3.003523e+02,11000000000,11000000000,31.274505,15.695190,1,32,5.569019e+03,2.806893e+03
qoz,s3d/stat_planar.2.3500E-03.field.d64,1.000000e-03,1.538863e-02,4,5.074737e+05,7.883609e+05,-1.317139e-18,1.360627e-16,1.225686e-13,7.105427e-14,7.105427e-14,3.969000e+03,4.608220e-15,0.000000e+00,0.000000e+00,0.000000e+00,2.937053e-31,1375000000,3.290820e+02,5.419458e-16,3.514786e-17,1.538744e+01,1.089878e+00,-3.158609e-02,1.541903e+01,3.424596e+00,2.130831e-01,36623660,3.003523e+02,11000000000,11000000000,31.262599,20.353966,1,32,5.556093e+03,3.632394e+03
qoz,s3d/stat_planar.2.3500E-03.field.d64,1.000000e-03,1.538863e-02,5,4.848164e+05,9.212730e+05,-1.317139e-18,1.360627e-16,1.225686e-13,7.105427e-14,7.105427e-14,3.969000e+03,4.608220e-15,0.000000e+00,0.000000e+00,0.000000e+00,2.937053e-31,1375000000,3.290820e+02,5.419458e-16,3.514786e-17,1.538744e+01,1.089878e+00,-3.158609e-02,1.541903e+01,3.424596e+00,2.130831e-01,36623660,3.003523e+02,11000000000,11000000000,32.230677,18.319472,1,32,5.723438e+03,3.269086e+03
qoz,s3d/stat_planar.2.3500E-03.field.d64,1.000000e-03,1.538863e-02,6,5.038937e+05,9.254585e+05,-1.317139e-18,1.360627e-16,1.225686e-13,7.105427e-14,7.105427e-14,3.969000e+03,4.608220e-15,0.000000e+00,0.000000e+00,0.000000e+00,2.937053e-31,1375000000,3.290820e+02,5.419458e-16,3.514786e-17,1.538744e+01,1.089878e+00,-3.158609e-02,1.541903e+01,3.424596e+00,2.130831e-01,36623660,3.003523e+02,11000000000,11000000000,31.388346,18.288718,1,32,5.577860e+03,3.273125e+03
qoz,s3d/stat_planar.2.3500E-03.field.d64,1.000000e-03,1.538863e-02,0,4.597509e+05,1.176596e+06,-8.660867e-05,3.673781e-03,3.077725e-02,1.538863e-02,1.538863e-02,2.593948e+17,1.000000e-03,3.045470e-17,1.476842e-12,1.979039e-18,2.340124e-05,1375000000,7.005161e+01,4.837483e-03,3.143544e-04,1.537216e+01,1.089792e+00,-1.646965e-02,1.538863e+01,3.424659e+00,2.130831e-01,36623660,3.003523e+02,11000000000,11000000000,26.127958,12.914428,1,64,4.591387e+03,2.270013e+03
qoz,s3d/stat_planar.2.3500E-03.field.d64,1.000000e-03,1.538863e-02,1,5.713099e+05,1.178235e+06,-1.317139e-18,1.360627e-16,1.225686e-13,7.105427e-14,7.105427e-14,3.969000e+03,4.608220e-15,0.000000e+00,0.000000e+00,0.000000e+00,2.937053e-31,1375000000,3.290820e+02,5.419458e-16,3.514786e-17,1.538744e+01,1.089878e+00,-3.158609e-02,1.541903e+01,3.424596e+00,2.130831e-01,36623660,3.003523e+02,11000000000,11000000000,21.451407,12.899336,1,64,3.775480e+03,2.274203e+03
qoz,s3d/stat_planar.2.3500E-03.field.d64,1.000000e-03,1.538863e-02,2,5.082240e+05,9.230511e+05,-1.317139e-18,1.360627e-16,1.225686e-13,7.105427e-14,7.105427e-14,3.969000e+03,4.608220e-15,0.000000e+00,0.000000e+00,0.000000e+00,2.937053e-31,1375000000,3.290820e+02,5.419458e-16,3.514786e-17,1.538744e+01,1.089878e+00,-3.158609e-02,1.541903e+01,3.424596e+00,2.130831e-01,36623660,3.003523e+02,11000000000,11000000000,25.059355,15.486121,1,64,4.434430e+03,2.750249e+03
qoz,s3d/stat_planar.2.3500E-03.field.d64,1.000000e-03,1.538863e-02,3,5.070293e+05,9.262378e+05,-1.317139e-18,1.360627e-16,1.225686e-13,7.105427e-14,7.105427e-14,3.969000e+03,4.608220e-15,0.000000e+00,0.000000e+00,0.000000e+00,2.937053e-31,1375000000,3.290820e+02,5.419458e-16,3.514786e-17,1.538744e+01,1.089878e+00,-3.158609e-02,1.541903e+01,3.424596e+00,2.130831e-01,36623660,3.003523e+02,11000000000,11000000000,31.281032,15.692399,1,64,5.575942e+03,2.809234e+03
qoz,s3d/stat_planar.2.3500E-03.field.d64,1.000000e-03,1.538863e-02,4,5.045409e+05,7.887001e+05,-1.317139e-18,1.360627e-16,1.225686e-13,7.105427e-14,7.105427e-14,3.969000e+03,4.608220e-15,0.000000e+00,0.000000e+00,0.000000e+00,2.937053e-31,1375000000,3.290820e+02,5.419458e-16,3.514786e-17,1.538744e+01,1.089878e+00,-3.158609e-02,1.541903e+01,3.424596e+00,2.130831e-01,36623660,3.003523e+02,11000000000,11000000000,31.392937,20.356517,1,64,5.582936e+03,3.632109e+03
qoz,s3d/stat_planar.2.3500E-03.field.d64,1.000000e-03,1.538863e-02,5,4.866395e+05,9.221999e+05,-1.317139e-18,1.360627e-16,1.225686e-13,7.105427e-14,7.105427e-14,3.969000e+03,4.608220e-15,0.000000e+00,0.000000e+00,0.000000e+00,2.937053e-31,1375000000,3.290820e+02,5.419458e-16,3.514786e-17,1.538744e+01,1.089878e+00,-3.158609e-02,1.541903e+01,3.424596e+00,2.130831e-01,36623660,3.003523e+02,11000000000,11000000000,32.144355,18.314545,1,64,5.717408e+03,3.273824e+03
qoz,s3d/stat_planar.2.3500E-03.field.d64,1.000000e-03,1.538863e-02,6,5.031101e+05,9.256143e+05,-1.317139e-18,1.360627e-16,1.225686e-13,7.105427e-14,7.105427e-14,3.969000e+03,4.608220e-15,0.000000e+00,0.000000e+00,0.000000e+00,2.937053e-31,1375000000,3.290820e+02,5.419458e-16,3.514786e-17,1.538744e+01,1.089878e+00,-3.158609e-02,1.541903e+01,3.424596e+00,2.130831e-01,36623660,3.003523e+02,11000000000,11000000000,31.425151,18.538542,1,64,5.588550e+03,3.308648e+03
