SZx,s3d/stat_planar.2.9000E-03.field.d64,1.000000e-01,1.539030e+00,0,281682298.996434,330135293.907960,6.177613e-01,7.060332e-01,1.000000e+00,6.781664e+05,4.984829e-01,1375000000,2.676844e+01,4.587521e-02,2.050610e+00,352448619,31.210223,11000000000,4.881386,4.164959,1062.744350,921.430502
SZx,s3d/stat_planar.2.9000E-03.field.d64,1.000000e-01,1.539030e+00,1,281765242.840227,331954879.664216,6.177613e-01,7.060332e-01,1.000000e+00,6.781664e+05,4.984829e-01,1375000000,2.676844e+01,4.587521e-02,2.050610e+00,352448619,31.210223,11000000000,4.879949,4.142129,1064.388755,899.923966
SZx,s3d/stat_planar.2.9000E-03.field.d64,1.000000e-01,1.539030e+00,2,282251986.972957,332021448.825432,6.177613e-01,7.060332e-01,1.000000e+00,6.781664e+05,4.984829e-01,1375000000,2.676844e+01,4.587521e-02,2.050610e+00,352448619,31.210223,11000000000,4.871533,4.141299,1063.756494,901.274670
SZx,s3d/stat_planar.2.9000E-03.field.d64,1.000000e-01,1.539030e+00,3,282717603.520834,331869652.542763,6.177613e-01,7.060332e-01,1.000000e+00,6.781664e+05,4.984829e-01,1375000000,2.676844e+01,4.587521e-02,2.050610e+00,352448619,31.210223,11000000000,4.863510,4.143193,1060.125887,899.435565
SZx,s3d/stat_planar.2.9000E-03.field.d64,1.000000e-01,1.539030e+00,4,282534505.261719,331946850.160719,6.177613e-01,7.060332e-01,1.000000e+00,6.781664e+05,4.984829e-01,1375000000,2.676844e+01,4.587521e-02,2.050610e+00,352448619,31.210223,11000000000,4.866662,4.142229,1062.347927,900.938856
SZx,s3d/stat_planar.2.9000E-03.field.d64,1.000000e-01,1.539030e+00,5,282593675.141541,331791979.163684,6.177613e-01,7.060332e-01,1.000000e+00,6.781664e+05,4.984829e-01,1375000000,2.676844e+01,4.587521e-02,2.050610e+00,352448619,31.210223,11000000000,4.865643,4.144163,1076.901234,901.074354
SZx,s3d/stat_planar.2.9000E-03.field.d64,1.000000e-01,1.539030e+00,6,282231287.516051,332044216.034425,6.177613e-01,7.060332e-01,1.000000e+00,6.781664e+05,4.984829e-01,1375000000,2.676844e+01,4.587521e-02,2.050610e+00,352448619,31.210223,11000000000,4.871891,4.141015,1059.793612,901.622753
SZx,s3d/stat_planar.2.9000E-03.field.d64,1.000000e-01,1.539030e+00,7,282291840.503280,331984578.685835,6.177613e-01,7.060332e-01,1.000000e+00,6.781664e+05,4.984829e-01,1375000000,2.676844e+01,4.587521e-02,2.050610e+00,352448619,31.210223,11000000000,4.870846,4.141759,1115.124221,927.568609
SZx,s3d/stat_planar.2.9000E-03.field.d64,1.000000e-01,1.539030e+00,8,282152010.889083,331993149.317539,6.177613e-01,7.060332e-01,1.000000e+00,6.781664e+05,4.984829e-01,1375000000,2.676844e+01,4.587521e-02,2.050610e+00,352448619,31.210223,11000000000,4.873260,4.141652,1063.498864,899.719560
SZx,s3d/stat_planar.2.9000E-03.field.d64,1.000000e-01,1.539030e+00,9,282468356.317515,331963161.170660,6.177613e-01,7.060332e-01,1.000000e+00,6.781664e+05,4.984829e-01,1375000000,2.676844e+01,4.587521e-02,2.050610e+00,352448619,31.210223,11000000000,4.867802,4.142026,1063.465539,929.798767
SZx,s3d/stat_planar.2.9000E-03.field.d64,1.000000e-02,1.539030e-01,0,311482910.105553,307076107.286804,5.660618e-02,6.585501e-02,1.250000e-01,5.316639e+04,4.336883e-03,1375000000,4.737316e+01,4.278995e-03,2.124379e+00,365127618,30.126453,11000000000,4.414367,4.477717,967.237454,975.065436
SZx,s3d/stat_planar.2.9000E-03.field.d64,1.000000e-02,1.539030e-01,1,311610712.686813,307161371.867756,5.660618e-02,6.585501e-02,1.250000e-01,5.316639e+04,4.336883e-03,1375000000,4.737316e+01,4.278995e-03,2.124379e+00,365127618,30.126453,11000000000,4.412557,4.476474,963.788182,975.797124
SZx,s3d/stat_planar.2.9000E-03.field.d64,1.000000e-02,1.539030e-01,2,312095562.793898,307158419.641561,5.660618e-02,6.585501e-02,1.250000e-01,5.316639e+04,4.336883e-03,1375000000,4.737316e+01,4.278995e-03,2.124379e+00,365127618,30.126453,11000000000,4.405702,4.476517,963.608801,973.802988
SZx,s3d/stat_planar.2.9000E-03.field.d64,1.000000e-02,1.539030e-01,3,312416957.597972,307123479.967009,5.660618e-02,6.585501e-02,1.250000e-01,5.316639e+04,4.336883e-03,1375000000,4.737316e+01,4.278995e-03,2.124379e+00,365127618,30.126453,11000000000,4.401170,4.477027,964.127842,976.395023
SZx,s3d/stat_planar.2.9000E-03.field.d64,1.000000e-02,1.539030e-01,4,312510041.249975,307122809.138019,5.660618e-02,6.585501e-02,1.250000e-01,5.316639e+04,4.336883e-03,1375000000,4.737316e+01,4.278995e-03,2.124379e+00,365127618,30.126453,11000000000,4.399859,4.477036,961.058941,983.775253
SZx,s3d/stat_planar.2.9000E-03.field.d64,1.000000e-02,1.539030e-01,5,312639810.557083,307171778.537454,5.660618e-02,6.585501e-02,1.250000e-01,5.316639e+04,4.336883e-03,1375000000,4.737316e+01,4.278995e-03,2.124379e+00,365127618,30.126453,11000000000,4.398032,4.476323,980.784294,1053.614429
SZx,s3d/stat_planar.2.9000E-03.field.d64,1.000000e-02,1.539030e-01,6,312623467.894730,307047276.184251,5.660618e-02,6.585501e-02,1.250000e-01,5.316639e+04,4.336883e-03,1375000000,4.737316e+01,4.278995e-03,2.124379e+00,365127618,30.126453,11000000000,4.398262,4.478138,1004.622733,976.930727
SZx,s3d/stat_planar.2.9000E-03.field.d64,1.000000e-02,1.539030e-01,7,312528514.804163,306991763.401644,5.660618e-02,6.585501e-02,1.250000e-01,5.316639e+04,4.336883e-03,1375000000,4.737316e+01,4.278995e-03,2.124379e+00,365127618,30.126453,11000000000,4.399599,4.478948,960.847698,976.646305
SZx,s3d/stat_planar.2.9000E-03.field.d64,1.000000e-02,1.539030e-01,8,312563377.948832,307112199.696398,5.660618e-02,6.585501e-02,1.250000e-01,5.316639e+04,4.336883e-03,1375000000,4.737316e+01,4.278995e-03,2.124379e+00,365127618,30.126453,11000000000,4.399108,4.477191,960.715009,974.740790
SZx,s3d/stat_planar.2.9000E-03.field.d64,1.000000e-02,1.539030e-01,9,312624748.156664,307166808.884784,5.660618e-02,6.585501e-02,1.250000e-01,5.316639e+04,4.336883e-03,1375000000,4.737316e+01,4.278995e-03,2.124379e+00,365127618,30.126453,11000000000,4.398244,4.476395,1029.514088,975.732426
SZx,s3d/stat_planar.2.9000E-03.field.d64,1.000000e-03,1.539030e-02,0,296444979.527077,292895689.051229,3.743694e-03,4.706942e-03,7.812500e-03,6.291389e+03,2.215530e-05,1375000000,7.029016e+01,3.058382e-04,2.346222e+00,403256989,27.277891,11000000000,4.638297,4.694504,1062.326076,1021.961740
SZx,s3d/stat_planar.2.9000E-03.field.d64,1.000000e-03,1.539030e-02,1,296863981.314136,292842565.569474,3.743694e-03,4.706942e-03,7.812500e-03,6.291389e+03,2.215530e-05,1375000000,7.029016e+01,3.058382e-04,2.346222e+00,403256989,27.277891,11000000000,4.631751,4.695356,1032.023176,1021.064830
SZx,s3d/stat_planar.2.9000E-03.field.d64,1.000000e-03,1.539030e-02,2,297263318.435529,292982798.838373,3.743694e-03,4.706942e-03,7.812500e-03,6.291389e+03,2.215530e-05,1375000000,7.029016e+01,3.058382e-04,2.346222e+00,403256989,27.277891,11000000000,4.625529,4.693108,1011.363378,1022.285958
SZx,s3d/stat_planar.2.9000E-03.field.d64,1.000000e-03,1.539030e-02,3,297675733.841707,292937251.137366,3.743694e-03,4.706942e-03,7.812500e-03,6.291389e+03,2.215530e-05,1375000000,7.029016e+01,3.058382e-04,2.346222e+00,403256989,27.277891,11000000000,4.619120,4.693838,1008.167280,1020.092603
SZx,s3d/stat_planar.2.9000E-03.field.d64,1.000000e-03,1.539030e-02,4,297866744.680095,292991323.180471,3.743694e-03,4.706942e-03,7.812500e-03,6.291389e+03,2.215530e-05,1375000000,7.029016e+01,3.058382e-04,2.346222e+00,403256989,27.277891,11000000000,4.616158,4.692972,1005.733814,1020.031934
SZx,s3d/stat_planar.2.9000E-03.field.d64,1.000000e-03,1.539030e-02,5,297906461.518162,293032580.607171,3.743694e-03,4.706942e-03,7.812500e-03,6.291389e+03,2.215530e-05,1375000000,7.029016e+01,3.058382e-04,2.346222e+00,403256989,27.277891,11000000000,4.615543,4.692311,1007.949020,1022.384284
SZx,s3d/stat_planar.2.9000E-03.field.d64,1.000000e-03,1.539030e-02,6,297933146.904635,293049622.959520,3.743694e-03,4.706942e-03,7.812500e-03,6.291389e+03,2.215530e-05,1375000000,7.029016e+01,3.058382e-04,2.346222e+00,403256989,27.277891,11000000000,4.615129,4.692038,1009.365457,1020.187208
SZx,s3d/stat_planar.2.9000E-03.field.d64,1.000000e-03,1.539030e-02,7,297706755.655439,292956227.547439,3.743694e-03,4.706942e-03,7.812500e-03,6.291389e+03,2.215530e-05,1375000000,7.029016e+01,3.058382e-04,2.346222e+00,403256989,27.277891,11000000000,4.618639,4.693534,1007.108689,1101.447498
SZx,s3d/stat_planar.2.9000E-03.field.d64,1.000000e-03,1.539030e-02,8,297989106.980244,292927689.839615,3.743694e-03,4.706942e-03,7.812500e-03,6.291389e+03,2.215530e-05,1375000000,7.029016e+01,3.058382e-04,2.346222e+00,403256989,27.277891,11000000000,4.614263,4.693991,1006.828294,1022.193245
SZx,s3d/stat_planar.2.9000E-03.field.d64,1.000000e-03,1.539030e-02,9,297955744.115583,292960163.373458,3.743694e-03,4.706942e-03,7.812500e-03,6.291389e+03,2.215530e-05,1375000000,7.029016e+01,3.058382e-04,2.346222e+00,403256989,27.277891,11000000000,4.614779,4.693471,1008.119978,1024.225773
SZx,s3d/stat_planar.2.9000E-03.field.d64,1.000000e-04,1.539030e-03,0,275823356.005272,276204296.739639,4.579190e-04,5.745957e-04,9.765625e-04,4.320145e+02,3.301602e-07,1375000000,8.855769e+01,3.733493e-05,2.898433e+00,498168181,22.080896,11000000000,4.985075,4.978199,1111.327355,1142.752874
SZx,s3d/stat_planar.2.9000E-03.field.d64,1.000000e-04,1.539030e-03,1,275998115.902324,275986848.425502,4.579190e-04,5.745957e-04,9.765625e-04,4.320145e+02,3.301602e-07,1375000000,8.855769e+01,3.733493e-05,2.898433e+00,498168181,22.080896,11000000000,4.981918,4.982121,1088.234702,1084.998932
SZx,s3d/stat_planar.2.9000E-03.field.d64,1.000000e-04,1.539030e-03,2,276295935.819499,276132699.893651,4.579190e-04,5.745957e-04,9.765625e-04,4.320145e+02,3.301602e-07,1375000000,8.855769e+01,3.733493e-05,2.898433e+00,498168181,22.080896,11000000000,4.976548,4.979490,1085.378142,1084.029452
SZx,s3d/stat_planar.2.9000E-03.field.d64,1.000000e-04,1.539030e-03,3,276477752.977779,276021471.433629,4.579190e-04,5.745957e-04,9.765625e-04,4.320145e+02,3.301602e-07,1375000000,8.855769e+01,3.733493e-05,2.898433e+00,498168181,22.080896,11000000000,4.973275,4.981497,1084.468536,1085.231292
SZx,s3d/stat_planar.2.9000E-03.field.d64,1.000000e-04,1.539030e-03,4,276820825.109840,276122470.162363,4.579190e-04,5.745957e-04,9.765625e-04,4.320145e+02,3.301602e-07,1375000000,8.855769e+01,3.733493e-05,2.898433e+00,498168181,22.080896,11000000000,4.967112,4.979674,1084.114351,1082.445899
SZx,s3d/stat_planar.2.9000E-03.field.d64,1.000000e-04,1.539030e-03,5,276789763.485936,275911567.470636,4.579190e-04,5.745957e-04,9.765625e-04,4.320145e+02,3.301602e-07,1375000000,8.855769e+01,3.733493e-05,2.898433e+00,498168181,22.080896,11000000000,4.967669,4.983481,1083.960604,1153.268654
SZx,s3d/stat_planar.2.9000E-03.field.d64,1.000000e-04,1.539030e-03,6,276757446.182158,276106957.852867,4.579190e-04,5.745957e-04,9.765625e-04,4.320145e+02,3.301602e-07,1375000000,8.855769e+01,3.733493e-05,2.898433e+00,498168181,22.080896,11000000000,4.968249,4.979954,1082.578711,1084.991668
SZx,s3d/stat_planar.2.9000E-03.field.d64,1.000000e-04,1.539030e-03,7,276642548.363472,275994881.228037,4.579190e-04,5.745957e-04,9.765625e-04,4.320145e+02,3.301602e-07,1375000000,8.855769e+01,3.733493e-05,2.898433e+00,498168181,22.080896,11000000000,4.970313,4.981976,1083.083531,1084.421907
SZx,s3d/stat_planar.2.9000E-03.field.d64,1.000000e-04,1.539030e-03,8,276836653.250620,276404475.596915,4.579190e-04,5.745957e-04,9.765625e-04,4.320145e+02,3.301602e-07,1375000000,8.855769e+01,3.733493e-05,2.898433e+00,498168181,22.080896,11000000000,4.966828,4.974594,1082.853000,1084.628938
SZx,s3d/stat_planar.2.9000E-03.field.d64,1.000000e-04,1.539030e-03,9,276842230.854360,275950853.621536,4.579190e-04,5.745957e-04,9.765625e-04,4.320145e+02,3.301602e-07,1375000000,8.855769e+01,3.733493e-05,2.898433e+00,498168181,22.080896,11000000000,4.966728,4.982771,1082.554786,1084.797088
SZx,s3d/stat_planar.2.9000E-03.field.d64,1.000000e-05,1.539030e-04,0,274711250.143086,194142301.601716,5.438501e-05,7.077293e-05,1.220703e-04,6.580353e+01,5.008807e-09,1375000000,1.067476e+02,4.598541e-06,1.019704e+01,1752615867,6.276333,11000000000,5.005256,7.082434,1143.104374,1565.951252
SZx,s3d/stat_planar.2.9000E-03.field.d64,1.000000e-05,1.539030e-04,1,275013870.230062,194285397.228801,5.438501e-05,7.077293e-05,1.220703e-04,6.580353e+01,5.008807e-09,1375000000,1.067476e+02,4.598541e-06,1.019704e+01,1752615867,6.276333,11000000000,4.999748,7.077217,1094.434394,1531.015367
SZx,s3d/stat_planar.2.9000E-03.field.d64,1.000000e-05,1.539030e-04,2,275632640.395909,194271052.634311,5.438501e-05,7.077293e-05,1.220703e-04,6.580353e+01,5.008807e-09,1375000000,1.067476e+02,4.598541e-06,1.019704e+01,1752615867,6.276333,11000000000,4.988524,7.077740,1154.026830,1534.820168
SZx,s3d/stat_planar.2.9000E-03.field.d64,1.000000e-05,1.539030e-04,3,275736213.154492,194283765.666420,5.438501e-05,7.077293e-05,1.220703e-04,6.580353e+01,5.008807e-09,1375000000,1.067476e+02,4.598541e-06,1.019704e+01,1752615867,6.276333,11000000000,4.986650,7.077277,1091.647352,1535.162879
SZx,s3d/stat_planar.2.9000E-03.field.d64,1.000000e-05,1.539030e-04,4,275962945.275842,194290867.186901,5.438501e-05,7.077293e-05,1.220703e-04,6.580353e+01,5.008807e-09,1375000000,1.067476e+02,4.598541e-06,1.019704e+01,1752615867,6.276333,11000000000,4.982553,7.077018,1088.408957,1532.099288
SZx,s3d/stat_planar.2.9000E-03.field.d64,1.000000e-05,1.539030e-04,5,276083951.102575,194280657.065736,5.438501e-05,7.077293e-05,1.220703e-04,6.580353e+01,5.008807e-09,1375000000,1.067476e+02,4.598541e-06,1.019704e+01,1752615867,6.276333,11000000000,4.980369,7.077390,1091.636121,1534.574441
SZx,s3d/stat_planar.2.9000E-03.field.d64,1.000000e-05,1.539030e-04,6,276039170.926171,194283954.551549,5.438501e-05,7.077293e-05,1.220703e-04,6.580353e+01,5.008807e-09,1375000000,1.067476e+02,4.598541e-06,1.019704e+01,1752615867,6.276333,11000000000,4.981177,7.077270,1089.414813,1532.097640
SZx,s3d/stat_planar.2.9000E-03.field.d64,1.000000e-05,1.539030e-04,7,276101197.415333,194276555.095315,5.438501e-05,7.077293e-05,1.220703e-04,6.580353e+01,5.008807e-09,1375000000,1.067476e+02,4.598541e-06,1.019704e+01,1752615867,6.276333,11000000000,4.980058,7.077540,1088.899983,1533.980326
SZx,s3d/stat_planar.2.9000E-03.field.d64,1.000000e-05,1.539030e-04,8,275989369.392664,194266737.780130,5.438501e-05,7.077293e-05,1.220703e-04,6.580353e+01,5.008807e-09,1375000000,1.067476e+02,4.598541e-06,1.019704e+01,1752615867,6.276333,11000000000,4.982076,7.077897,1088.876974,1534.488136
SZx,s3d/stat_planar.2.9000E-03.field.d64,1.000000e-05,1.539030e-04,9,276027130.390060,194286676.118177,5.438501e-05,7.077293e-05,1.220703e-04,6.580353e+01,5.008807e-09,1375000000,1.067476e+02,4.598541e-06,1.019704e+01,1752615867,6.276333,11000000000,4.981394,7.077171,1091.913098,1534.052409
SZx,s3d/stat_planar.2.9000E-03.field.d64,1.000000e-06,1.539030e-05,0,263244079.339545,194549293.846268,6.780311e-06,8.873072e-06,1.525879e-05,4.768372e+00,7.873141e-11,1375000000,1.247835e+02,5.765367e-07,1.048378e+01,1801898961,6.104671,11000000000,5.223289,7.067618,1142.540288,1574.611325
SZx,s3d/stat_planar.2.9000E-03.field.d64,1.000000e-06,1.539030e-05,1,263549211.263626,194512892.021457,6.780311e-06,8.873072e-06,1.525879e-05,4.768372e+00,7.873141e-11,1375000000,1.247835e+02,5.765367e-07,1.048378e+01,1801898961,6.104671,11000000000,5.217242,7.068940,1177.713966,1528.088923
SZx,s3d/stat_planar.2.9000E-03.field.d64,1.000000e-06,1.539030e-05,2,264031446.091319,194548573.928027,6.780311e-06,8.873072e-06,1.525879e-05,4.768372e+00,7.873141e-11,1375000000,1.247835e+02,5.765367e-07,1.048378e+01,1801898961,6.104671,11000000000,5.207713,7.067644,1136.206808,1528.101374
SZx,s3d/stat_planar.2.9000E-03.field.d64,1.000000e-06,1.539030e-05,3,264000673.754027,194513125.071767,6.780311e-06,8.873072e-06,1.525879e-05,4.768372e+00,7.873141e-11,1375000000,1.247835e+02,5.765367e-07,1.048378e+01,1801898961,6.104671,11000000000,5.208320,7.068932,1159.887533,1533.907451
SZx,s3d/stat_planar.2.9000E-03.field.d64,1.000000e-06,1.539030e-05,4,264455176.479633,194567374.226718,6.780311e-06,8.873072e-06,1.525879e-05,4.768372e+00,7.873141e-11,1375000000,1.247835e+02,5.765367e-07,1.048378e+01,1801898961,6.104671,11000000000,5.199369,7.066961,1136.328878,1527.003659
SZx,s3d/stat_planar.2.9000E-03.field.d64,1.000000e-06,1.539030e-05,5,264559461.943942,194550686.040004,6.780311e-06,8.873072e-06,1.525879e-05,4.768372e+00,7.873141e-11,1375000000,1.247835e+02,5.765367e-07,1.048378e+01,1801898961,6.104671,11000000000,5.197319,7.067567,1136.337850,1531.264756
SZx,s3d/stat_planar.2.9000E-03.field.d64,1.000000e-06,1.539030e-05,6,264295113.414119,194553241.314055,6.780311e-06,8.873072e-06,1.525879e-05,4.768372e+00,7.873141e-11,1375000000,1.247835e+02,5.765367e-07,1.048378e+01,1801898961,6.104671,11000000000,5.202518,7.067474,1136.788166,1547.037544
SZx,s3d/stat_planar.2.9000E-03.field.d64,1.000000e-06,1.539030e-05,7,264343914.599623,194521760.525289,6.780311e-06,8.873072e-06,1.525879e-05,4.768372e+00,7.873141e-11,1375000000,1.247835e+02,5.765367e-07,1.048378e+01,1801898961,6.104671,11000000000,5.201557,7.068618,1137.790971,1533.423688
SZx,s3d/stat_planar.2.9000E-03.field.d64,1.000000e-06,1.539030e-05,8,264466986.298838,194545808.514271,6.780311e-06,8.873072e-06,1.525879e-05,4.768372e+00,7.873141e-11,1375000000,1.247835e+02,5.765367e-07,1.048378e+01,1801898961,6.104671,11000000000,5.199137,7.067744,1135.466270,1531.864487
SZx,s3d/stat_planar.2.9000E-03.field.d64,1.000000e-06,1.539030e-05,9,264315045.014796,194543955.010951,6.780311e-06,8.873072e-06,1.525879e-05,4.768372e+00,7.873141e-11,1375000000,1.247835e+02,5.765367e-07,1.048378e+01,1801898961,6.104671,11000000000,5.202125,7.067811,1136.247030,1531.032457
SZx,nyx/temperature.f32,1.000000e-01,4.780303e+05,0,134102462.948736,391553710.143791,2.546493e+04,2.659638e+04,1.310719e+05,1.352723e+01,7.073673e+08,134217728,4.509266e+01,5.563744e-03,2.019352e+00,33879108,15.846666,536870912,1.000860,0.342782,219.052662,74.643058
SZx,nyx/temperature.f32,1.000000e-01,4.780303e+05,1,134069992.169636,391532982.480109,2.546493e+04,2.659638e+04,1.310719e+05,1.352723e+01,7.073673e+08,134217728,4.509266e+01,5.563744e-03,2.019352e+00,33879108,15.846666,536870912,1.001102,0.342801,217.839163,74.415826
SZx,nyx/temperature.f32,1.000000e-01,4.780303e+05,2,134183966.994349,391540677.575224,2.546493e+04,2.659638e+04,1.310719e+05,1.352723e+01,7.073673e+08,134217728,4.509266e+01,5.563744e-03,2.019352e+00,33879108,15.846666,536870912,1.000252,0.342794,215.528806,74.476554
SZx,nyx/temperature.f32,1.000000e-01,4.780303e+05,3,134193552.230409,391582651.697026,2.546493e+04,2.659638e+04,1.310719e+05,1.352723e+01,7.073673e+08,134217728,4.509266e+01,5.563744e-03,2.019352e+00,33879108,15.846666,536870912,1.000180,0.342757,217.048761,74.266045
SZx,nyx/temperature.f32,1.000000e-01,4.780303e+05,4,132974240.280081,391540206.329712,2.546493e+04,2.659638e+04,1.310719e+05,1.352723e+01,7.073673e+08,134217728,4.509266e+01,5.563744e-03,2.019352e+00,33879108,15.846666,536870912,1.009351,0.342794,217.166192,74.386162
SZx,nyx/temperature.f32,1.000000e-01,4.780303e+05,5,134165014.211387,391446335.146986,2.546493e+04,2.659638e+04,1.310719e+05,1.352723e+01,7.073673e+08,134217728,4.509266e+01,5.563744e-03,2.019352e+00,33879108,15.846666,536870912,1.000393,0.342876,236.854862,81.703038
SZx,nyx/temperature.f32,1.000000e-01,4.780303e+05,6,134174596.489973,391571904.639221,2.546493e+04,2.659638e+04,1.310719e+05,1.352723e+01,7.073673e+08,134217728,4.509266e+01,5.563744e-03,2.019352e+00,33879108,15.846666,536870912,1.000321,0.342766,215.987058,74.912893
SZx,nyx/temperature.f32,1.000000e-01,4.780303e+05,7,134268802.553266,391585712.817274,2.546493e+04,2.659638e+04,1.310719e+05,1.352723e+01,7.073673e+08,134217728,4.509266e+01,5.563744e-03,2.019352e+00,33879108,15.846666,536870912,0.999620,0.342754,215.993771,75.040519
SZx,nyx/temperature.f32,1.000000e-01,4.780303e+05,8,134176104.287385,391635927.553043,2.546493e+04,2.659638e+04,1.310719e+05,1.352723e+01,7.073673e+08,134217728,4.509266e+01,5.563744e-03,2.019352e+00,33879108,15.846666,536870912,1.000310,0.342710,216.157894,74.768973
SZx,nyx/temperature.f32,1.000000e-01,4.780303e+05,9,134323244.763016,391620183.249517,2.546493e+04,2.659638e+04,1.310719e+05,1.352723e+01,7.073673e+08,134217728,4.509266e+01,5.563744e-03,2.019352e+00,33879108,15.846666,536870912,0.999214,0.342724,215.312071,74.201837
SZx,nyx/temperature.f32,1.000000e-02,4.780303e+04,0,183587225.936924,377173406.939815,9.297773e+03,9.713980e+03,1.638387e+04,6.344335e+00,9.436141e+07,134217728,5.384116e+01,2.032085e-03,2.105728e+00,35328256,15.196644,536870912,0.731084,0.355852,159.126607,77.237840
SZx,nyx/temperature.f32,1.000000e-02,4.780303e+04,1,183226087.686855,376719098.240754,9.297773e+03,9.713980e+03,1.638387e+04,6.344335e+00,9.436141e+07,134217728,5.384116e+01,2.032085e-03,2.105728e+00,35328256,15.196644,536870912,0.732525,0.356281,158.918660,77.571884
SZx,nyx/temperature.f32,1.000000e-02,4.780303e+04,2,183236916.828238,376787342.870826,9.297773e+03,9.713980e+03,1.638387e+04,6.344335e+00,9.436141e+07,134217728,5.384116e+01,2.032085e-03,2.105728e+00,35328256,15.196644,536870912,0.732482,0.356216,158.546164,77.133103
SZx,nyx/temperature.f32,1.000000e-02,4.780303e+04,3,183301779.147343,376757043.454405,9.297773e+03,9.713980e+03,1.638387e+04,6.344335e+00,9.436141e+07,134217728,5.384116e+01,2.032085e-03,2.105728e+00,35328256,15.196644,536870912,0.732223,0.356245,159.013997,77.489364
SZx,nyx/temperature.f32,1.000000e-02,4.780303e+04,4,183372637.436882,376631661.016779,9.297773e+03,9.713980e+03,1.638387e+04,6.344335e+00,9.436141e+07,134217728,5.384116e+01,2.032085e-03,2.105728e+00,35328256,15.196644,536870912,0.731940,0.356363,159.818804,77.800034
SZx,nyx/temperature.f32,1.000000e-02,4.780303e+04,5,183564180.439394,376860521.870602,9.297773e+03,9.713980e+03,1.638387e+04,6.344335e+00,9.436141e+07,134217728,5.384116e+01,2.032085e-03,2.105728e+00,35328256,15.196644,536870912,0.731176,0.356147,158.948019,77.162888
SZx,nyx/temperature.f32,1.000000e-02,4.780303e+04,6,183208663.665923,376732588.799599,9.297773e+03,9.713980e+03,1.638387e+04,6.344335e+00,9.436141e+07,134217728,5.384116e+01,2.032085e-03,2.105728e+00,35328256,15.196644,536870912,0.732595,0.356268,159.385029,77.193895
SZx,nyx/temperature.f32,1.000000e-02,4.780303e+04,7,183390498.257757,376842676.505374,9.297773e+03,9.713980e+03,1.638387e+04,6.344335e+00,9.436141e+07,134217728,5.384116e+01,2.032085e-03,2.105728e+00,35328256,15.196644,536870912,0.731868,0.356164,158.583028,77.054979
SZx,nyx/temperature.f32,1.000000e-02,4.780303e+04,8,183653147.481683,376749530.425990,9.297773e+03,9.713980e+03,1.638387e+04,6.344335e+00,9.436141e+07,134217728,5.384116e+01,2.032085e-03,2.105728e+00,35328256,15.196644,536870912,0.730822,0.356252,158.503806,77.235093
SZx,nyx/temperature.f32,1.000000e-02,4.780303e+04,9,183388580.681455,376623495.508454,9.297773e+03,9.713980e+03,1.638387e+04,6.344335e+00,9.436141e+07,134217728,5.384116e+01,2.032085e-03,2.105728e+00,35328256,15.196644,536870912,0.731876,0.356371,158.415428,81.039342
SZx,nyx/temperature.f32,1.000000e-03,4.780303e+03,0,205488335.945829,233874999.625500,1.023702e+03,1.182877e+03,2.047875e+03,8.474706e-01,1.399197e+06,134217728,7.213032e+01,2.474481e-04,3.276924e+00,54977656,9.765256,536870912,0.653165,0.573887,142.269167,124.005908
SZx,nyx/temperature.f32,1.000000e-03,4.780303e+03,1,205271809.141391,233439340.247193,1.023702e+03,1.182877e+03,2.047875e+03,8.474706e-01,1.399197e+06,134217728,7.213032e+01,2.474481e-04,3.276924e+00,54977656,9.765256,536870912,0.653854,0.574958,142.545839,125.065048
SZx,nyx/temperature.f32,1.000000e-03,4.780303e+03,2,205556964.330976,231713125.706793,1.023702e+03,1.182877e+03,2.047875e+03,8.474706e-01,1.399197e+06,134217728,7.213032e+01,2.474481e-04,3.276924e+00,54977656,9.765256,536870912,0.652947,0.579241,141.406499,125.485153
SZx,nyx/temperature.f32,1.000000e-03,4.780303e+03,3,205284217.655925,233618287.794757,1.023702e+03,1.182877e+03,2.047875e+03,8.474706e-01,1.399197e+06,134217728,7.213032e+01,2.474481e-04,3.276924e+00,54977656,9.765256,536870912,0.653814,0.574517,141.852664,124.497484
SZx,nyx/temperature.f32,1.000000e-03,4.780303e+03,4,205367423.881046,233860166.994418,1.023702e+03,1.182877e+03,2.047875e+03,8.474706e-01,1.399197e+06,134217728,7.213032e+01,2.474481e-04,3.276924e+00,54977656,9.765256,536870912,0.653549,0.573923,141.613712,124.388415
SZx,nyx/temperature.f32,1.000000e-03,4.780303e+03,5,205411383.954676,232536985.423331,1.023702e+03,1.182877e+03,2.047875e+03,8.474706e-01,1.399197e+06,134217728,7.213032e+01,2.474481e-04,3.276924e+00,54977656,9.765256,536870912,0.653409,0.577189,142.292787,125.100205
SZx,nyx/temperature.f32,1.000000e-03,4.780303e+03,6,205289483.621229,233684039.315581,1.023702e+03,1.182877e+03,2.047875e+03,8.474706e-01,1.399197e+06,134217728,7.213032e+01,2.474481e-04,3.276924e+00,54977656,9.765256,536870912,0.653797,0.574356,141.627139,124.186144
SZx,nyx/temperature.f32,1.000000e-03,4.780303e+03,7,205274091.491381,233818481.904164,1.023702e+03,1.182877e+03,2.047875e+03,8.474706e-01,1.399197e+06,134217728,7.213032e+01,2.474481e-04,3.276924e+00,54977656,9.765256,536870912,0.653846,0.574025,141.508671,124.192370
SZx,nyx/temperature.f32,1.000000e-03,4.780303e+03,8,205424334.366629,233942508.575477,1.023702e+03,1.182877e+03,2.047875e+03,8.474706e-01,1.399197e+06,134217728,7.213032e+01,2.474481e-04,3.276924e+00,54977656,9.765256,536870912,0.653368,0.573721,141.669498,124.272509
SZx,nyx/temperature.f32,1.000000e-03,4.780303e+03,9,205564550.411596,231947381.832352,1.023702e+03,1.182877e+03,2.047875e+03,8.474706e-01,1.399197e+06,134217728,7.213032e+01,2.474481e-04,3.276924e+00,54977656,9.765256,536870912,0.652923,0.578656,141.798893,124.848008
SZx,nyx/temperature.f32,1.000000e-04,4.780303e+02,0,164355215.681462,184906710.206495,6.387044e+01,7.378848e+01,1.278748e+02,5.488898e-02,5.444740e+03,134217728,9.622934e+01,1.543594e-05,8.262805e+00,138626859,3.872777,536870912,0.816632,0.725867,177.634129,157.031946
SZx,nyx/temperature.f32,1.000000e-04,4.780303e+02,1,164361284.954806,186860404.375236,6.387044e+01,7.378848e+01,1.278748e+02,5.488898e-02,5.444740e+03,134217728,9.622934e+01,1.543594e-05,8.262805e+00,138626859,3.872777,536870912,0.816602,0.718278,177.198398,155.653105
SZx,nyx/temperature.f32,1.000000e-04,4.780303e+02,2,163854855.424223,187446657.325873,6.387044e+01,7.378848e+01,1.278748e+02,5.488898e-02,5.444740e+03,134217728,9.622934e+01,1.543594e-05,8.262805e+00,138626859,3.872777,536870912,0.819126,0.716032,177.579806,154.579682
SZx,nyx/temperature.f32,1.000000e-04,4.780303e+02,3,163604282.540089,186311940.634866,6.387044e+01,7.378848e+01,1.278748e+02,5.488898e-02,5.444740e+03,134217728,9.622934e+01,1.543594e-05,8.262805e+00,138626859,3.872777,536870912,0.820380,0.720393,177.599277,155.979520
SZx,nyx/temperature.f32,1.000000e-04,4.780303e+02,4,164122604.011101,186040827.245400,6.387044e+01,7.378848e+01,1.278748e+02,5.488898e-02,5.444740e+03,134217728,9.622934e+01,1.543594e-05,8.262805e+00,138626859,3.872777,536870912,0.817789,0.721442,177.179784,156.727565
SZx,nyx/temperature.f32,1.000000e-04,4.780303e+02,5,164072181.546698,186998340.060346,6.387044e+01,7.378848e+01,1.278748e+02,5.488898e-02,5.444740e+03,134217728,9.622934e+01,1.543594e-05,8.262805e+00,138626859,3.872777,536870912,0.818041,0.717748,178.312715,155.496367
SZx,nyx/temperature.f32,1.000000e-04,4.780303e+02,6,164118324.311648,187655468.753714,6.387044e+01,7.378848e+01,1.278748e+02,5.488898e-02,5.444740e+03,134217728,9.622934e+01,1.543594e-05,8.262805e+00,138626859,3.872777,536870912,0.817811,0.715235,178.014620,154.374850
SZx,nyx/temperature.f32,1.000000e-04,4.780303e+02,7,164114360.490065,187087108.061661,6.387044e+01,7.378848e+01,1.278748e+02,5.488898e-02,5.444740e+03,134217728,9.622934e+01,1.543594e-05,8.262805e+00,138626859,3.872777,536870912,0.817830,0.717408,178.793060,155.138275
SZx,nyx/temperature.f32,1.000000e-04,4.780303e+02,8,164082467.190302,186808907.771625,6.387044e+01,7.378848e+01,1.278748e+02,5.488898e-02,5.444740e+03,134217728,9.622934e+01,1.543594e-05,8.262805e+00,138626859,3.872777,536870912,0.817989,0.718476,177.616671,155.950041
SZx,nyx/temperature.f32,1.000000e-04,4.780303e+02,9,163960457.510568,186920473.295037,6.387044e+01,7.378848e+01,1.278748e+02,5.488898e-02,5.444740e+03,134217728,9.622934e+01,1.543594e-05,8.262805e+00,138626859,3.872777,536870912,0.818598,0.718047,179.150481,155.932707
SZx,nyx/temperature.f32,1.000000e-05,4.780303e+01,0,228416284.287131,230885186.802648,7.874252e+00,9.129016e+00,1.587476e+01,6.639010e-03,8.333894e+01,134217728,1.143806e+02,1.909715e-06,1.068255e+01,179223445,2.995540,536870912,0.587601,0.581318,127.654336,126.053206
SZx,nyx/temperature.f32,1.000000e-05,4.780303e+01,1,228493476.301928,231273302.202471,7.874252e+00,9.129016e+00,1.587476e+01,6.639010e-03,8.333894e+01,134217728,1.143806e+02,1.909715e-06,1.068255e+01,179223445,2.995540,536870912,0.587403,0.580343,127.329202,125.860762
SZx,nyx/temperature.f32,1.000000e-05,4.780303e+01,2,228641243.976336,230178747.696801,7.874252e+00,9.129016e+00,1.587476e+01,6.639010e-03,8.333894e+01,134217728,1.143806e+02,1.909715e-06,1.068255e+01,179223445,2.995540,536870912,0.587023,0.583102,127.224528,127.584085
SZx,nyx/temperature.f32,1.000000e-05,4.780303e+01,3,228550477.395842,230188816.278387,7.874252e+00,9.129016e+00,1.587476e+01,6.639010e-03,8.333894e+01,134217728,1.143806e+02,1.909715e-06,1.068255e+01,179223445,2.995540,536870912,0.587256,0.583077,133.186670,138.684338
SZx,nyx/temperature.f32,1.000000e-05,4.780303e+01,4,228645487.788934,230991150.254135,7.874252e+00,9.129016e+00,1.587476e+01,6.639010e-03,8.333894e+01,134217728,1.143806e+02,1.909715e-06,1.068255e+01,179223445,2.995540,536870912,0.587012,0.581051,134.761495,125.941878
SZx,nyx/temperature.f32,1.000000e-05,4.780303e+01,5,228665995.179619,232337761.441779,7.874252e+00,9.129016e+00,1.587476e+01,6.639010e-03,8.333894e+01,134217728,1.143806e+02,1.909715e-06,1.068255e+01,179223445,2.995540,536870912,0.586960,0.577684,127.047587,125.002793
SZx,nyx/temperature.f32,1.000000e-05,4.780303e+01,6,228671020.009663,231531388.028781,7.874252e+00,9.129016e+00,1.587476e+01,6.639010e-03,8.333894e+01,134217728,1.143806e+02,1.909715e-06,1.068255e+01,179223445,2.995540,536870912,0.586947,0.579696,128.725685,125.880598
SZx,nyx/temperature.f32,1.000000e-05,4.780303e+01,7,228690332.955990,232107843.810100,7.874252e+00,9.129016e+00,1.587476e+01,6.639010e-03,8.333894e+01,134217728,1.143806e+02,1.909715e-06,1.068255e+01,179223445,2.995540,536870912,0.586897,0.578256,127.421183,126.574017
SZx,nyx/temperature.f32,1.000000e-05,4.780303e+01,8,228538625.358139,232581341.820337,7.874252e+00,9.129016e+00,1.587476e+01,6.639010e-03,8.333894e+01,134217728,1.143806e+02,1.909715e-06,1.068255e+01,179223445,2.995540,536870912,0.587287,0.577079,126.951518,125.641464
SZx,nyx/temperature.f32,1.000000e-05,4.780303e+01,9,228336055.166945,232595782.925504,7.874252e+00,9.129016e+00,1.587476e+01,6.639010e-03,8.333894e+01,134217728,1.143806e+02,1.909715e-06,1.068255e+01,179223445,2.995540,536870912,0.587808,0.577043,127.237041,124.706345
SZx,nyx/temperature.f32,1.000000e-06,4.780303e+00,0,133282956.953805,152818231.113512,8.746379e-01,1.048001e+00,1.874756e+00,7.839282e-04,1.098305e+00,134217728,1.331819e+02,2.192331e-07,1.356755e+01,227625739,2.358569,536870912,1.007013,0.878283,218.135610,201.061681
SZx,nyx/temperature.f32,1.000000e-06,4.780303e+00,1,133309985.678268,153563587.687939,8.746379e-01,1.048001e+00,1.874756e+00,7.839282e-04,1.098305e+00,134217728,1.331819e+02,2.192331e-07,1.356755e+01,227625739,2.358569,536870912,1.006809,0.874021,232.883620,188.649847
SZx,nyx/temperature.f32,1.000000e-06,4.780303e+00,2,133366524.379634,152864526.361645,8.746379e-01,1.048001e+00,1.874756e+00,7.839282e-04,1.098305e+00,134217728,1.331819e+02,2.192331e-07,1.356755e+01,227625739,2.358569,536870912,1.006382,0.878017,218.557242,190.065126
SZx,nyx/temperature.f32,1.000000e-06,4.780303e+00,3,133140813.907008,152139981.492159,8.746379e-01,1.048001e+00,1.874756e+00,7.839282e-04,1.098305e+00,134217728,1.331819e+02,2.192331e-07,1.356755e+01,227625739,2.358569,536870912,1.008089,0.882199,218.453236,190.521546
SZx,nyx/temperature.f32,1.000000e-06,4.780303e+00,4,133056687.876735,153370937.338428,8.746379e-01,1.048001e+00,1.874756e+00,7.839282e-04,1.098305e+00,134217728,1.331819e+02,2.192331e-07,1.356755e+01,227625739,2.358569,536870912,1.008726,0.875118,218.345388,189.627871
SZx,nyx/temperature.f32,1.000000e-06,4.780303e+00,5,133449486.484940,152762883.000389,8.746379e-01,1.048001e+00,1.874756e+00,7.839282e-04,1.098305e+00,134217728,1.331819e+02,2.192331e-07,1.356755e+01,227625739,2.358569,536870912,1.005757,0.878602,218.525686,191.163146
SZx,nyx/temperature.f32,1.000000e-06,4.780303e+00,6,133194113.858222,152967439.011053,8.746379e-01,1.048001e+00,1.874756e+00,7.839282e-04,1.098305e+00,134217728,1.331819e+02,2.192331e-07,1.356755e+01,227625739,2.358569,536870912,1.007685,0.877427,218.310476,189.425541
SZx,nyx/temperature.f32,1.000000e-06,4.780303e+00,7,133142423.778462,152604415.601447,8.746379e-01,1.048001e+00,1.874756e+00,7.839282e-04,1.098305e+00,134217728,1.331819e+02,2.192331e-07,1.356755e+01,227625739,2.358569,536870912,1.008076,0.879514,222.410441,190.682496
SZx,nyx/temperature.f32,1.000000e-06,4.780303e+00,8,133234005.362526,153200819.840396,8.746379e-01,1.048001e+00,1.874756e+00,7.839282e-04,1.098305e+00,134217728,1.331819e+02,2.192331e-07,1.356755e+01,227625739,2.358569,536870912,1.007383,0.876090,218.814991,190.400026
SZx,nyx/temperature.f32,1.000000e-06,4.780303e+00,9,133190352.378178,152492971.694034,8.746379e-01,1.048001e+00,1.874756e+00,7.839282e-04,1.098305e+00,134217728,1.331819e+02,2.192331e-07,1.356755e+01,227625739,2.358569,536870912,1.007714,0.880157,220.102342,190.517396
SZx,hacc/vy.f32,1.000000e-01,7.877467e+02,0,140999805.061619,185140534.032981,4.042956e+00,1.698240e+01,2.559995e+02,4.520996e+06,2.884019e+02,1073726487,5.332775e+01,2.155820e-03,9.323712e+00,1251389555,3.432109,4294905948,7.615092,5.799521,1648.077019,1248.821510
SZx,hacc/vy.f32,1.000000e-01,7.877467e+02,1,141050574.636423,184994597.889062,4.042956e+00,1.698240e+01,2.559995e+02,4.520996e+06,2.884019e+02,1073726487,5.332775e+01,2.155820e-03,9.323712e+00,1251389555,3.432109,4294905948,7.612351,5.804096,1649.488636,1249.755467
SZx,hacc/vy.f32,1.000000e-01,7.877467e+02,2,140888250.068207,185557851.754534,4.042956e+00,1.698240e+01,2.559995e+02,4.520996e+06,2.884019e+02,1073726487,5.332775e+01,2.155820e-03,9.323712e+00,1251389555,3.432109,4294905948,7.621122,5.786478,1666.124337,1272.975989
SZx,hacc/vy.f32,1.000000e-01,7.877467e+02,3,141005434.799095,184959136.734588,4.042956e+00,1.698240e+01,2.559995e+02,4.520996e+06,2.884019e+02,1073726487,5.332775e+01,2.155820e-03,9.323712e+00,1251389555,3.432109,4294905948,7.614788,5.805209,1650.889023,1253.266690
SZx,hacc/vy.f32,1.000000e-01,7.877467e+02,4,140968807.016506,184825178.940762,4.042956e+00,1.698240e+01,2.559995e+02,4.520996e+06,2.884019e+02,1073726487,5.332775e+01,2.155820e-03,9.323712e+00,1251389555,3.432109,4294905948,7.616767,5.809417,1728.647736,1268.476184
SZx,hacc/vy.f32,1.000000e-01,7.877467e+02,5,136367632.554853,184971109.521425,4.042956e+00,1.698240e+01,2.559995e+02,4.520996e+06,2.884019e+02,1073726487,5.332775e+01,2.155820e-03,9.323712e+00,1251389555,3.432109,4294905948,7.873763,5.804833,1708.030173,1253.368557
SZx,hacc/vy.f32,1.000000e-01,7.877467e+02,6,140979175.667406,185125574.692790,4.042956e+00,1.698240e+01,2.559995e+02,4.520996e+06,2.884019e+02,1073726487,5.332775e+01,2.155820e-03,9.323712e+00,1251389555,3.432109,4294905948,7.616206,5.799990,1652.657818,1251.730011
SZx,hacc/vy.f32,1.000000e-01,7.877467e+02,7,139578895.480157,185864439.824814,4.042956e+00,1.698240e+01,2.559995e+02,4.520996e+06,2.884019e+02,1073726487,5.332775e+01,2.155820e-03,9.323712e+00,1251389555,3.432109,4294905948,7.692613,5.776933,1670.386837,1250.623690
SZx,hacc/vy.f32,1.000000e-01,7.877467e+02,8,141029860.705512,185454527.028844,4.042956e+00,1.698240e+01,2.559995e+02,4.520996e+06,2.884019e+02,1073726487,5.332775e+01,2.155820e-03,9.323712e+00,1251389555,3.432109,4294905948,7.613469,5.789702,1650.823288,1248.234964
SZx,hacc/vy.f32,1.000000e-01,7.877467e+02,9,139634645.839772,185770875.490980,4.042956e+00,1.698240e+01,2.559995e+02,4.520996e+06,2.884019e+02,1073726487,5.332775e+01,2.155820e-03,9.323712e+00,1251389555,3.432109,4294905948,7.689542,5.779843,1668.551026,1246.353376
SZx,hacc/vy.f32,1.000000e-02,7.877467e+01,0,153869062.710417,203898509.493992,5.199902e-01,2.194003e+00,3.199963e+01,5.209961e+05,4.813647e+00,1073726487,7.110299e+01,2.785163e-04,1.147674e+01,1540359405,2.788249,4294905948,6.978183,5.265985,1594.878425,1140.431407
SZx,hacc/vy.f32,1.000000e-02,7.877467e+01,1,152119475.720911,203719236.865053,5.199902e-01,2.194003e+00,3.199963e+01,5.209961e+05,4.813647e+00,1073726487,7.110299e+01,2.785163e-04,1.147674e+01,1540359405,2.788249,4294905948,7.058442,5.270619,1531.693527,1140.054028
SZx,hacc/vy.f32,1.000000e-02,7.877467e+01,2,154041038.873455,203834850.193443,5.199902e-01,2.194003e+00,3.199963e+01,5.209961e+05,4.813647e+00,1073726487,7.110299e+01,2.785163e-04,1.147674e+01,1540359405,2.788249,4294905948,6.970392,5.267630,1513.550752,1138.935378
SZx,hacc/vy.f32,1.000000e-02,7.877467e+01,3,154088864.570752,203945359.904849,5.199902e-01,2.194003e+00,3.199963e+01,5.209961e+05,4.813647e+00,1073726487,7.110299e+01,2.785163e-04,1.147674e+01,1540359405,2.788249,4294905948,6.968229,5.264775,1519.233904,1166.126470
SZx,hacc/vy.f32,1.000000e-02,7.877467e+01,4,152259546.572797,202508345.627908,5.199902e-01,2.194003e+00,3.199963e+01,5.209961e+05,4.813647e+00,1073726487,7.110299e+01,2.785163e-04,1.147674e+01,1540359405,2.788249,4294905948,7.051949,5.302135,1562.496244,1144.630066
SZx,hacc/vy.f32,1.000000e-02,7.877467e+01,5,154083310.339894,203709031.731268,5.199902e-01,2.194003e+00,3.199963e+01,5.209961e+05,4.813647e+00,1073726487,7.110299e+01,2.785163e-04,1.147674e+01,1540359405,2.788249,4294905948,6.968480,5.270883,1513.335664,1139.645703
SZx,hacc/vy.f32,1.000000e-02,7.877467e+01,6,152343860.035703,203658869.022501,5.199902e-01,2.194003e+00,3.199963e+01,5.209961e+05,4.813647e+00,1073726487,7.110299e+01,2.785163e-04,1.147674e+01,1540359405,2.788249,4294905948,7.048046,5.272181,1527.799495,1140.346874
SZx,hacc/vy.f32,1.000000e-02,7.877467e+01,7,154096161.365172,202177111.208446,5.199902e-01,2.194003e+00,3.199963e+01,5.209961e+05,4.813647e+00,1073726487,7.110299e+01,2.785163e-04,1.147674e+01,1540359405,2.788249,4294905948,6.967899,5.310821,1516.364466,1148.664784
SZx,hacc/vy.f32,1.000000e-02,7.877467e+01,8,154091894.394889,203625712.445484,5.199902e-01,2.194003e+00,3.199963e+01,5.209961e+05,4.813647e+00,1073726487,7.110299e+01,2.785163e-04,1.147674e+01,1540359405,2.788249,4294905948,6.968092,5.273040,1514.646879,1143.636354
SZx,hacc/vy.f32,1.000000e-02,7.877467e+01,9,154077764.148852,204082853.359562,5.199902e-01,2.194003e+00,3.199963e+01,5.209961e+05,4.813647e+00,1073726487,7.110299e+01,2.785163e-04,1.147674e+01,1540359405,2.788249,4294905948,6.968731,5.261228,1515.112394,1138.828566
SZx,hacc/vy.f32,1.000000e-03,7.877467e+00,0,128136424.597749,163658114.040270,3.262015e-02,1.377052e-01,1.999756e+00,2.099609e+04,1.896274e-02,1073726487,9.514872e+01,1.748091e-05,1.645794e+01,2208915191,1.944351,4294905948,8.379557,6.560790,1826.644128,1424.233720
SZx,hacc/vy.f32,1.000000e-03,7.877467e+00,1,128154627.678342,163818177.940106,3.262015e-02,1.377052e-01,1.999756e+00,2.099609e+04,1.896274e-02,1073726487,9.514872e+01,1.748091e-05,1.645794e+01,2208915191,1.944351,4294905948,8.378367,6.554379,1877.722854,1420.035610
SZx,hacc/vy.f32,1.000000e-03,7.877467e+00,2,126979388.273846,163897339.783677,3.262015e-02,1.377052e-01,1.999756e+00,2.099609e+04,1.896274e-02,1073726487,9.514872e+01,1.748091e-05,1.645794e+01,2208915191,1.944351,4294905948,8.455912,6.551214,1840.324085,1420.624598
SZx,hacc/vy.f32,1.000000e-03,7.877467e+00,3,128524523.427978,163923696.468037,3.262015e-02,1.377052e-01,1.999756e+00,2.099609e+04,1.896274e-02,1073726487,9.514872e+01,1.748091e-05,1.645794e+01,2208915191,1.944351,4294905948,8.354254,6.550160,1817.289110,1419.322111
SZx,hacc/vy.f32,1.000000e-03,7.877467e+00,4,127169686.394598,163558120.085619,3.262015e-02,1.377052e-01,1.999756e+00,2.099609e+04,1.896274e-02,1073726487,9.514872e+01,1.748091e-05,1.645794e+01,2208915191,1.944351,4294905948,8.443258,6.564801,1868.121682,1416.834935
SZx,hacc/vy.f32,1.000000e-03,7.877467e+00,5,128577692.541489,163796907.883085,3.262015e-02,1.377052e-01,1.999756e+00,2.099609e+04,1.896274e-02,1073726487,9.514872e+01,1.748091e-05,1.645794e+01,2208915191,1.944351,4294905948,8.350799,6.555231,1814.060908,1417.647921
SZx,hacc/vy.f32,1.000000e-03,7.877467e+00,6,128543721.546673,163710394.228969,3.262015e-02,1.377052e-01,1.999756e+00,2.099609e+04,1.896274e-02,1073726487,9.514872e+01,1.748091e-05,1.645794e+01,2208915191,1.944351,4294905948,8.353006,6.558695,1817.801072,1418.571747
SZx,hacc/vy.f32,1.000000e-03,7.877467e+00,7,128620715.776774,163790576.862141,3.262015e-02,1.377052e-01,1.999756e+00,2.099609e+04,1.896274e-02,1073726487,9.514872e+01,1.748091e-05,1.645794e+01,2208915191,1.944351,4294905948,8.348006,6.555484,1814.753656,1416.999179
SZx,hacc/vy.f32,1.000000e-03,7.877467e+00,8,128441569.881273,163706856.292976,3.262015e-02,1.377052e-01,1.999756e+00,2.099609e+04,1.896274e-02,1073726487,9.514872e+01,1.748091e-05,1.645794e+01,2208915191,1.944351,4294905948,8.359649,6.558836,1813.942439,1426.019299
SZx,hacc/vy.f32,1.000000e-03,7.877467e+00,9,128644932.320309,163726865.572854,3.262015e-02,1.377052e-01,1.999756e+00,2.099609e+04,1.896274e-02,1073726487,9.514872e+01,1.748091e-05,1.645794e+01,2208915191,1.944351,4294905948,8.346434,6.558035,1813.986995,1415.112649
SZx,hacc/vy.f32,1.000000e-04,7.877467e-01,0,147684489.343183,213448641.151738,4.074648e-03,1.720446e-02,2.497559e-01,5.371094e+03,2.959936e-04,1073726487,1.132149e+02,2.184010e-06,1.881490e+01,2525256923,1.700780,4294905948,7.270408,5.030374,1580.818707,1093.878670
SZx,hacc/vy.f32,1.000000e-04,7.877467e-01,1,147732667.406220,213504463.756508,4.074648e-03,1.720446e-02,2.497559e-01,5.371094e+03,2.959936e-04,1073726487,1.132149e+02,2.184010e-06,1.881490e+01,2525256923,1.700780,4294905948,7.268037,5.029059,1576.580620,1092.812022
SZx,hacc/vy.f32,1.000000e-04,7.877467e-01,2,147750248.693056,213338741.614610,4.074648e-03,1.720446e-02,2.497559e-01,5.371094e+03,2.959936e-04,1073726487,1.132149e+02,2.184010e-06,1.881490e+01,2525256923,1.700780,4294905948,7.267172,5.032965,1586.877347,1093.779487
SZx,hacc/vy.f32,1.000000e-04,7.877467e-01,3,145110764.177704,213339002.124719,4.074648e-03,1.720446e-02,2.497559e-01,5.371094e+03,2.959936e-04,1073726487,1.132149e+02,2.184010e-06,1.881490e+01,2525256923,1.700780,4294905948,7.399358,5.032959,1609.187715,1095.087284
SZx,hacc/vy.f32,1.000000e-04,7.877467e-01,4,147818644.779057,213500682.636421,4.074648e-03,1.720446e-02,2.497559e-01,5.371094e+03,2.959936e-04,1073726487,1.132149e+02,2.184010e-06,1.881490e+01,2525256923,1.700780,4294905948,7.263810,5.029148,1580.387617,1094.640385
SZx,hacc/vy.f32,1.000000e-04,7.877467e-01,5,148111508.520460,213467558.400279,4.074648e-03,1.720446e-02,2.497559e-01,5.371094e+03,2.959936e-04,1073726487,1.132149e+02,2.184010e-06,1.881490e+01,2525256923,1.700780,4294905948,7.249447,5.029928,1576.155633,1094.605414
SZx,hacc/vy.f32,1.000000e-04,7.877467e-01,6,145137217.038155,213400670.750878,4.074648e-03,1.720446e-02,2.497559e-01,5.371094e+03,2.959936e-04,1073726487,1.132149e+02,2.184010e-06,1.881490e+01,2525256923,1.700780,4294905948,7.398009,5.031505,1610.235379,1099.155268
SZx,hacc/vy.f32,1.000000e-04,7.877467e-01,7,147811298.424299,213498768.384984,4.074648e-03,1.720446e-02,2.497559e-01,5.371094e+03,2.959936e-04,1073726487,1.132149e+02,2.184010e-06,1.881490e+01,2525256923,1.700780,4294905948,7.264171,5.029193,1584.450045,1094.590337
SZx,hacc/vy.f32,1.000000e-04,7.877467e-01,8,148192302.156291,213340173.342446,4.074648e-03,1.720446e-02,2.497559e-01,5.371094e+03,2.959936e-04,1073726487,1.132149e+02,2.184010e-06,1.881490e+01,2525256923,1.700780,4294905948,7.245494,5.032932,1577.391225,1094.505498
SZx,hacc/vy.f32,1.000000e-04,7.877467e-01,9,148173375.163849,213349403.270764,4.074648e-03,1.720446e-02,2.497559e-01,5.371094e+03,2.959936e-04,1073726487,1.132149e+02,2.184010e-06,1.881490e+01,2525256923,1.700780,4294905948,7.246420,5.032714,1574.434079,1093.650338
SZx,hacc/vy.f32,1.000000e-05,7.877467e-02,0,120166660.028118,153733459.038095,5.055820e-04,2.136801e-03,3.100586e-02,4.882812e+02,4.565920e-06,1073726487,1.313324e+02,2.712549e-07,2.230399e+01,2993548054,1.434721,4294905948,8.935311,6.984338,1942.992646,1516.446925
SZx,hacc/vy.f32,1.000000e-05,7.877467e-02,1,120766512.888500,153647933.491999,5.055820e-04,2.136801e-03,3.100586e-02,4.882812e+02,4.565920e-06,1073726487,1.313324e+02,2.712549e-07,2.230399e+01,2993548054,1.434721,4294905948,8.890929,6.988226,1929.579471,1512.797397
SZx,hacc/vy.f32,1.000000e-05,7.877467e-02,2,121488415.325870,153757539.758860,5.055820e-04,2.136801e-03,3.100586e-02,4.882812e+02,4.565920e-06,1073726487,1.313324e+02,2.712549e-07,2.230399e+01,2993548054,1.434721,4294905948,8.838098,6.983244,1927.642649,1514.944974
SZx,hacc/vy.f32,1.000000e-05,7.877467e-02,3,121475865.370960,153730517.969644,5.055820e-04,2.136801e-03,3.100586e-02,4.882812e+02,4.565920e-06,1073726487,1.313324e+02,2.712549e-07,2.230399e+01,2993548054,1.434721,4294905948,8.839011,6.984472,1919.885221,1516.831810
SZx,hacc/vy.f32,1.000000e-05,7.877467e-02,4,121495876.044788,153773835.860750,5.055820e-04,2.136801e-03,3.100586e-02,4.882812e+02,4.565920e-06,1073726487,1.313324e+02,2.712549e-07,2.230399e+01,2993548054,1.434721,4294905948,8.837555,6.982504,1919.842498,1515.518154
SZx,hacc/vy.f32,1.000000e-05,7.877467e-02,5,121491883.371276,153761184.157739,5.055820e-04,2.136801e-03,3.100586e-02,4.882812e+02,4.565920e-06,1073726487,1.313324e+02,2.712549e-07,2.230399e+01,2993548054,1.434721,4294905948,8.837845,6.983079,1916.680640,1512.663242
SZx,hacc/vy.f32,1.000000e-05,7.877467e-02,6,121505666.728631,153796447.449742,5.055820e-04,2.136801e-03,3.100586e-02,4.882812e+02,4.565920e-06,1073726487,1.313324e+02,2.712549e-07,2.230399e+01,2993548054,1.434721,4294905948,8.836843,6.981478,1919.588896,1596.354801
SZx,hacc/vy.f32,1.000000e-05,7.877467e-02,7,121503211.716491,153733992.703423,5.055820e-04,2.136801e-03,3.100586e-02,4.882812e+02,4.565920e-06,1073726487,1.313324e+02,2.712549e-07,2.230399e+01,2993548054,1.434721,4294905948,8.837021,6.984314,1921.536401,1520.080704
SZx,hacc/vy.f32,1.000000e-05,7.877467e-02,8,121503868.953103,153616104.924469,5.055820e-04,2.136801e-03,3.100586e-02,4.882812e+02,4.565920e-06,1073726487,1.313324e+02,2.712549e-07,2.230399e+01,2993548054,1.434721,4294905948,8.836974,6.989674,1920.251981,1517.142845
SZx,hacc/vy.f32,1.000000e-05,7.877467e-02,9,121496360.967410,153781517.176140,5.055820e-04,2.136801e-03,3.100586e-02,4.882812e+02,4.565920e-06,1073726487,1.313324e+02,2.712549e-07,2.230399e+01,2993548054,1.434721,4294905948,8.837520,6.982156,1921.542566,1555.188279
SZx,hacc/vy.f32,1.000000e-06,7.877467e-03,0,133989880.394222,178776271.392633,5.938000e-05,2.534376e-04,3.662109e-03,2.279890e+01,6.423060e-08,1073726487,1.498503e+02,3.217247e-08,2.531561e+01,3397755667,1.264042,4294905948,8.013489,6.005979,1761.779609,1325.519860
SZx,hacc/vy.f32,1.000000e-06,7.877467e-03,1,133982252.497426,178756928.667670,5.938000e-05,2.534376e-04,3.662109e-03,2.279890e+01,6.423060e-08,1073726487,1.498503e+02,3.217247e-08,2.531561e+01,3397755667,1.264042,4294905948,8.013946,6.006629,1742.921990,1308.232735
SZx,hacc/vy.f32,1.000000e-06,7.877467e-03,2,134911660.710094,178884088.846862,5.938000e-05,2.534376e-04,3.662109e-03,2.279890e+01,6.423060e-08,1073726487,1.498503e+02,3.217247e-08,2.531561e+01,3397755667,1.264042,4294905948,7.958737,6.002359,1734.049759,1306.817822
SZx,hacc/vy.f32,1.000000e-06,7.877467e-03,3,134917636.339768,178784024.714710,5.938000e-05,2.534376e-04,3.662109e-03,2.279890e+01,6.423060e-08,1073726487,1.498503e+02,3.217247e-08,2.531561e+01,3397755667,1.264042,4294905948,7.958385,6.005718,1731.723289,1307.708566
SZx,hacc/vy.f32,1.000000e-06,7.877467e-03,4,134923550.744124,178843103.675656,5.938000e-05,2.534376e-04,3.662109e-03,2.279890e+01,6.423060e-08,1073726487,1.498503e+02,3.217247e-08,2.531561e+01,3397755667,1.264042,4294905948,7.958036,6.003734,1730.810450,1308.652777
SZx,hacc/vy.f32,1.000000e-06,7.877467e-03,5,134928898.679953,178789960.535349,5.938000e-05,2.534376e-04,3.662109e-03,2.279890e+01,6.423060e-08,1073726487,1.498503e+02,3.217247e-08,2.531561e+01,3397755667,1.264042,4294905948,7.957721,6.005519,1732.432821,1308.721319
SZx,hacc/vy.f32,1.000000e-06,7.877467e-03,6,134917822.345645,178777745.860426,5.938000e-05,2.534376e-04,3.662109e-03,2.279890e+01,6.423060e-08,1073726487,1.498503e+02,3.217247e-08,2.531561e+01,3397755667,1.264042,4294905948,7.958374,6.005929,1732.032249,1309.085820
SZx,hacc/vy.f32,1.000000e-06,7.877467e-03,7,135054144.256534,178802507.867047,5.938000e-05,2.534376e-04,3.662109e-03,2.279890e+01,6.423060e-08,1073726487,1.498503e+02,3.217247e-08,2.531561e+01,3397755667,1.264042,4294905948,7.950341,6.005097,1728.826324,1308.801275
SZx,hacc/vy.f32,1.000000e-06,7.877467e-03,8,134925718.982105,178776653.210009,5.938000e-05,2.534376e-04,3.662109e-03,2.279890e+01,6.423060e-08,1073726487,1.498503e+02,3.217247e-08,2.531561e+01,3397755667,1.264042,4294905948,7.957908,6.005966,1732.336018,1307.369030
SZx,hacc/vy.f32,1.000000e-06,7.877467e-03,9,134981973.478959,178778073.818947,5.938000e-05,2.534376e-04,3.662109e-03,2.279890e+01,6.423060e-08,1073726487,1.498503e+02,3.217247e-08,2.531561e+01,3397755667,1.264042,4294905948,7.954592,6.005918,1766.713495,1308.003365
SZx,cesm/U_1_26_1800_3600.f32,1.000000e-01,1.589516e+01,0,201205729.955426,326899918.843560,3.016723e-01,5.457826e-01,3.999992e+00,7.427965e+05,2.978786e-01,168480000,4.928491e+01,3.433639e-03,2.573425e+00,54196337,12.434789,673920000,0.837352,0.515387,181.568505,111.899127
SZx,cesm/U_1_26_1800_3600.f32,1.000000e-01,1.589516e+01,1,200616852.282722,326915014.790027,3.016723e-01,5.457826e-01,3.999992e+00,7.427965e+05,2.978786e-01,168480000,4.928491e+01,3.433639e-03,2.573425e+00,54196337,12.434789,673920000,0.839810,0.515363,182.320822,111.492024
SZx,cesm/U_1_26_1800_3600.f32,1.000000e-01,1.589516e+01,2,200769437.149661,326947257.698716,3.016723e-01,5.457826e-01,3.999992e+00,7.427965e+05,2.978786e-01,168480000,4.928491e+01,3.433639e-03,2.573425e+00,54196337,12.434789,673920000,0.839172,0.515312,182.401206,111.630756
SZx,cesm/U_1_26_1800_3600.f32,1.000000e-01,1.589516e+01,3,201180204.161205,327043235.292411,3.016723e-01,5.457826e-01,3.999992e+00,7.427965e+05,2.978786e-01,168480000,4.928491e+01,3.433639e-03,2.573425e+00,54196337,12.434789,673920000,0.837458,0.515161,182.454185,111.718524
SZx,cesm/U_1_26_1800_3600.f32,1.000000e-01,1.589516e+01,4,200710809.467468,326854257.869292,3.016723e-01,5.457826e-01,3.999992e+00,7.427965e+05,2.978786e-01,168480000,4.928491e+01,3.433639e-03,2.573425e+00,54196337,12.434789,673920000,0.839417,0.515459,182.364218,111.527729
SZx,cesm/U_1_26_1800_3600.f32,1.000000e-01,1.589516e+01,5,200262702.632644,327013147.609325,3.016723e-01,5.457826e-01,3.999992e+00,7.427965e+05,2.978786e-01,168480000,4.928491e+01,3.433639e-03,2.573425e+00,54196337,12.434789,673920000,0.841295,0.515209,200.404944,122.807302
SZx,cesm/U_1_26_1800_3600.f32,1.000000e-01,1.589516e+01,6,201019284.797444,327089803.664833,3.016723e-01,5.457826e-01,3.999992e+00,7.427965e+05,2.978786e-01,168480000,4.928491e+01,3.433639e-03,2.573425e+00,54196337,12.434789,673920000,0.838129,0.515088,181.960104,112.442278
SZx,cesm/U_1_26_1800_3600.f32,1.000000e-01,1.589516e+01,7,200782425.952672,327042415.839015,3.016723e-01,5.457826e-01,3.999992e+00,7.427965e+05,2.978786e-01,168480000,4.928491e+01,3.433639e-03,2.573425e+00,54196337,12.434789,673920000,0.839117,0.515163,182.651998,112.149920
SZx,cesm/U_1_26_1800_3600.f32,1.000000e-01,1.589516e+01,8,201238075.330961,326981503.993991,3.016723e-01,5.457826e-01,3.999992e+00,7.427965e+05,2.978786e-01,168480000,4.928491e+01,3.433639e-03,2.573425e+00,54196337,12.434789,673920000,0.837217,0.515259,183.115009,113.322098
SZx,cesm/U_1_26_1800_3600.f32,1.000000e-01,1.589516e+01,9,200573121.355194,327026934.499133,3.016723e-01,5.457826e-01,3.999992e+00,7.427965e+05,2.978786e-01,168480000,4.928491e+01,3.433639e-03,2.573425e+00,54196337,12.434789,673920000,0.839993,0.515187,181.953697,112.693193
SZx,cesm/U_1_26_1800_3600.f32,1.000000e-02,1.589516e+00,0,176442467.227335,251810837.056192,3.803746e-02,6.906841e-02,4.999924e-01,7.031686e+04,4.770445e-03,168480000,6.723971e+01,4.345247e-04,4.445471e+00,93621609,7.198338,673920000,0.954872,0.669074,208.299332,145.004389
SZx,cesm/U_1_26_1800_3600.f32,1.000000e-02,1.589516e+00,1,176803693.787346,251835962.027963,3.803746e-02,6.906841e-02,4.999924e-01,7.031686e+04,4.770445e-03,168480000,6.723971e+01,4.345247e-04,4.445471e+00,93621609,7.198338,673920000,0.952921,0.669007,206.857441,145.273798
SZx,cesm/U_1_26_1800_3600.f32,1.000000e-02,1.589516e+00,2,174613333.748252,251494169.204698,3.803746e-02,6.906841e-02,4.999924e-01,7.031686e+04,4.770445e-03,168480000,6.723971e+01,4.345247e-04,4.445471e+00,93621609,7.198338,673920000,0.964875,0.669916,210.332958,144.987727
SZx,cesm/U_1_26_1800_3600.f32,1.000000e-02,1.589516e+00,3,176356276.471730,251497515.200049,3.803746e-02,6.906841e-02,4.999924e-01,7.031686e+04,4.770445e-03,168480000,6.723971e+01,4.345247e-04,4.445471e+00,93621609,7.198338,673920000,0.955339,0.669907,227.490262,159.248799
SZx,cesm/U_1_26_1800_3600.f32,1.000000e-02,1.589516e+00,4,176205965.489038,251758705.258903,3.803746e-02,6.906841e-02,4.999924e-01,7.031686e+04,4.770445e-03,168480000,6.723971e+01,4.345247e-04,4.445471e+00,93621609,7.198338,673920000,0.956154,0.669212,207.909563,145.289484
SZx,cesm/U_1_26_1800_3600.f32,1.000000e-02,1.589516e+00,5,175930926.704468,251430142.541668,3.803746e-02,6.906841e-02,4.999924e-01,7.031686e+04,4.770445e-03,168480000,6.723971e+01,4.345247e-04,4.445471e+00,93621609,7.198338,673920000,0.957649,0.670087,207.911516,144.716976
SZx,cesm/U_1_26_1800_3600.f32,1.000000e-02,1.589516e+00,6,175704891.914145,251459110.835335,3.803746e-02,6.906841e-02,4.999924e-01,7.031686e+04,4.770445e-03,168480000,6.723971e+01,4.345247e-04,4.445471e+00,93621609,7.198338,673920000,0.958881,0.670010,208.648940,156.752345
SZx,cesm/U_1_26_1800_3600.f32,1.000000e-02,1.589516e+00,7,176191904.285632,251494616.730789,3.803746e-02,6.906841e-02,4.999924e-01,7.031686e+04,4.770445e-03,168480000,6.723971e+01,4.345247e-04,4.445471e+00,93621609,7.198338,673920000,0.956230,0.669915,207.857256,145.755792
SZx,cesm/U_1_26_1800_3600.f32,1.000000e-02,1.589516e+00,8,176005239.803218,251858478.996757,3.803746e-02,6.906841e-02,4.999924e-01,7.031686e+04,4.770445e-03,168480000,6.723971e+01,4.345247e-04,4.445471e+00,93621609,7.198338,673920000,0.957244,0.668947,208.705338,144.695003
SZx,cesm/U_1_26_1800_3600.f32,1.000000e-02,1.589516e+00,9,176043745.860663,251526233.584783,3.803746e-02,6.906841e-02,4.999924e-01,7.031686e+04,4.770445e-03,168480000,6.723971e+01,4.345247e-04,4.445471e+00,93621609,7.198338,673920000,0.957035,0.669831,209.822399,144.761654
SZx,cesm/U_1_26_1800_3600.f32,1.000000e-03,1.589516e-01,0,198139485.215929,220433051.910663,4.759426e-03,8.649099e-03,6.249237e-02,2.668952e+02,7.480692e-05,168480000,8.528588e+01,5.441340e-05,7.859085e+00,165512330,4.071721,673920000,0.850310,0.764314,185.330213,166.067568
SZx,cesm/U_1_26_1800_3600.f32,1.000000e-03,1.589516e-01,1,198311661.070321,221661561.037749,4.759426e-03,8.649099e-03,6.249237e-02,2.668952e+02,7.480692e-05,168480000,8.528588e+01,5.441340e-05,7.859085e+00,165512330,4.071721,673920000,0.849572,0.760078,185.278213,164.511602
SZx,cesm/U_1_26_1800_3600.f32,1.000000e-03,1.589516e-01,2,197723016.312854,222486637.299584,4.759426e-03,8.649099e-03,6.249237e-02,2.668952e+02,7.480692e-05,168480000,8.528588e+01,5.441340e-05,7.859085e+00,165512330,4.071721,673920000,0.852101,0.757259,185.717908,164.015693
SZx,cesm/U_1_26_1800_3600.f32,1.000000e-03,1.589516e-01,3,198336665.661516,222588416.877573,4.759426e-03,8.649099e-03,6.249237e-02,2.668952e+02,7.480692e-05,168480000,8.528588e+01,5.441340e-05,7.859085e+00,165512330,4.071721,673920000,0.849465,0.756913,197.347151,180.265529
SZx,cesm/U_1_26_1800_3600.f32,1.000000e-03,1.589516e-01,4,198228329.493299,222687889.100913,4.759426e-03,8.649099e-03,6.249237e-02,2.668952e+02,7.480692e-05,168480000,8.528588e+01,5.441340e-05,7.859085e+00,165512330,4.071721,673920000,0.849929,0.756575,185.671767,164.931706
SZx,cesm/U_1_26_1800_3600.f32,1.000000e-03,1.589516e-01,5,197936933.469027,221239079.487781,4.759426e-03,8.649099e-03,6.249237e-02,2.668952e+02,7.480692e-05,168480000,8.528588e+01,5.441340e-05,7.859085e+00,165512330,4.071721,673920000,0.851180,0.761529,185.366896,165.154545
SZx,cesm/U_1_26_1800_3600.f32,1.000000e-03,1.589516e-01,6,198368439.642550,219545302.210696,4.759426e-03,8.649099e-03,6.249237e-02,2.668952e+02,7.480692e-05,168480000,8.528588e+01,5.441340e-05,7.859085e+00,165512330,4.071721,673920000,0.849329,0.767404,184.915970,166.438233
SZx,cesm/U_1_26_1800_3600.f32,1.000000e-03,1.589516e-01,7,198045132.962772,221202297.366883,4.759426e-03,8.649099e-03,6.249237e-02,2.668952e+02,7.480692e-05,168480000,8.528588e+01,5.441340e-05,7.859085e+00,165512330,4.071721,673920000,0.850715,0.761656,184.694351,164.686956
SZx,cesm/U_1_26_1800_3600.f32,1.000000e-03,1.589516e-01,8,198191836.175681,220314661.269697,4.759426e-03,8.649099e-03,6.249237e-02,2.668952e+02,7.480692e-05,168480000,8.528588e+01,5.441340e-05,7.859085e+00,165512330,4.071721,673920000,0.850085,0.764724,202.843231,178.867584
SZx,cesm/U_1_26_1800_3600.f32,1.000000e-03,1.589516e-01,9,198383337.758426,219794780.691220,4.759426e-03,8.649099e-03,6.249237e-02,2.668952e+02,7.480692e-05,168480000,8.528588e+01,5.441340e-05,7.859085e+00,165512330,4.071721,673920000,0.849265,0.766533,185.705214,166.883850
SZx,cesm/U_1_26_1800_3600.f32,1.000000e-04,1.589516e-02,0,199794142.069395,230292191.019573,5.945357e-04,1.080619e-03,7.804871e-03,2.668952e+02,1.167738e-06,168480000,1.033518e+02,6.798416e-06,1.043817e+01,219827785,3.065673,673920000,0.843268,0.731592,183.683489,159.954424
SZx,cesm/U_1_26_1800_3600.f32,1.000000e-04,1.589516e-02,1,200137368.079101,230722716.663384,5.945357e-04,1.080619e-03,7.804871e-03,2.668952e+02,1.167738e-06,168480000,1.033518e+02,6.798416e-06,1.043817e+01,219827785,3.065673,673920000,0.841822,0.730227,182.670003,159.077352
SZx,cesm/U_1_26_1800_3600.f32,1.000000e-04,1.589516e-02,2,200011265.290064,230218846.358238,5.945357e-04,1.080619e-03,7.804871e-03,2.668952e+02,1.167738e-06,168480000,1.033518e+02,6.798416e-06,1.043817e+01,219827785,3.065673,673920000,0.842353,0.731825,184.245684,159.795855
SZx,cesm/U_1_26_1800_3600.f32,1.000000e-04,1.589516e-02,3,199978037.292437,230192538.272746,5.945357e-04,1.080619e-03,7.804871e-03,2.668952e+02,1.167738e-06,168480000,1.033518e+02,6.798416e-06,1.043817e+01,219827785,3.065673,673920000,0.842493,0.731909,184.234269,158.882466
SZx,cesm/U_1_26_1800_3600.f32,1.000000e-04,1.589516e-02,4,200135279.045064,230416212.958620,5.945357e-04,1.080619e-03,7.804871e-03,2.668952e+02,1.167738e-06,168480000,1.033518e+02,6.798416e-06,1.043817e+01,219827785,3.065673,673920000,0.841831,0.731199,182.655599,158.998190
SZx,cesm/U_1_26_1800_3600.f32,1.000000e-04,1.589516e-02,5,200107321.848852,230383148.428292,5.945357e-04,1.080619e-03,7.804871e-03,2.668952e+02,1.167738e-06,168480000,1.033518e+02,6.798416e-06,1.043817e+01,219827785,3.065673,673920000,0.841948,0.731303,183.078022,158.734884
SZx,cesm/U_1_26_1800_3600.f32,1.000000e-04,1.589516e-02,6,200103265.487708,230794837.817720,5.945357e-04,1.080619e-03,7.804871e-03,2.668952e+02,1.167738e-06,168480000,1.033518e+02,6.798416e-06,1.043817e+01,219827785,3.065673,673920000,0.841965,0.729999,182.913961,158.513998
SZx,cesm/U_1_26_1800_3600.f32,1.000000e-04,1.589516e-02,7,200172512.899515,230256269.411715,5.945357e-04,1.080619e-03,7.804871e-03,2.668952e+02,1.167738e-06,168480000,1.033518e+02,6.798416e-06,1.043817e+01,219827785,3.065673,673920000,0.841674,0.731706,182.731588,159.751848
SZx,cesm/U_1_26_1800_3600.f32,1.000000e-04,1.589516e-02,8,200145545.068522,230413329.558120,5.945357e-04,1.080619e-03,7.804871e-03,2.668952e+02,1.167738e-06,168480000,1.033518e+02,6.798416e-06,1.043817e+01,219827785,3.065673,673920000,0.841787,0.731208,183.125630,158.346640
SZx,cesm/U_1_26_1800_3600.f32,1.000000e-04,1.589516e-02,9,200177124.053943,229988240.129427,5.945357e-04,1.080619e-03,7.804871e-03,2.668952e+02,1.167738e-06,168480000,1.033518e+02,6.798416e-06,1.043817e+01,219827785,3.065673,673920000,0.841655,0.732559,190.371399,159.775959
SZx,cesm/U_1_26_1800_3600.f32,1.000000e-05,1.589516e-03,0,182189894.735497,209751595.511829,3.656770e-05,6.656445e-05,4.806519e-04,4.798908e+01,4.430826e-09,168480000,1.275605e+02,4.187717e-07,1.474944e+01,310623120,2.169574,673920000,0.924749,0.803236,200.976109,175.707985
SZx,cesm/U_1_26_1800_3600.f32,1.000000e-05,1.589516e-03,1,182327075.118504,212293930.936778,3.656770e-05,6.656445e-05,4.806519e-04,4.798908e+01,4.430826e-09,168480000,1.275605e+02,4.187717e-07,1.474944e+01,310623120,2.169574,673920000,0.924054,0.793617,201.077427,172.529648
SZx,cesm/U_1_26_1800_3600.f32,1.000000e-05,1.589516e-03,2,182287614.117830,212269932.664793,3.656770e-05,6.656445e-05,4.806519e-04,4.798908e+01,4.430826e-09,168480000,1.275605e+02,4.187717e-07,1.474944e+01,310623120,2.169574,673920000,0.924254,0.793706,200.752233,172.545151
SZx,cesm/U_1_26_1800_3600.f32,1.000000e-05,1.589516e-03,3,182289989.889035,210672748.429132,3.656770e-05,6.656445e-05,4.806519e-04,4.798908e+01,4.430826e-09,168480000,1.275605e+02,4.187717e-07,1.474944e+01,310623120,2.169574,673920000,0.924242,0.799724,200.825780,174.506878
SZx,cesm/U_1_26_1800_3600.f32,1.000000e-05,1.589516e-03,4,182175213.823297,209901245.211994,3.656770e-05,6.656445e-05,4.806519e-04,4.798908e+01,4.430826e-09,168480000,1.275605e+02,4.187717e-07,1.474944e+01,310623120,2.169574,673920000,0.924824,0.802663,201.833895,174.588969
SZx,cesm/U_1_26_1800_3600.f32,1.000000e-05,1.589516e-03,5,182205304.000252,211587267.846889,3.656770e-05,6.656445e-05,4.806519e-04,4.798908e+01,4.430826e-09,168480000,1.275605e+02,4.187717e-07,1.474944e+01,310623120,2.169574,673920000,0.924671,0.796267,201.100560,173.989788
SZx,cesm/U_1_26_1800_3600.f32,1.000000e-05,1.589516e-03,6,182391080.331521,211889674.027073,3.656770e-05,6.656445e-05,4.806519e-04,4.798908e+01,4.430826e-09,168480000,1.275605e+02,4.187717e-07,1.474944e+01,310623120,2.169574,673920000,0.923729,0.795131,201.032750,173.063827
SZx,cesm/U_1_26_1800_3600.f32,1.000000e-05,1.589516e-03,7,182216020.310085,210823560.625807,3.656770e-05,6.656445e-05,4.806519e-04,4.798908e+01,4.430826e-09,168480000,1.275605e+02,4.187717e-07,1.474944e+01,310623120,2.169574,673920000,0.924617,0.799152,200.842930,173.485945
SZx,cesm/U_1_26_1800_3600.f32,1.000000e-05,1.589516e-03,8,182246324.826444,210066583.376077,3.656770e-05,6.656445e-05,4.806519e-04,4.798908e+01,4.430826e-09,168480000,1.275605e+02,4.187717e-07,1.474944e+01,310623120,2.169574,673920000,0.924463,0.802031,200.972325,174.749369
SZx,cesm/U_1_26_1800_3600.f32,1.000000e-05,1.589516e-03,9,182352162.541680,210973697.239762,3.656770e-05,6.656445e-05,4.806519e-04,4.798908e+01,4.430826e-09,168480000,1.275605e+02,4.187717e-07,1.474944e+01,310623120,2.169574,673920000,0.923927,0.798583,200.899449,174.371929
SZx,cesm/U_1_26_1800_3600.f32,1.000000e-06,1.589516e-04,0,190979964.233384,242368266.320945,4.023401e-06,7.429479e-06,5.340576e-05,6.944177e+00,5.519715e-11,168480000,1.466061e+02,4.674050e-08,1.766677e+01,372062091,1.811311,673920000,0.882187,0.695141,191.550292,151.375406
SZx,cesm/U_1_26_1800_3600.f32,1.000000e-06,1.589516e-04,1,191187260.658630,242302082.335859,4.023401e-06,7.429479e-06,5.340576e-05,6.944177e+00,5.519715e-11,168480000,1.466061e+02,4.674050e-08,1.766677e+01,372062091,1.811311,673920000,0.881230,0.695330,191.508298,151.738382
SZx,cesm/U_1_26_1800_3600.f32,1.000000e-06,1.589516e-04,2,190734131.385699,241688388.221510,4.023401e-06,7.429479e-06,5.340576e-05,6.944177e+00,5.519715e-11,168480000,1.466061e+02,4.674050e-08,1.766677e+01,372062091,1.811311,673920000,0.883324,0.697096,192.935358,151.882973
SZx,cesm/U_1_26_1800_3600.f32,1.000000e-06,1.589516e-04,3,190965724.876836,242145863.041190,4.023401e-06,7.429479e-06,5.340576e-05,6.944177e+00,5.519715e-11,168480000,1.466061e+02,4.674050e-08,1.766677e+01,372062091,1.811311,673920000,0.882253,0.695779,192.730586,151.421365
SZx,cesm/U_1_26_1800_3600.f32,1.000000e-06,1.589516e-04,4,190846717.383826,242058473.582164,4.023401e-06,7.429479e-06,5.340576e-05,6.944177e+00,5.519715e-11,168480000,1.466061e+02,4.674050e-08,1.766677e+01,372062091,1.811311,673920000,0.882803,0.696030,192.407161,153.392124
SZx,cesm/U_1_26_1800_3600.f32,1.000000e-06,1.589516e-04,5,191167007.393255,242702297.395588,4.023401e-06,7.429479e-06,5.340576e-05,6.944177e+00,5.519715e-11,168480000,1.466061e+02,4.674050e-08,1.766677e+01,372062091,1.811311,673920000,0.881324,0.694184,194.486013,151.147501
SZx,cesm/U_1_26_1800_3600.f32,1.000000e-06,1.589516e-04,6,190743834.876972,241872298.471705,4.023401e-06,7.429479e-06,5.340576e-05,6.944177e+00,5.519715e-11,168480000,1.466061e+02,4.674050e-08,1.766677e+01,372062091,1.811311,673920000,0.883279,0.696566,210.762522,166.433717
SZx,cesm/U_1_26_1800_3600.f32,1.000000e-06,1.589516e-04,7,191073330.352726,241674841.857852,4.023401e-06,7.429479e-06,5.340576e-05,6.944177e+00,5.519715e-11,168480000,1.466061e+02,4.674050e-08,1.766677e+01,372062091,1.811311,673920000,0.881756,0.697135,191.436582,152.200905
SZx,cesm/U_1_26_1800_3600.f32,1.000000e-06,1.589516e-04,8,190917939.338374,242030087.320039,4.023401e-06,7.429479e-06,5.340576e-05,6.944177e+00,5.519715e-11,168480000,1.466061e+02,4.674050e-08,1.766677e+01,372062091,1.811311,673920000,0.882473,0.696112,191.886410,152.694312
SZx,cesm/U_1_26_1800_3600.f32,1.000000e-06,1.589516e-04,9,191087198.624804,242376422.154935,4.023401e-06,7.429479e-06,5.340576e-05,6.944177e+00,5.519715e-11,168480000,1.466061e+02,4.674050e-08,1.766677e+01,372062091,1.811311,673920000,0.881692,0.695117,191.697690,151.331461
