SZx-OMP,s3d/stat_planar.1.1000E-03.field.d64,1.000000e-03,1.538028e-02,0,389021229.395559,715241231.924909,5.992185e-05,2.482184e-03,1.538047e-02,1.538028e+04,6.161235e-06,1375000000,7.584261e+01,1.613874e-04,1.241416e+00,213368318,51.554046,11000000000,3.534511,1.922428,645.544123,349.115806,1
SZx-OMP,s3d/stat_planar.1.1000E-03.field.d64,1.000000e-03,1.538028e-02,1,389413730.164713,715911554.590972,1.198437e-04,3.510338e-03,1.538047e-02,1.538028e+04,1.232247e-05,1375000000,7.283231e+01,2.282362e-04,1.241416e+00,213368318,51.554046,11000000000,3.530949,1.920628,644.756467,348.769005,1
SZx-OMP,s3d/stat_planar.1.1000E-03.field.d64,1.000000e-03,1.538028e-02,2,389648412.876556,715967734.510104,1.797656e-04,4.299268e-03,1.538047e-02,1.538028e+04,1.848370e-05,1375000000,7.107140e+01,2.795311e-04,1.241416e+00,213368318,51.554046,11000000000,3.528822,1.920478,644.503355,348.351403,1
SZx-OMP,s3d/stat_planar.1.1000E-03.field.d64,1.000000e-03,1.538028e-02,3,390128938.903782,715981316.855369,2.396874e-04,4.964367e-03,1.538047e-02,1.538028e+04,2.464494e-05,1375000000,6.982201e+01,3.227748e-04,1.241416e+00,213368318,51.554046,11000000000,3.524476,1.920441,643.577698,348.737327,1
SZx-OMP,s3d/stat_planar.1.1000E-03.field.d64,1.000000e-03,1.538028e-02,4,390011911.793649,715785045.230898,2.996093e-04,5.550331e-03,1.538047e-02,1.538028e+04,3.080617e-05,1375000000,6.885291e+01,3.608732e-04,1.241416e+00,213368318,51.554046,11000000000,3.525533,1.920968,643.875671,349.000693,1
SZx-OMP,s3d/stat_planar.1.1000E-03.field.d64,1.000000e-03,1.538028e-02,5,390146752.215128,715785001.679072,3.595311e-04,6.080083e-03,1.538047e-02,1.538028e+04,3.696741e-05,1375000000,6.806110e+01,3.953167e-04,1.241416e+00,213368318,51.554046,11000000000,3.524315,1.920968,643.674500,349.189658,1
SZx-OMP,s3d/stat_planar.1.1000E-03.field.d64,1.000000e-03,1.538028e-02,6,390029726.526261,715846075.742836,4.194530e-04,6.567240e-03,1.538047e-02,1.538028e+04,4.312864e-05,1375000000,6.739163e+01,4.269909e-04,1.241416e+00,213368318,51.554046,11000000000,3.525372,1.920804,644.088439,348.805076,1
SZx-OMP,s3d/stat_planar.1.1000E-03.field.d64,1.000000e-03,1.538028e-02,7,390256188.931964,716127464.218325,4.793748e-04,7.020675e-03,1.538047e-02,1.538028e+04,4.928988e-05,1375000000,6.681171e+01,4.564724e-04,1.241416e+00,213368318,51.554046,11000000000,3.523327,1.920049,643.596741,348.624535,1
SZx-OMP,s3d/stat_planar.1.1000E-03.field.d64,1.000000e-03,1.538028e-02,8,389953274.213895,716163145.111228,5.392967e-04,7.446551e-03,1.538047e-02,1.538028e+04,5.545111e-05,1375000000,6.630018e+01,4.841621e-04,1.241416e+00,213368318,51.554046,11000000000,3.526063,1.919954,644.037353,348.425682,1
SZx-OMP,s3d/stat_planar.1.1000E-03.field.d64,1.000000e-03,1.538028e-02,9,389936246.541897,716030333.864388,5.992185e-04,7.849353e-03,1.538047e-02,1.538028e+04,6.161235e-05,1375000000,6.584261e+01,5.103517e-04,1.241416e+00,213368318,51.554046,11000000000,3.526217,1.920310,644.195311,348.599449,1
SZx-OMP,s3d/stat_planar.1.1000E-03.field.d64,1.000000e-03,1.538028e-02,10,389479998.760149,715926218.994508,6.591404e-04,8.232471e-03,1.538047e-02,1.538028e+04,6.777358e-05,1375000000,6.542868e+01,5.352614e-04,1.241416e+00,213368318,51.554046,11000000000,3.530348,1.920589,644.546690,348.816002,1
SZx-OMP,s3d/stat_planar.1.1000E-03.field.d64,1.000000e-03,1.538028e-02,11,390112278.109796,715911742.051592,7.190622e-04,8.598536e-03,1.538047e-02,1.538028e+04,7.393482e-05,1375000000,6.505080e+01,5.590623e-04,1.241416e+00,213368318,51.554046,11000000000,3.524626,1.920628,643.809449,349.373495,1
SZx-OMP,s3d/stat_planar.1.1000E-03.field.d64,1.000000e-03,1.538028e-02,12,389832486.930052,715901917.685178,7.789841e-04,8.949640e-03,1.538047e-02,1.538028e+04,8.009605e-05,1375000000,6.470318e+01,5.818905e-04,1.241416e+00,213368318,51.554046,11000000000,3.527156,1.920654,644.314940,349.041465,1
SZx-OMP,s3d/stat_planar.1.1000E-03.field.d64,1.000000e-03,1.538028e-02,13,389899623.444939,715851257.943489,8.389059e-04,9.287480e-03,1.538047e-02,1.538028e+04,8.625729e-05,1375000000,6.438133e+01,6.038563e-04,1.241416e+00,213368318,51.554046,11000000000,3.526549,1.920790,644.039489,349.297933,1
SZx-OMP,s3d/stat_planar.1.1000E-03.field.d64,1.000000e-03,1.538028e-02,14,390194161.443019,715740389.173392,8.988278e-04,9.613455e-03,1.538047e-02,1.538028e+04,9.241852e-05,1375000000,6.408170e+01,6.250506e-04,1.241416e+00,213368318,51.554046,11000000000,3.523887,1.921088,643.628358,349.538717,1
SZx-OMP,s3d/stat_planar.1.1000E-03.field.d64,1.000000e-03,1.538028e-02,15,389638990.540486,716014034.165008,9.587496e-04,9.928734e-03,1.538047e-02,1.538028e+04,9.857976e-05,1375000000,6.380141e+01,6.455495e-04,1.241416e+00,213368318,51.554046,11000000000,3.528908,1.920353,644.249510,348.928672,1
SZx-OMP,s3d/stat_planar.1.1000E-03.field.d64,1.000000e-03,1.538028e-02,16,390055142.082945,715780516.910405,1.018671e-03,1.023430e-02,1.538047e-02,1.538028e+04,1.047410e-04,1375000000,6.353812e+01,6.654172e-04,1.241416e+00,213368318,51.554046,11000000000,3.525143,1.920980,643.509156,348.661400,1
SZx-OMP,s3d/stat_planar.1.1000E-03.field.d64,1.000000e-03,1.538028e-02,17,389913842.582911,715672919.614225,1.078593e-03,1.053101e-02,1.538047e-02,1.538028e+04,1.109022e-04,1375000000,6.328988e+01,6.847087e-04,1.241416e+00,213368318,51.554046,11000000000,3.526420,1.921269,643.928344,348.692833,1
SZx-OMP,s3d/stat_planar.1.1000E-03.field.d64,1.000000e-03,1.538028e-02,18,389842188.581235,715754105.509729,1.138515e-03,1.081959e-02,1.538047e-02,1.538028e+04,1.170635e-04,1375000000,6.305507e+01,7.034713e-04,1.241416e+00,213368318,51.554046,11000000000,3.527068,1.921051,644.151000,348.865867,1
SZx-OMP,s3d/stat_planar.1.1000E-03.field.d64,1.000000e-03,1.538028e-02,19,390239933.727435,715818559.325155,1.198437e-03,1.110066e-02,1.538047e-02,1.538028e+04,1.232247e-04,1375000000,6.283231e+01,7.217463e-04,1.241416e+00,213368318,51.554046,11000000000,3.523473,1.920878,643.398621,349.174888,1
SZx-OMP,s3d/stat_planar.1.1000E-03.field.d64,1.000000e-03,1.538028e-02,20,389973212.991750,715750605.546379,1.258359e-03,1.137479e-02,1.538047e-02,1.538028e+04,1.293859e-04,1375000000,6.262042e+01,7.395699e-04,1.241416e+00,213368318,51.554046,11000000000,3.525883,1.921060,644.285582,348.623558,1
SZx-OMP,s3d/stat_planar.1.1000E-03.field.d64,1.000000e-03,1.538028e-02,21,389670833.806594,715708290.674128,1.318281e-03,1.164247e-02,1.538047e-02,1.538028e+04,1.355472e-04,1375000000,6.241838e+01,7.569739e-04,1.241416e+00,213368318,51.554046,11000000000,3.528619,1.921174,644.629209,349.055930,1
SZx-OMP,s3d/stat_planar.1.1000E-03.field.d64,1.000000e-03,1.538028e-02,22,390114263.038706,715881417.927796,1.378203e-03,1.190413e-02,1.538047e-02,1.538028e+04,1.417084e-04,1375000000,6.222533e+01,7.739867e-04,1.241416e+00,213368318,51.554046,11000000000,3.524608,1.920709,643.751038,349.178855,1
SZx-OMP,s3d/stat_planar.1.1000E-03.field.d64,1.000000e-03,1.538028e-02,23,390146973.774480,715924983.789165,1.438124e-03,1.216017e-02,1.538047e-02,1.538028e+04,1.478696e-04,1375000000,6.204050e+01,7.906335e-04,1.241416e+00,213368318,51.554046,11000000000,3.524313,1.920592,643.650818,348.843223,1
SZx-OMP,s3d/stat_planar.1.1000E-03.field.d64,1.000000e-03,1.538028e-02,24,389811811.929264,715910950.725439,1.498046e-03,1.241092e-02,1.538047e-02,1.538028e+04,1.540309e-04,1375000000,6.186321e+01,8.069369e-04,1.241416e+00,213368318,51.554046,11000000000,3.527343,1.920630,644.103271,348.544701,1
SZx-OMP,s3d/stat_planar.1.1000E-03.field.d64,1.000000e-03,1.538028e-02,0,738138459.566481,1282794397.326653,5.992185e-05,2.482184e-03,1.538047e-02,1.538028e+04,6.161235e-06,1375000000,7.584261e+01,1.613874e-04,1.241416e+00,213368318,51.554046,11000000000,1.862794,1.071879,347.576808,198.509075,2
SZx-OMP,s3d/stat_planar.1.1000E-03.field.d64,1.000000e-03,1.538028e-02,1,739360908.166905,1285805618.930680,1.198437e-04,3.510338e-03,1.538047e-02,1.538028e+04,1.232247e-05,1375000000,7.283231e+01,2.282362e-04,1.241416e+00,213368318,51.554046,11000000000,1.859714,1.069368,346.838406,198.316143,2
SZx-OMP,s3d/stat_planar.1.1000E-03.field.d64,1.000000e-03,1.538028e-02,2,735354111.910024,1285406562.399936,1.797656e-04,4.299268e-03,1.538047e-02,1.538028e+04,1.848370e-05,1375000000,7.107140e+01,2.795311e-04,1.241416e+00,213368318,51.554046,11000000000,1.869847,1.069700,348.694359,198.173870,2
SZx-OMP,s3d/stat_planar.1.1000E-03.field.d64,1.000000e-03,1.538028e-02,3,739922469.159037,1285326881.748292,2.396874e-04,4.964367e-03,1.538047e-02,1.538028e+04,2.464494e-05,1375000000,6.982201e+01,3.227748e-04,1.241416e+00,213368318,51.554046,11000000000,1.858303,1.069767,346.532377,198.115277,2
SZx-OMP,s3d/stat_planar.1.1000E-03.field.d64,1.000000e-03,1.538028e-02,4,739345696.406661,1285681791.125481,2.996093e-04,5.550331e-03,1.538047e-02,1.538028e+04,3.080617e-05,1375000000,6.885291e+01,3.608732e-04,1.241416e+00,213368318,51.554046,11000000000,1.859752,1.069471,346.615995,198.160809,2
SZx-OMP,s3d/stat_planar.1.1000E-03.field.d64,1.000000e-03,1.538028e-02,5,738662597.179679,1285935290.880672,3.595311e-04,6.080083e-03,1.538047e-02,1.538028e+04,3.696741e-05,1375000000,6.806110e+01,3.953167e-04,1.241416e+00,213368318,51.554046,11000000000,1.861472,1.069261,346.930325,198.015484,2
SZx-OMP,s3d/stat_planar.1.1000E-03.field.d64,1.000000e-03,1.538028e-02,6,735576142.518443,1285240903.504602,4.194530e-04,6.567240e-03,1.538047e-02,1.538028e+04,4.312864e-05,1375000000,6.739163e+01,4.269909e-04,1.241416e+00,213368318,51.554046,11000000000,1.869283,1.069838,348.288964,198.272259,2
SZx-OMP,s3d/stat_planar.1.1000E-03.field.d64,1.000000e-03,1.538028e-02,7,740098353.182733,1285858302.443087,4.793748e-04,7.020675e-03,1.538047e-02,1.538028e+04,4.928988e-05,1375000000,6.681171e+01,4.564724e-04,1.241416e+00,213368318,51.554046,11000000000,1.857861,1.069325,346.303984,198.192913,2
SZx-OMP,s3d/stat_planar.1.1000E-03.field.d64,1.000000e-03,1.538028e-02,8,737767901.566476,1285273910.020119,5.392967e-04,7.446551e-03,1.538047e-02,1.538028e+04,5.545111e-05,1375000000,6.630018e+01,4.841621e-04,1.241416e+00,213368318,51.554046,11000000000,1.863730,1.069811,347.525905,198.593791,2
SZx-OMP,s3d/stat_planar.1.1000E-03.field.d64,1.000000e-03,1.538028e-02,9,740139317.044097,1285410979.600067,5.992185e-04,7.849353e-03,1.538047e-02,1.538028e+04,6.161235e-05,1375000000,6.584261e+01,5.103517e-04,1.241416e+00,213368318,51.554046,11000000000,1.857758,1.069697,346.451506,198.397563,2
SZx-OMP,s3d/stat_planar.1.1000E-03.field.d64,1.000000e-03,1.538028e-02,10,740008479.761983,1285102320.936542,6.591404e-04,8.232471e-03,1.538047e-02,1.538028e+04,6.777358e-05,1375000000,6.542868e+01,5.352614e-04,1.241416e+00,213368318,51.554046,11000000000,1.858087,1.069954,346.457181,198.513286,2
SZx-OMP,s3d/stat_planar.1.1000E-03.field.d64,1.000000e-03,1.538028e-02,11,739983151.979163,1285571436.759592,7.190622e-04,8.598536e-03,1.538047e-02,1.538028e+04,7.393482e-05,1375000000,6.505080e+01,5.590623e-04,1.241416e+00,213368318,51.554046,11000000000,1.858150,1.069563,346.516813,198.405009,2
SZx-OMP,s3d/stat_planar.1.1000E-03.field.d64,1.000000e-03,1.538028e-02,12,737564083.964691,1285347966.026428,7.789841e-04,8.949640e-03,1.538047e-02,1.538028e+04,8.009605e-05,1375000000,6.470318e+01,5.818905e-04,1.241416e+00,213368318,51.554046,11000000000,1.864245,1.069749,347.602626,198.285503,2
SZx-OMP,s3d/stat_planar.1.1000E-03.field.d64,1.000000e-03,1.538028e-02,13,739540825.738589,1285238113.133178,8.389059e-04,9.287480e-03,1.538047e-02,1.538028e+04,8.625729e-05,1375000000,6.438133e+01,6.038563e-04,1.241416e+00,213368318,51.554046,11000000000,1.859262,1.069841,346.591459,198.287090,2
SZx-OMP,s3d/stat_planar.1.1000E-03.field.d64,1.000000e-03,1.538028e-02,14,737728299.948493,1285667752.005178,8.988278e-04,9.613455e-03,1.538047e-02,1.538028e+04,9.241852e-05,1375000000,6.408170e+01,6.250506e-04,1.241416e+00,213368318,51.554046,11000000000,1.863830,1.069483,347.436245,198.258891,2
SZx-OMP,s3d/stat_planar.1.1000E-03.field.d64,1.000000e-03,1.538028e-02,15,739448771.111421,1285725284.171601,9.587496e-04,9.928734e-03,1.538047e-02,1.538028e+04,9.857976e-05,1375000000,6.380141e+01,6.455495e-04,1.241416e+00,213368318,51.554046,11000000000,1.859493,1.069435,346.744108,198.067852,2
SZx-OMP,s3d/stat_planar.1.1000E-03.field.d64,1.000000e-03,1.538028e-02,16,738391486.273565,1285040930.345762,1.018671e-03,1.023430e-02,1.538047e-02,1.538028e+04,1.047410e-04,1375000000,6.353812e+01,6.654172e-04,1.241416e+00,213368318,51.554046,11000000000,1.862156,1.070005,347.064664,198.428752,2
SZx-OMP,s3d/stat_planar.1.1000E-03.field.d64,1.000000e-03,1.538028e-02,17,737492077.893281,1285874789.429888,1.078593e-03,1.053101e-02,1.538047e-02,1.538028e+04,1.109022e-04,1375000000,6.328988e+01,6.847087e-04,1.241416e+00,213368318,51.554046,11000000000,1.864427,1.069311,347.782190,198.106366,2
SZx-OMP,s3d/stat_planar.1.1000E-03.field.d64,1.000000e-03,1.538028e-02,18,739326862.934307,1285204882.463895,1.138515e-03,1.081959e-02,1.538047e-02,1.538028e+04,1.170635e-04,1375000000,6.305507e+01,7.034713e-04,1.241416e+00,213368318,51.554046,11000000000,1.859800,1.069868,346.840177,198.441569,2
SZx-OMP,s3d/stat_planar.1.1000E-03.field.d64,1.000000e-03,1.538028e-02,19,737926855.489621,1285800853.555969,1.198437e-03,1.110066e-02,1.538047e-02,1.538028e+04,1.232247e-04,1375000000,6.283231e+01,7.217463e-04,1.241416e+00,213368318,51.554046,11000000000,1.863328,1.069372,347.452357,198.468792,2
SZx-OMP,s3d/stat_planar.1.1000E-03.field.d64,1.000000e-03,1.538028e-02,20,740234984.324124,1285170666.247178,1.258359e-03,1.137479e-02,1.538047e-02,1.538028e+04,1.293859e-04,1375000000,6.262042e+01,7.395699e-04,1.241416e+00,213368318,51.554046,11000000000,1.857518,1.069897,346.446806,198.546733,2
SZx-OMP,s3d/stat_planar.1.1000E-03.field.d64,1.000000e-03,1.538028e-02,21,739330297.194230,1286045070.310059,1.318281e-03,1.164247e-02,1.538047e-02,1.538028e+04,1.355472e-04,1375000000,6.241838e+01,7.569739e-04,1.241416e+00,213368318,51.554046,11000000000,1.859791,1.069169,346.941129,198.263164,2
SZx-OMP,s3d/stat_planar.1.1000E-03.field.d64,1.000000e-03,1.538028e-02,22,740011692.615235,1286042382.867748,1.378203e-03,1.190413e-02,1.538047e-02,1.538028e+04,1.417084e-04,1375000000,6.222533e+01,7.739867e-04,1.241416e+00,213368318,51.554046,11000000000,1.858079,1.069172,346.404691,198.151043,2
SZx-OMP,s3d/stat_planar.1.1000E-03.field.d64,1.000000e-03,1.538028e-02,23,739661564.953175,1284930372.839335,1.438124e-03,1.216017e-02,1.538047e-02,1.538028e+04,1.478696e-04,1375000000,6.204050e+01,7.906335e-04,1.241416e+00,213368318,51.554046,11000000000,1.858958,1.070097,346.524809,198.163616,2
SZx-OMP,s3d/stat_planar.1.1000E-03.field.d64,1.000000e-03,1.538028e-02,24,738645920.241953,1285499682.553687,1.498046e-03,1.241092e-02,1.538047e-02,1.538028e+04,1.540309e-04,1375000000,6.186321e+01,8.069369e-04,1.241416e+00,213368318,51.554046,11000000000,1.861514,1.069623,346.975491,198.054486,2
SZx-OMP,s3d/stat_planar.1.1000E-03.field.d64,1.000000e-03,1.538028e-02,0,1334493294.904394,2290665706.220160,5.992185e-05,2.482184e-03,1.538047e-02,1.538028e+04,6.161235e-06,1375000000,7.584261e+01,1.613874e-04,1.241416e+00,213368318,51.554046,11000000000,1.030354,0.600262,197.348921,113.374648,4
SZx-OMP,s3d/stat_planar.1.1000E-03.field.d64,1.000000e-03,1.538028e-02,1,1331701232.523649,2298473070.401650,1.198437e-04,3.510338e-03,1.538047e-02,1.538028e+04,1.232247e-05,1375000000,7.283231e+01,2.282362e-04,1.241416e+00,213368318,51.554046,11000000000,1.032514,0.598223,197.394454,113.054947,4
SZx-OMP,s3d/stat_planar.1.1000E-03.field.d64,1.000000e-03,1.538028e-02,2,1327728762.996335,2298500507.314280,1.797656e-04,4.299268e-03,1.538047e-02,1.538028e+04,1.848370e-05,1375000000,7.107140e+01,2.795311e-04,1.241416e+00,213368318,51.554046,11000000000,1.035603,0.598216,197.297163,113.193131,4
SZx-OMP,s3d/stat_planar.1.1000E-03.field.d64,1.000000e-03,1.538028e-02,3,1343677208.545028,2298512972.673835,2.396874e-04,4.964367e-03,1.538047e-02,1.538028e+04,2.464494e-05,1375000000,6.982201e+01,3.227748e-04,1.241416e+00,213368318,51.554046,11000000000,1.023311,0.598213,194.936574,113.356216,4
SZx-OMP,s3d/stat_planar.1.1000E-03.field.d64,1.000000e-03,1.538028e-02,4,1341185904.032347,2297556798.022609,2.996093e-04,5.550331e-03,1.538047e-02,1.538028e+04,3.080617e-05,1375000000,6.885291e+01,3.608732e-04,1.241416e+00,213368318,51.554046,11000000000,1.025212,0.598462,195.439258,113.378982,4
SZx-OMP,s3d/stat_planar.1.1000E-03.field.d64,1.000000e-03,1.538028e-02,5,1331629984.257702,2295893358.876244,3.595311e-04,6.080083e-03,1.538047e-02,1.538028e+04,3.696741e-05,1375000000,6.806110e+01,3.953167e-04,1.241416e+00,213368318,51.554046,11000000000,1.032569,0.598895,196.755416,113.428665,4
SZx-OMP,s3d/stat_planar.1.1000E-03.field.d64,1.000000e-03,1.538028e-02,6,1320087298.569507,2297335549.421072,4.194530e-04,6.567240e-03,1.538047e-02,1.538028e+04,4.312864e-05,1375000000,6.739163e+01,4.269909e-04,1.241416e+00,213368318,51.554046,11000000000,1.041598,0.598519,198.435894,113.532302,4
SZx-OMP,s3d/stat_planar.1.1000E-03.field.d64,1.000000e-03,1.538028e-02,7,1318657735.984975,2300475736.142123,4.793748e-04,7.020675e-03,1.538047e-02,1.538028e+04,4.928988e-05,1375000000,6.681171e+01,4.564724e-04,1.241416e+00,213368318,51.554046,11000000000,1.042727,0.597702,198.544597,113.388321,4
SZx-OMP,s3d/stat_planar.1.1000E-03.field.d64,1.000000e-03,1.538028e-02,8,1340236022.443670,2299015505.256731,5.392967e-04,7.446551e-03,1.538047e-02,1.538028e+04,5.545111e-05,1375000000,6.630018e+01,4.841621e-04,1.241416e+00,213368318,51.554046,11000000000,1.025939,0.598082,195.337940,113.387039,4
SZx-OMP,s3d/stat_planar.1.1000E-03.field.d64,1.000000e-03,1.538028e-02,9,1341584025.445839,2299392371.207684,5.992185e-04,7.849353e-03,1.538047e-02,1.538028e+04,6.161235e-05,1375000000,6.584261e+01,5.103517e-04,1.241416e+00,213368318,51.554046,11000000000,1.024908,0.597984,195.433093,113.286697,4
SZx-OMP,s3d/stat_planar.1.1000E-03.field.d64,1.000000e-03,1.538028e-02,10,1341484642.819922,2299868742.538993,6.591404e-04,8.232471e-03,1.538047e-02,1.538028e+04,6.777358e-05,1375000000,6.542868e+01,5.352614e-04,1.241416e+00,213368318,51.554046,11000000000,1.024984,0.597860,195.473193,113.368179,4
SZx-OMP,s3d/stat_planar.1.1000E-03.field.d64,1.000000e-03,1.538028e-02,11,1342551714.621954,2299463407.481605,7.190622e-04,8.598536e-03,1.538047e-02,1.538028e+04,7.393482e-05,1375000000,6.505080e+01,5.590623e-04,1.241416e+00,213368318,51.554046,11000000000,1.024169,0.597966,195.170582,113.258927,4
SZx-OMP,s3d/stat_planar.1.1000E-03.field.d64,1.000000e-03,1.538028e-02,12,1340679604.985072,2299637353.953580,7.789841e-04,8.949640e-03,1.538047e-02,1.538028e+04,8.009605e-05,1375000000,6.470318e+01,5.818905e-04,1.241416e+00,213368318,51.554046,11000000000,1.025599,0.597920,195.237293,113.046036,4
SZx-OMP,s3d/stat_planar.1.1000E-03.field.d64,1.000000e-03,1.538028e-02,13,1339914613.089887,2298862063.012486,8.389059e-04,9.287480e-03,1.538047e-02,1.538028e+04,8.625729e-05,1375000000,6.438133e+01,6.038563e-04,1.241416e+00,213368318,51.554046,11000000000,1.026185,0.598122,195.576526,113.366775,4
SZx-OMP,s3d/stat_planar.1.1000E-03.field.d64,1.000000e-03,1.538028e-02,14,1342866630.207921,2280320526.143328,8.988278e-04,9.613455e-03,1.538047e-02,1.538028e+04,9.241852e-05,1375000000,6.408170e+01,6.250506e-04,1.241416e+00,213368318,51.554046,11000000000,1.023929,0.602985,194.889027,113.362319,4
SZx-OMP,s3d/stat_planar.1.1000E-03.field.d64,1.000000e-03,1.538028e-02,15,1206652194.697351,2256639480.832501,9.587496e-04,9.928734e-03,1.538047e-02,1.538028e+04,9.857976e-05,1375000000,6.380141e+01,6.455495e-04,1.241416e+00,213368318,51.554046,11000000000,1.139516,0.609313,211.947028,112.695817,4
SZx-OMP,s3d/stat_planar.1.1000E-03.field.d64,1.000000e-03,1.538028e-02,16,1207372693.026232,2254901039.551688,1.018671e-03,1.023430e-02,1.538047e-02,1.538028e+04,1.047410e-04,1375000000,6.353812e+01,6.654172e-04,1.241416e+00,213368318,51.554046,11000000000,1.138836,0.609783,211.648689,112.724321,4
SZx-OMP,s3d/stat_planar.1.1000E-03.field.d64,1.000000e-03,1.538028e-02,17,1204334404.060717,2256181100.962366,1.078593e-03,1.053101e-02,1.538047e-02,1.538028e+04,1.109022e-04,1375000000,6.328988e+01,6.847087e-04,1.241416e+00,213368318,51.554046,11000000000,1.141709,0.609437,212.190496,112.815141,4
SZx-OMP,s3d/stat_planar.1.1000E-03.field.d64,1.000000e-03,1.538028e-02,18,1208823123.535848,2255374766.889334,1.138515e-03,1.081959e-02,1.538047e-02,1.538028e+04,1.170635e-04,1375000000,6.305507e+01,7.034713e-04,1.241416e+00,213368318,51.554046,11000000000,1.137470,0.609655,211.283883,112.822282,4
SZx-OMP,s3d/stat_planar.1.1000E-03.field.d64,1.000000e-03,1.538028e-02,19,1208096809.369862,2255684161.494796,1.198437e-03,1.110066e-02,1.538047e-02,1.538028e+04,1.232247e-04,1375000000,6.283231e+01,7.217463e-04,1.241416e+00,213368318,51.554046,11000000000,1.138154,0.609571,211.696785,112.733293,4
SZx-OMP,s3d/stat_planar.1.1000E-03.field.d64,1.000000e-03,1.538028e-02,20,1208030478.983692,2256314231.104979,1.258359e-03,1.137479e-02,1.538047e-02,1.538028e+04,1.293859e-04,1375000000,6.262042e+01,7.395699e-04,1.241416e+00,213368318,51.554046,11000000000,1.138216,0.609401,211.560432,112.715593,4
SZx-OMP,s3d/stat_planar.1.1000E-03.field.d64,1.000000e-03,1.538028e-02,21,897634499.319469,2256785956.596555,1.318281e-03,1.164247e-02,1.538047e-02,1.538028e+04,1.355472e-04,1375000000,6.241838e+01,7.569739e-04,1.241416e+00,213368318,51.554046,11000000000,1.531804,0.609274,281.924938,112.823197,4
SZx-OMP,s3d/stat_planar.1.1000E-03.field.d64,1.000000e-03,1.538028e-02,22,1297989617.667364,2257871071.417316,1.378203e-03,1.190413e-02,1.538047e-02,1.538028e+04,1.417084e-04,1375000000,6.222533e+01,7.739867e-04,1.241416e+00,213368318,51.554046,11000000000,1.059331,0.608981,196.813034,112.693620,4
SZx-OMP,s3d/stat_planar.1.1000E-03.field.d64,1.000000e-03,1.538028e-02,23,1296695854.442837,2257178780.801460,1.438124e-03,1.216017e-02,1.538047e-02,1.538028e+04,1.478696e-04,1375000000,6.204050e+01,7.906335e-04,1.241416e+00,213368318,51.554046,11000000000,1.060387,0.609168,197.112166,112.820817,4
SZx-OMP,s3d/stat_planar.1.1000E-03.field.d64,1.000000e-03,1.538028e-02,24,1293458865.505960,2257628024.133565,1.498046e-03,1.241092e-02,1.538047e-02,1.538028e+04,1.540309e-04,1375000000,6.186321e+01,8.069369e-04,1.241416e+00,213368318,51.554046,11000000000,1.063041,0.609046,197.441694,112.969071,4
SZx-OMP,s3d/stat_planar.1.1000E-03.field.d64,1.000000e-03,1.538028e-02,0,1987055246.871709,3270987767.780406,5.992185e-05,2.482184e-03,1.538047e-02,1.538028e+04,6.161235e-06,1375000000,7.584261e+01,1.613874e-04,1.241416e+00,213368318,51.554046,11000000000,0.691979,0.420362,135.771076,79.534709,8
SZx-OMP,s3d/stat_planar.1.1000E-03.field.d64,1.000000e-03,1.538028e-02,1,1831872106.709199,3287300614.810678,1.198437e-04,3.510338e-03,1.538047e-02,1.538028e+04,1.232247e-05,1375000000,7.283231e+01,2.282362e-04,1.241416e+00,213368318,51.554046,11000000000,0.750598,0.418276,145.166498,79.237774,8
SZx-OMP,s3d/stat_planar.1.1000E-03.field.d64,1.000000e-03,1.538028e-02,2,2133150906.221238,3283701034.139348,1.797656e-04,4.299268e-03,1.538047e-02,1.538028e+04,1.848370e-05,1375000000,7.107140e+01,2.795311e-04,1.241416e+00,213368318,51.554046,11000000000,0.644586,0.418735,125.575240,79.258037,8
SZx-OMP,s3d/stat_planar.1.1000E-03.field.d64,1.000000e-03,1.538028e-02,3,1897970065.301061,3281589375.395716,2.396874e-04,4.964367e-03,1.538047e-02,1.538028e+04,2.464494e-05,1375000000,6.982201e+01,3.227748e-04,1.241416e+00,213368318,51.554046,11000000000,0.724458,0.419004,137.013138,77.822372,8
SZx-OMP,s3d/stat_planar.1.1000E-03.field.d64,1.000000e-03,1.538028e-02,4,2078068436.345446,3262600291.832892,2.996093e-04,5.550331e-03,1.538047e-02,1.538028e+04,3.080617e-05,1375000000,6.885291e+01,3.608732e-04,1.241416e+00,213368318,51.554046,11000000000,0.661672,0.421443,126.856975,79.688821,8
SZx-OMP,s3d/stat_planar.1.1000E-03.field.d64,1.000000e-03,1.538028e-02,5,2077113517.931785,3265509686.523933,3.595311e-04,6.080083e-03,1.538047e-02,1.538028e+04,3.696741e-05,1375000000,6.806110e+01,3.953167e-04,1.241416e+00,213368318,51.554046,11000000000,0.661976,0.421068,127.081645,79.839884,8
SZx-OMP,s3d/stat_planar.1.1000E-03.field.d64,1.000000e-03,1.538028e-02,6,2078455617.111710,3266375151.580734,4.194530e-04,6.567240e-03,1.538047e-02,1.538028e+04,4.312864e-05,1375000000,6.739163e+01,4.269909e-04,1.241416e+00,213368318,51.554046,11000000000,0.661549,0.420956,127.046427,79.646586,8
SZx-OMP,s3d/stat_planar.1.1000E-03.field.d64,1.000000e-03,1.538028e-02,7,2130213011.849379,3263896766.991107,4.793748e-04,7.020675e-03,1.538047e-02,1.538028e+04,4.928988e-05,1375000000,6.681171e+01,4.564724e-04,1.241416e+00,213368318,51.554046,11000000000,0.645475,0.421276,123.635975,79.734476,8
SZx-OMP,s3d/stat_planar.1.1000E-03.field.d64,1.000000e-03,1.538028e-02,8,2073387684.455134,3265966918.353103,5.392967e-04,7.446551e-03,1.538047e-02,1.538028e+04,5.545111e-05,1375000000,6.630018e+01,4.841621e-04,1.241416e+00,213368318,51.554046,11000000000,0.663166,0.421009,127.029949,79.915322,8
SZx-OMP,s3d/stat_planar.1.1000E-03.field.d64,1.000000e-03,1.538028e-02,9,2078296031.923799,3269037157.724837,5.992185e-04,7.849353e-03,1.538047e-02,1.538028e+04,6.161235e-05,1375000000,6.584261e+01,5.103517e-04,1.241416e+00,213368318,51.554046,11000000000,0.661600,0.420613,126.816753,79.627726,8
SZx-OMP,s3d/stat_planar.1.1000E-03.field.d64,1.000000e-03,1.538028e-02,10,2077879459.926086,3265400147.167331,6.591404e-04,8.232471e-03,1.538047e-02,1.538028e+04,6.777358e-05,1375000000,6.542868e+01,5.352614e-04,1.241416e+00,213368318,51.554046,11000000000,0.661732,0.421082,126.736065,79.970620,8
SZx-OMP,s3d/stat_planar.1.1000E-03.field.d64,1.000000e-03,1.538028e-02,11,2081229795.344831,3265030812.511116,7.190622e-04,8.598536e-03,1.538047e-02,1.538028e+04,7.393482e-05,1375000000,6.505080e+01,5.590623e-04,1.241416e+00,213368318,51.554046,11000000000,0.660667,0.421129,126.535748,79.864420,8
SZx-OMP,s3d/stat_planar.1.1000E-03.field.d64,1.000000e-03,1.538028e-02,12,2081730955.497766,3266840410.988367,7.789841e-04,8.949640e-03,1.538047e-02,1.538028e+04,8.009605e-05,1375000000,6.470318e+01,5.818905e-04,1.241416e+00,213368318,51.554046,11000000000,0.660508,0.420896,126.501507,79.820841,8
SZx-OMP,s3d/stat_planar.1.1000E-03.field.d64,1.000000e-03,1.538028e-02,13,2078934755.411372,3270899281.289787,8.389059e-04,9.287480e-03,1.538047e-02,1.538028e+04,8.625729e-05,1375000000,6.438133e+01,6.038563e-04,1.241416e+00,213368318,51.554046,11000000000,0.661396,0.420374,126.870342,79.351359,8
SZx-OMP,s3d/stat_planar.1.1000E-03.field.d64,1.000000e-03,1.538028e-02,14,2076484364.726609,3267872762.146044,8.988278e-04,9.613455e-03,1.538047e-02,1.538028e+04,9.241852e-05,1375000000,6.408170e+01,6.250506e-04,1.241416e+00,213368318,51.554046,11000000000,0.662177,0.420763,126.741436,79.585917,8
SZx-OMP,s3d/stat_planar.1.1000E-03.field.d64,1.000000e-03,1.538028e-02,15,1818735604.462379,3230727577.518856,9.587496e-04,9.928734e-03,1.538047e-02,1.538028e+04,9.857976e-05,1375000000,6.380141e+01,6.455495e-04,1.241416e+00,213368318,51.554046,11000000000,0.756020,0.425601,141.184208,79.129986,8
SZx-OMP,s3d/stat_planar.1.1000E-03.field.d64,1.000000e-03,1.538028e-02,16,1850221746.110306,3236843492.559843,1.018671e-03,1.023430e-02,1.538047e-02,1.538028e+04,1.047410e-04,1375000000,6.353812e+01,6.654172e-04,1.241416e+00,213368318,51.554046,11000000000,0.743154,0.424797,139.057871,78.801678,8
SZx-OMP,s3d/stat_planar.1.1000E-03.field.d64,1.000000e-03,1.538028e-02,17,1849046476.296010,3237215584.192698,1.078593e-03,1.053101e-02,1.538047e-02,1.538028e+04,1.109022e-04,1375000000,6.328988e+01,6.847087e-04,1.241416e+00,213368318,51.554046,11000000000,0.743627,0.424748,139.042918,78.843671,8
SZx-OMP,s3d/stat_planar.1.1000E-03.field.d64,1.000000e-03,1.538028e-02,18,1821626348.209556,3235511353.523115,1.138515e-03,1.081959e-02,1.538047e-02,1.538028e+04,1.170635e-04,1375000000,6.305507e+01,7.034713e-04,1.241416e+00,213368318,51.554046,11000000000,0.754820,0.424971,140.928411,78.834210,8
SZx-OMP,s3d/stat_planar.1.1000E-03.field.d64,1.000000e-03,1.538028e-02,19,1481230761.329281,3236447640.961472,1.198437e-03,1.110066e-02,1.538047e-02,1.538028e+04,1.232247e-04,1375000000,6.283231e+01,7.217463e-04,1.241416e+00,213368318,51.554046,11000000000,0.928282,0.424849,171.628345,78.714581,8
SZx-OMP,s3d/stat_planar.1.1000E-03.field.d64,1.000000e-03,1.538028e-02,20,1894308147.585013,3234460831.619277,1.258359e-03,1.137479e-02,1.538047e-02,1.538028e+04,1.293859e-04,1375000000,6.262042e+01,7.395699e-04,1.241416e+00,213368318,51.554046,11000000000,0.725859,0.425109,135.012166,78.823102,8
SZx-OMP,s3d/stat_planar.1.1000E-03.field.d64,1.000000e-03,1.538028e-02,21,2052776237.974110,3234611277.966275,1.318281e-03,1.164247e-02,1.538047e-02,1.538028e+04,1.355472e-04,1375000000,6.241838e+01,7.569739e-04,1.241416e+00,213368318,51.554046,11000000000,0.669825,0.425090,125.239913,78.638349,8
SZx-OMP,s3d/stat_planar.1.1000E-03.field.d64,1.000000e-03,1.538028e-02,22,1927030840.537396,3236068285.212676,1.378203e-03,1.190413e-02,1.538047e-02,1.538028e+04,1.417084e-04,1375000000,6.222533e+01,7.739867e-04,1.241416e+00,213368318,51.554046,11000000000,0.713533,0.424898,132.589139,78.874004,8
SZx-OMP,s3d/stat_planar.1.1000E-03.field.d64,1.000000e-03,1.538028e-02,23,1924877584.741228,3233765337.829167,1.438124e-03,1.216017e-02,1.538047e-02,1.538028e+04,1.478696e-04,1375000000,6.204050e+01,7.906335e-04,1.241416e+00,213368318,51.554046,11000000000,0.714331,0.425201,132.923060,78.829205,8
SZx-OMP,s3d/stat_planar.1.1000E-03.field.d64,1.000000e-03,1.538028e-02,24,1893007075.768702,3233762621.518504,1.498046e-03,1.241092e-02,1.538047e-02,1.538028e+04,1.540309e-04,1375000000,6.186321e+01,8.069369e-04,1.241416e+00,213368318,51.554046,11000000000,0.726358,0.425201,135.131795,78.586896,8
SZx-OMP,s3d/stat_planar.1.1000E-03.field.d64,1.000000e-03,1.538028e-02,0,3013942028.733762,4525846616.822879,5.992185e-05,2.482184e-03,1.538047e-02,1.538028e+04,6.161235e-06,1375000000,7.584261e+01,1.613874e-04,1.241416e+00,213368318,51.554046,11000000000,0.456213,0.303811,92.716743,58.645724,16
SZx-OMP,s3d/stat_planar.1.1000E-03.field.d64,1.000000e-03,1.538028e-02,1,3055523072.461771,4561269939.081306,1.198437e-04,3.510338e-03,1.538047e-02,1.538028e+04,1.232247e-05,1375000000,7.283231e+01,2.282362e-04,1.241416e+00,213368318,51.554046,11000000000,0.450005,0.301451,91.510447,58.136204,16
SZx-OMP,s3d/stat_planar.1.1000E-03.field.d64,1.000000e-03,1.538028e-02,2,3041401635.877909,4563314121.238904,1.797656e-04,4.299268e-03,1.538047e-02,1.538028e+04,1.848370e-05,1375000000,7.107140e+01,2.795311e-04,1.241416e+00,213368318,51.554046,11000000000,0.452094,0.301316,91.646250,58.168247,16
SZx-OMP,s3d/stat_planar.1.1000E-03.field.d64,1.000000e-03,1.538028e-02,3,3025343287.436281,4567178629.148625,2.396874e-04,4.964367e-03,1.538047e-02,1.538028e+04,2.464494e-05,1375000000,6.982201e+01,3.227748e-04,1.241416e+00,213368318,51.554046,11000000000,0.454494,0.301061,91.428294,58.148044,16
SZx-OMP,s3d/stat_planar.1.1000E-03.field.d64,1.000000e-03,1.538028e-02,4,3116203736.843890,4558167602.030684,2.996093e-04,5.550331e-03,1.538047e-02,1.538028e+04,3.080617e-05,1375000000,6.885291e+01,3.608732e-04,1.241416e+00,213368318,51.554046,11000000000,0.441242,0.301656,88.729631,58.465915,16
SZx-OMP,s3d/stat_planar.1.1000E-03.field.d64,1.000000e-03,1.538028e-02,5,3093533638.986693,4564565845.288393,3.595311e-04,6.080083e-03,1.538047e-02,1.538028e+04,3.696741e-05,1375000000,6.806110e+01,3.953167e-04,1.241416e+00,213368318,51.554046,11000000000,0.444476,0.301233,88.530169,58.168796,16
SZx-OMP,s3d/stat_planar.1.1000E-03.field.d64,1.000000e-03,1.538028e-02,6,3083051156.404058,4565281314.627850,4.194530e-04,6.567240e-03,1.538047e-02,1.538028e+04,4.312864e-05,1375000000,6.739163e+01,4.269909e-04,1.241416e+00,213368318,51.554046,11000000000,0.445987,0.301186,89.983778,58.762728,16
SZx-OMP,s3d/stat_planar.1.1000E-03.field.d64,1.000000e-03,1.538028e-02,7,3124243295.568439,4563528033.290500,4.793748e-04,7.020675e-03,1.538047e-02,1.538028e+04,4.928988e-05,1375000000,6.681171e+01,4.564724e-04,1.241416e+00,213368318,51.554046,11000000000,0.440107,0.301302,87.509298,58.132846,16
SZx-OMP,s3d/stat_planar.1.1000E-03.field.d64,1.000000e-03,1.538028e-02,8,3080185576.634486,4562459307.999685,5.392967e-04,7.446551e-03,1.538047e-02,1.538028e+04,5.545111e-05,1375000000,6.630018e+01,4.841621e-04,1.241416e+00,213368318,51.554046,11000000000,0.446402,0.301373,88.592302,58.022984,16
SZx-OMP,s3d/stat_planar.1.1000E-03.field.d64,1.000000e-03,1.538028e-02,9,3139410365.854978,4565169908.520816,5.992185e-04,7.849353e-03,1.538047e-02,1.538028e+04,6.161235e-05,1375000000,6.584261e+01,5.103517e-04,1.241416e+00,213368318,51.554046,11000000000,0.437980,0.301194,87.035788,58.115574,16
SZx-OMP,s3d/stat_planar.1.1000E-03.field.d64,1.000000e-03,1.538028e-02,10,3114600356.648684,4564515267.530494,6.591404e-04,8.232471e-03,1.538047e-02,1.538028e+04,6.777358e-05,1375000000,6.542868e+01,5.352614e-04,1.241416e+00,213368318,51.554046,11000000000,0.441469,0.301237,87.739400,58.014866,16
SZx-OMP,s3d/stat_planar.1.1000E-03.field.d64,1.000000e-03,1.538028e-02,11,3103808092.452455,4565095278.504869,7.190622e-04,8.598536e-03,1.538047e-02,1.538028e+04,7.393482e-05,1375000000,6.505080e+01,5.590623e-04,1.241416e+00,213368318,51.554046,11000000000,0.443004,0.301199,88.165546,58.050327,16
SZx-OMP,s3d/stat_planar.1.1000E-03.field.d64,1.000000e-03,1.538028e-02,12,3064431722.395006,4565708447.633051,7.789841e-04,8.949640e-03,1.538047e-02,1.538028e+04,8.009605e-05,1375000000,6.470318e+01,5.818905e-04,1.241416e+00,213368318,51.554046,11000000000,0.448697,0.301158,88.903459,58.035740,16
SZx-OMP,s3d/stat_planar.1.1000E-03.field.d64,1.000000e-03,1.538028e-02,13,3098852676.771295,4561581285.223323,8.389059e-04,9.287480e-03,1.538047e-02,1.538028e+04,8.625729e-05,1375000000,6.438133e+01,6.038563e-04,1.241416e+00,213368318,51.554046,11000000000,0.443713,0.301431,87.718404,58.002537,16
SZx-OMP,s3d/stat_planar.1.1000E-03.field.d64,1.000000e-03,1.538028e-02,14,3132493915.127500,4564473658.850988,8.988278e-04,9.613455e-03,1.538047e-02,1.538028e+04,9.241852e-05,1375000000,6.408170e+01,6.250506e-04,1.241416e+00,213368318,51.554046,11000000000,0.438947,0.301240,87.332479,58.164830,16
SZx-OMP,s3d/stat_planar.1.1000E-03.field.d64,1.000000e-03,1.538028e-02,15,3080137769.996247,4561659253.487006,9.587496e-04,9.928734e-03,1.538047e-02,1.538028e+04,9.857976e-05,1375000000,6.380141e+01,6.455495e-04,1.241416e+00,213368318,51.554046,11000000000,0.446409,0.301425,88.624346,58.085789,16
SZx-OMP,s3d/stat_planar.1.1000E-03.field.d64,1.000000e-03,1.538028e-02,16,3124802427.645288,4560789308.608755,1.018671e-03,1.023430e-02,1.538047e-02,1.538028e+04,1.047410e-04,1375000000,6.353812e+01,6.654172e-04,1.241416e+00,213368318,51.554046,11000000000,0.440028,0.301483,88.344866,58.708163,16
SZx-OMP,s3d/stat_planar.1.1000E-03.field.d64,1.000000e-03,1.538028e-02,17,3081244292.796884,4564695879.301006,1.078593e-03,1.053101e-02,1.538047e-02,1.538028e+04,1.109022e-04,1375000000,6.328988e+01,6.847087e-04,1.241416e+00,213368318,51.554046,11000000000,0.446248,0.301225,88.629167,58.225803,16
SZx-OMP,s3d/stat_planar.1.1000E-03.field.d64,1.000000e-03,1.538028e-02,18,3144137220.646941,4565730812.745555,1.138515e-03,1.081959e-02,1.538047e-02,1.538028e+04,1.170635e-04,1375000000,6.305507e+01,7.034713e-04,1.241416e+00,213368318,51.554046,11000000000,0.437322,0.301157,86.849814,58.420200,16
SZx-OMP,s3d/stat_planar.1.1000E-03.field.d64,1.000000e-03,1.538028e-02,19,3123612519.431378,4562220592.303353,1.198437e-03,1.110066e-02,1.538047e-02,1.538028e+04,1.232247e-04,1375000000,6.283231e+01,7.217463e-04,1.241416e+00,213368318,51.554046,11000000000,0.440195,0.301388,87.586690,58.329990,16
SZx-OMP,s3d/stat_planar.1.1000E-03.field.d64,1.000000e-03,1.538028e-02,20,3137914441.493677,4562512187.780138,1.258359e-03,1.137479e-02,1.538047e-02,1.538028e+04,1.293859e-04,1375000000,6.262042e+01,7.395699e-04,1.241416e+00,213368318,51.554046,11000000000,0.438189,0.301369,87.191733,58.350619,16
SZx-OMP,s3d/stat_planar.1.1000E-03.field.d64,1.000000e-03,1.538028e-02,21,3124698870.916701,4565308552.921287,1.318281e-03,1.164247e-02,1.538047e-02,1.538028e+04,1.355472e-04,1375000000,6.241838e+01,7.569739e-04,1.241416e+00,213368318,51.554046,11000000000,0.440042,0.301184,87.596883,58.270541,16
SZx-OMP,s3d/stat_planar.1.1000E-03.field.d64,1.000000e-03,1.538028e-02,22,3128847614.898726,4563866132.945592,1.378203e-03,1.190413e-02,1.538047e-02,1.538028e+04,1.417084e-04,1375000000,6.222533e+01,7.739867e-04,1.241416e+00,213368318,51.554046,11000000000,0.439459,0.301280,87.614400,58.105930,16
SZx-OMP,s3d/stat_planar.1.1000E-03.field.d64,1.000000e-03,1.538028e-02,23,3041505080.240188,4566104189.995421,1.438124e-03,1.216017e-02,1.538047e-02,1.538028e+04,1.478696e-04,1375000000,6.204050e+01,7.906335e-04,1.241416e+00,213368318,51.554046,11000000000,0.452079,0.301132,89.552078,58.217136,16
SZx-OMP,s3d/stat_planar.1.1000E-03.field.d64,1.000000e-03,1.538028e-02,24,3152377740.461538,4561771270.584539,1.498046e-03,1.241092e-02,1.538047e-02,1.538028e+04,1.540309e-04,1375000000,6.186321e+01,8.069369e-04,1.241416e+00,213368318,51.554046,11000000000,0.436179,0.301418,86.746421,58.255894,16
SZx-OMP,s3d/stat_planar.1.1000E-03.field.d64,1.000000e-03,1.538028e-02,0,5235288988.991376,7858565714.557101,5.992185e-05,2.482184e-03,1.538047e-02,1.538028e+04,6.161235e-06,1375000000,7.584261e+01,1.613874e-04,1.241416e+00,213368318,51.554046,11000000000,0.262641,0.174968,58.505649,35.558014,32
SZx-OMP,s3d/stat_planar.1.1000E-03.field.d64,1.000000e-03,1.538028e-02,1,5439406510.553183,7914389941.091577,1.198437e-04,3.510338e-03,1.538047e-02,1.538028e+04,1.232247e-05,1375000000,7.283231e+01,2.282362e-04,1.241416e+00,213368318,51.554046,11000000000,0.252785,0.173734,56.200784,35.506318,32
SZx-OMP,s3d/stat_planar.1.1000E-03.field.d64,1.000000e-03,1.538028e-02,2,5315459159.404167,7912888429.659204,1.797656e-04,4.299268e-03,1.538047e-02,1.538028e+04,1.848370e-05,1375000000,7.107140e+01,2.795311e-04,1.241416e+00,213368318,51.554046,11000000000,0.258679,0.173767,57.006446,35.342561,32
SZx-OMP,s3d/stat_planar.1.1000E-03.field.d64,1.000000e-03,1.538028e-02,3,5462193650.654930,7914420297.027258,2.396874e-04,4.964367e-03,1.538047e-02,1.538028e+04,2.464494e-05,1375000000,6.982201e+01,3.227748e-04,1.241416e+00,213368318,51.554046,11000000000,0.251730,0.173734,55.768412,35.498567,32
SZx-OMP,s3d/stat_planar.1.1000E-03.field.d64,1.000000e-03,1.538028e-02,4,5404412466.952106,7909307260.574150,2.996093e-04,5.550331e-03,1.538047e-02,1.538028e+04,3.080617e-05,1375000000,6.885291e+01,3.608732e-04,1.241416e+00,213368318,51.554046,11000000000,0.254422,0.173846,55.629313,35.459382,32
SZx-OMP,s3d/stat_planar.1.1000E-03.field.d64,1.000000e-03,1.538028e-02,5,5529591322.811912,7914691113.674114,3.595311e-04,6.080083e-03,1.538047e-02,1.538028e+04,3.696741e-05,1375000000,6.806110e+01,3.953167e-04,1.241416e+00,213368318,51.554046,11000000000,0.248662,0.173728,54.353559,35.261934,32
SZx-OMP,s3d/stat_planar.1.1000E-03.field.d64,1.000000e-03,1.538028e-02,6,5539205783.370598,7912161865.908441,4.194530e-04,6.567240e-03,1.538047e-02,1.538028e+04,4.312864e-05,1375000000,6.739163e+01,4.269909e-04,1.241416e+00,213368318,51.554046,11000000000,0.248231,0.173783,54.210005,35.360017,32
SZx-OMP,s3d/stat_planar.1.1000E-03.field.d64,1.000000e-03,1.538028e-02,7,5611031204.551607,7912210035.030860,4.793748e-04,7.020675e-03,1.538047e-02,1.538028e+04,4.928988e-05,1375000000,6.681171e+01,4.564724e-04,1.241416e+00,213368318,51.554046,11000000000,0.245053,0.173782,53.640549,35.718842,32
SZx-OMP,s3d/stat_planar.1.1000E-03.field.d64,1.000000e-03,1.538028e-02,8,5225433241.474845,7926667511.540034,5.392967e-04,7.446551e-03,1.538047e-02,1.538028e+04,5.545111e-05,1375000000,6.630018e+01,4.841621e-04,1.241416e+00,213368318,51.554046,11000000000,0.263136,0.173465,56.790016,35.657013,32
SZx-OMP,s3d/stat_planar.1.1000E-03.field.d64,1.000000e-03,1.538028e-02,9,5412534649.238212,7921547016.616944,5.992185e-04,7.849353e-03,1.538047e-02,1.538028e+04,6.161235e-05,1375000000,6.584261e+01,5.103517e-04,1.241416e+00,213368318,51.554046,11000000000,0.254040,0.173577,55.236798,35.503693,32
SZx-OMP,s3d/stat_planar.1.1000E-03.field.d64,1.000000e-03,1.538028e-02,10,6018737668.889116,7914309099.131074,6.591404e-04,8.232471e-03,1.538047e-02,1.538028e+04,6.777358e-05,1375000000,6.542868e+01,5.352614e-04,1.241416e+00,213368318,51.554046,11000000000,0.228453,0.173736,49.467281,34.979525,32
SZx-OMP,s3d/stat_planar.1.1000E-03.field.d64,1.000000e-03,1.538028e-02,11,5996866383.010489,7896974663.270236,7.190622e-04,8.598536e-03,1.538047e-02,1.538028e+04,7.393482e-05,1375000000,6.505080e+01,5.590623e-04,1.241416e+00,213368318,51.554046,11000000000,0.229286,0.174117,50.133966,35.244355,32
SZx-OMP,s3d/stat_planar.1.1000E-03.field.d64,1.000000e-03,1.538028e-02,12,4658434502.896999,7924079185.702682,7.789841e-04,8.949640e-03,1.538047e-02,1.538028e+04,8.009605e-05,1375000000,6.470318e+01,5.818905e-04,1.241416e+00,213368318,51.554046,11000000000,0.295164,0.173522,61.803065,35.019319,32
SZx-OMP,s3d/stat_planar.1.1000E-03.field.d64,1.000000e-03,1.538028e-02,13,6050672099.404994,7922790843.528183,8.389059e-04,9.287480e-03,1.538047e-02,1.538028e+04,8.625729e-05,1375000000,6.438133e+01,6.038563e-04,1.241416e+00,213368318,51.554046,11000000000,0.227247,0.173550,49.539302,35.013460,32
SZx-OMP,s3d/stat_planar.1.1000E-03.field.d64,1.000000e-03,1.538028e-02,14,5998839344.182350,7928991803.774426,8.988278e-04,9.613455e-03,1.538047e-02,1.538028e+04,9.241852e-05,1375000000,6.408170e+01,6.250506e-04,1.241416e+00,213368318,51.554046,11000000000,0.229211,0.173414,49.023068,34.873079,32
SZx-OMP,s3d/stat_planar.1.1000E-03.field.d64,1.000000e-03,1.538028e-02,15,5995581942.901376,7921372971.515512,9.587496e-04,9.928734e-03,1.538047e-02,1.538028e+04,9.857976e-05,1375000000,6.380141e+01,6.455495e-04,1.241416e+00,213368318,51.554046,11000000000,0.229336,0.173581,49.042965,34.863436,32
SZx-OMP,s3d/stat_planar.1.1000E-03.field.d64,1.000000e-03,1.538028e-02,16,4789894264.819170,7901098505.255776,1.018671e-03,1.023430e-02,1.538047e-02,1.538028e+04,1.047410e-04,1375000000,6.353812e+01,6.654172e-04,1.241416e+00,213368318,51.554046,11000000000,0.287063,0.174026,59.442475,35.034151,32
SZx-OMP,s3d/stat_planar.1.1000E-03.field.d64,1.000000e-03,1.538028e-02,17,6019502070.274972,7919765020.571236,1.078593e-03,1.053101e-02,1.538047e-02,1.538028e+04,1.109022e-04,1375000000,6.328988e+01,6.847087e-04,1.241416e+00,213368318,51.554046,11000000000,0.228424,0.173616,48.604124,35.133882,32
SZx-OMP,s3d/stat_planar.1.1000E-03.field.d64,1.000000e-03,1.538028e-02,18,4797927519.686068,7913425757.498948,1.138515e-03,1.081959e-02,1.538047e-02,1.538028e+04,1.170635e-04,1375000000,6.305507e+01,7.034713e-04,1.241416e+00,213368318,51.554046,11000000000,0.286582,0.173755,59.089876,35.043673,32
SZx-OMP,s3d/stat_planar.1.1000E-03.field.d64,1.000000e-03,1.538028e-02,19,5638079156.302213,7910349271.819455,1.198437e-03,1.110066e-02,1.538047e-02,1.538028e+04,1.232247e-04,1375000000,6.283231e+01,7.217463e-04,1.241416e+00,213368318,51.554046,11000000000,0.243877,0.173823,51.916127,35.556671,32
SZx-OMP,s3d/stat_planar.1.1000E-03.field.d64,1.000000e-03,1.538028e-02,20,5678832408.723028,7916778143.526943,1.258359e-03,1.137479e-02,1.538047e-02,1.538028e+04,1.293859e-04,1375000000,6.262042e+01,7.395699e-04,1.241416e+00,213368318,51.554046,11000000000,0.242127,0.173682,51.791616,35.712616,32
SZx-OMP,s3d/stat_planar.1.1000E-03.field.d64,1.000000e-03,1.538028e-02,21,5507382836.907031,7904565699.063584,1.318281e-03,1.164247e-02,1.538047e-02,1.538028e+04,1.355472e-04,1375000000,6.241838e+01,7.569739e-04,1.241416e+00,213368318,51.554046,11000000000,0.249665,0.173950,53.121995,35.543915,32
SZx-OMP,s3d/stat_planar.1.1000E-03.field.d64,1.000000e-03,1.538028e-02,22,5787256221.933951,7907798994.039297,1.378203e-03,1.190413e-02,1.538047e-02,1.538028e+04,1.417084e-04,1375000000,6.222533e+01,7.739867e-04,1.241416e+00,213368318,51.554046,11000000000,0.237591,0.173879,51.042166,35.606416,32
SZx-OMP,s3d/stat_planar.1.1000E-03.field.d64,1.000000e-03,1.538028e-02,23,5514396569.782742,7916060287.865953,1.438124e-03,1.216017e-02,1.538047e-02,1.538028e+04,1.478696e-04,1375000000,6.204050e+01,7.906335e-04,1.241416e+00,213368318,51.554046,11000000000,0.249347,0.173698,53.187791,35.412018,32
SZx-OMP,s3d/stat_planar.1.1000E-03.field.d64,1.000000e-03,1.538028e-02,24,5592872761.911435,7909656798.916782,1.498046e-03,1.241092e-02,1.538047e-02,1.538028e+04,1.540309e-04,1375000000,6.186321e+01,8.069369e-04,1.241416e+00,213368318,51.554046,11000000000,0.245849,0.173838,52.452807,35.689179,32
SZx-OMP,s3d/stat_planar.1.1000E-03.field.d64,1.000000e-03,1.538028e-02,0,9675590191.862215,12313385271.769463,5.992185e-05,2.482184e-03,1.538047e-02,1.538028e+04,6.161235e-06,1375000000,7.584261e+01,1.613874e-04,1.241416e+00,213368318,51.554046,11000000000,0.142110,0.111667,38.350976,24.736387,64
SZx-OMP,s3d/stat_planar.1.1000E-03.field.d64,1.000000e-03,1.538028e-02,1,8480309635.509270,12489179483.891880,1.198437e-04,3.510338e-03,1.538047e-02,1.538028e+04,1.232247e-05,1375000000,7.283231e+01,2.282362e-04,1.241416e+00,213368318,51.554046,11000000000,0.162140,0.110095,42.123183,24.267760,64
SZx-OMP,s3d/stat_planar.1.1000E-03.field.d64,1.000000e-03,1.538028e-02,2,8650414921.038887,12555375475.602680,1.797656e-04,4.299268e-03,1.538047e-02,1.538028e+04,1.848370e-05,1375000000,7.107140e+01,2.795311e-04,1.241416e+00,213368318,51.554046,11000000000,0.158952,0.109515,40.407855,24.230285,64
SZx-OMP,s3d/stat_planar.1.1000E-03.field.d64,1.000000e-03,1.538028e-02,3,8659758673.341600,12478160307.942497,2.396874e-04,4.964367e-03,1.538047e-02,1.538028e+04,2.464494e-05,1375000000,6.982201e+01,3.227748e-04,1.241416e+00,213368318,51.554046,11000000000,0.158780,0.110193,40.290241,23.947815,64
SZx-OMP,s3d/stat_planar.1.1000E-03.field.d64,1.000000e-03,1.538028e-02,4,8110796803.548564,12550661186.351435,2.996093e-04,5.550331e-03,1.538047e-02,1.538028e+04,3.080617e-05,1375000000,6.885291e+01,3.608732e-04,1.241416e+00,213368318,51.554046,11000000000,0.169527,0.109556,41.919021,24.054687,64
SZx-OMP,s3d/stat_planar.1.1000E-03.field.d64,1.000000e-03,1.538028e-02,5,8404691930.010847,12476353994.789906,3.595311e-04,6.080083e-03,1.538047e-02,1.538028e+04,3.696741e-05,1375000000,6.806110e+01,3.953167e-04,1.241416e+00,213368318,51.554046,11000000000,0.163599,0.110208,41.063494,24.087218,64
SZx-OMP,s3d/stat_planar.1.1000E-03.field.d64,1.000000e-03,1.538028e-02,6,8132617439.140002,12474904893.632170,4.194530e-04,6.567240e-03,1.538047e-02,1.538028e+04,4.312864e-05,1375000000,6.739163e+01,4.269909e-04,1.241416e+00,213368318,51.554046,11000000000,0.169072,0.110221,41.518936,24.261291,64
SZx-OMP,s3d/stat_planar.1.1000E-03.field.d64,1.000000e-03,1.538028e-02,7,8065053055.899304,12557366018.760441,4.793748e-04,7.020675e-03,1.538047e-02,1.538028e+04,4.928988e-05,1375000000,6.681171e+01,4.564724e-04,1.241416e+00,213368318,51.554046,11000000000,0.170489,0.109497,41.885879,23.932922,64
SZx-OMP,s3d/stat_planar.1.1000E-03.field.d64,1.000000e-03,1.538028e-02,8,8160790965.284022,12570054048.860964,5.392967e-04,7.446551e-03,1.538047e-02,1.538028e+04,5.545111e-05,1375000000,6.630018e+01,4.841621e-04,1.241416e+00,213368318,51.554046,11000000000,0.168489,0.109387,41.280534,24.135986,64
SZx-OMP,s3d/stat_planar.1.1000E-03.field.d64,1.000000e-03,1.538028e-02,9,8721780150.412464,12546145538.321178,5.992185e-04,7.849353e-03,1.538047e-02,1.538028e+04,6.161235e-05,1375000000,6.584261e+01,5.103517e-04,1.241416e+00,213368318,51.554046,11000000000,0.157651,0.109595,39.403098,24.216002,64
SZx-OMP,s3d/stat_planar.1.1000E-03.field.d64,1.000000e-03,1.538028e-02,10,8043929133.017139,12470712292.937244,6.591404e-04,8.232471e-03,1.538047e-02,1.538028e+04,6.777358e-05,1375000000,6.542868e+01,5.352614e-04,1.241416e+00,213368318,51.554046,11000000000,0.170936,0.110258,41.865189,24.183226,64
SZx-OMP,s3d/stat_planar.1.1000E-03.field.d64,1.000000e-03,1.538028e-02,11,8638619539.717125,12542825894.551119,7.190622e-04,8.598536e-03,1.538047e-02,1.538028e+04,7.393482e-05,1375000000,6.505080e+01,5.590623e-04,1.241416e+00,213368318,51.554046,11000000000,0.159169,0.109624,39.507955,24.041931,64
SZx-OMP,s3d/stat_planar.1.1000E-03.field.d64,1.000000e-03,1.538028e-02,12,8557566948.668161,12540857907.496759,7.789841e-04,8.949640e-03,1.538047e-02,1.538028e+04,8.009605e-05,1375000000,6.470318e+01,5.818905e-04,1.241416e+00,213368318,51.554046,11000000000,0.160677,0.109642,39.770589,24.044861,64
SZx-OMP,s3d/stat_planar.1.1000E-03.field.d64,1.000000e-03,1.538028e-02,13,8171293855.949117,12612201383.349777,8.389059e-04,9.287480e-03,1.538047e-02,1.538028e+04,8.625729e-05,1375000000,6.438133e+01,6.038563e-04,1.241416e+00,213368318,51.554046,11000000000,0.168272,0.109021,41.051286,23.918579,64
SZx-OMP,s3d/stat_planar.1.1000E-03.field.d64,1.000000e-03,1.538028e-02,14,8696825035.802881,12582499655.043264,8.988278e-04,9.613455e-03,1.538047e-02,1.538028e+04,9.241852e-05,1375000000,6.408170e+01,6.250506e-04,1.241416e+00,213368318,51.554046,11000000000,0.158104,0.109279,38.839134,23.870911,64
SZx-OMP,s3d/stat_planar.1.1000E-03.field.d64,1.000000e-03,1.538028e-02,15,8719423703.203327,12553529127.697809,9.587496e-04,9.928734e-03,1.538047e-02,1.538028e+04,9.857976e-05,1375000000,6.380141e+01,6.455495e-04,1.241416e+00,213368318,51.554046,11000000000,0.157694,0.109531,38.955040,24.129821,64
SZx-OMP,s3d/stat_planar.1.1000E-03.field.d64,1.000000e-03,1.538028e-02,16,8789209376.629826,12582828334.915575,1.018671e-03,1.023430e-02,1.538047e-02,1.538028e+04,1.047410e-04,1375000000,6.353812e+01,6.654172e-04,1.241416e+00,213368318,51.554046,11000000000,0.156442,0.109276,38.418481,24.307738,64
SZx-OMP,s3d/stat_planar.1.1000E-03.field.d64,1.000000e-03,1.538028e-02,17,8195318844.026496,12576549766.429239,1.078593e-03,1.053101e-02,1.538047e-02,1.538028e+04,1.109022e-04,1375000000,6.328988e+01,6.847087e-04,1.241416e+00,213368318,51.554046,11000000000,0.167779,0.109330,40.861895,23.988159,64
SZx-OMP,s3d/stat_planar.1.1000E-03.field.d64,1.000000e-03,1.538028e-02,18,8577442342.590852,12581568399.298540,1.138515e-03,1.081959e-02,1.538047e-02,1.538028e+04,1.170635e-04,1375000000,6.305507e+01,7.034713e-04,1.241416e+00,213368318,51.554046,11000000000,0.160304,0.109287,39.185812,24.016541,64
SZx-OMP,s3d/stat_planar.1.1000E-03.field.d64,1.000000e-03,1.538028e-02,19,8692048525.214628,12529033915.124945,1.198437e-03,1.110066e-02,1.538047e-02,1.538028e+04,1.232247e-04,1375000000,6.283231e+01,7.217463e-04,1.241416e+00,213368318,51.554046,11000000000,0.158191,0.109745,38.531090,23.903808,64
SZx-OMP,s3d/stat_planar.1.1000E-03.field.d64,1.000000e-03,1.538028e-02,20,8887519860.000502,12565349853.153254,1.258359e-03,1.137479e-02,1.538047e-02,1.538028e+04,1.293859e-04,1375000000,6.262042e+01,7.395699e-04,1.241416e+00,213368318,51.554046,11000000000,0.154711,0.109428,38.225183,24.173400,64
SZx-OMP,s3d/stat_planar.1.1000E-03.field.d64,1.000000e-03,1.538028e-02,21,8697850384.166569,12521218374.132530,1.318281e-03,1.164247e-02,1.538047e-02,1.538028e+04,1.355472e-04,1375000000,6.241838e+01,7.569739e-04,1.241416e+00,213368318,51.554046,11000000000,0.158085,0.109814,38.555444,24.202330,64
SZx-OMP,s3d/stat_planar.1.1000E-03.field.d64,1.000000e-03,1.538028e-02,22,8770848322.448841,12566956641.971855,1.378203e-03,1.190413e-02,1.538047e-02,1.538028e+04,1.417084e-04,1375000000,6.222533e+01,7.739867e-04,1.241416e+00,213368318,51.554046,11000000000,0.156769,0.109414,38.413415,23.980286,64
SZx-OMP,s3d/stat_planar.1.1000E-03.field.d64,1.000000e-03,1.538028e-02,23,8183915713.143582,12563682320.516907,1.438124e-03,1.216017e-02,1.538047e-02,1.538028e+04,1.478696e-04,1375000000,6.204050e+01,7.906335e-04,1.241416e+00,213368318,51.554046,11000000000,0.168012,0.109442,40.151753,23.885436,64
SZx-OMP,s3d/stat_planar.1.1000E-03.field.d64,1.000000e-03,1.538028e-02,24,8654526793.565296,12553931231.918827,1.498046e-03,1.241092e-02,1.538047e-02,1.538028e+04,1.540309e-04,1375000000,6.186321e+01,8.069369e-04,1.241416e+00,213368318,51.554046,11000000000,0.158876,0.109527,38.599693,24.056152,64
