Dataset,Field,Compressor,Node,Rank,Cores,REL Error Bound,I/O Method,Iteration,Compression Runtime (s),I/O Runtime (s),Compression Energy (J),I/O Energy (J),Compressed Data Size
nyx,temperature.f32,SZ2,0,2,128,1.000000e-03,HDF5,0,2.546554e+00,7.518696e-02,7.568748e+02,1.796413e+01,2717853
nyx,temperature.f32,SZ2,2,3,128,1.000000e-03,HDF5,1,2.546555e+00,4.731586e-02,7.637541e+02,1.169827e+01,2717853
nyx,temperature.f32,SZ2,2,3,128,1.000000e-03,HDF5,2,2.546555e+00,5.438962e-02,7.637541e+02,1.340731e+01,2717853
nyx,temperature.f32,SZ2,2,3,128,1.000000e-03,HDF5,3,2.546555e+00,5.834369e-02,7.637541e+02,1.474606e+01,2717853
nyx,temperature.f32,SZ2,1,2,128,1.000000e-03,HDF5,4,2.546558e+00,5.287446e-02,7.580064e+02,1.376480e+01,2717853
nyx,temperature.f32,SZ2,0,2,128,1.000000e-03,HDF5,5,2.546554e+00,4.886809e-02,7.568748e+02,1.293338e+01,2717853
nyx,temperature.f32,SZ2,2,3,128,1.000000e-03,HDF5,6,2.546555e+00,5.381915e-02,7.637541e+02,1.384445e+01,2717853
nyx,temperature.f32,SZ2,0,2,128,1.000000e-03,HDF5,7,2.546554e+00,5.729158e-02,7.568748e+02,1.595217e+01,2717853
nyx,temperature.f32,SZ2,1,2,128,1.000000e-03,HDF5,8,2.546558e+00,6.517960e-02,7.580064e+02,1.820296e+01,2717853
nyx,temperature.f32,SZ2,2,3,128,1.000000e-03,HDF5,9,2.546555e+00,4.800400e-02,7.637541e+02,1.230014e+01,2717853
nyx,temperature.f32,SZ2,1,2,128,1.000000e-03,NetCDF,0,2.546558e+00,7.801421e-02,7.580064e+02,2.113447e+01,2717853
nyx,temperature.f32,SZ2,2,3,128,1.000000e-03,NetCDF,1,2.546555e+00,5.873664e-02,7.637541e+02,1.528475e+01,2717853
nyx,temperature.f32,SZ2,0,2,128,1.000000e-03,NetCDF,2,2.546554e+00,5.861928e-02,7.568748e+02,1.524331e+01,2717853
nyx,temperature.f32,SZ2,1,2,128,1.000000e-03,NetCDF,3,2.546558e+00,7.611430e-02,7.580064e+02,2.117176e+01,2717853
nyx,temperature.f32,SZ2,2,3,128,1.000000e-03,NetCDF,4,2.546555e+00,8.468899e-02,7.637541e+02,2.239044e+01,2717853
nyx,temperature.f32,SZ2,0,2,128,1.000000e-03,NetCDF,4,2.546554e+00,8.468961e-02,7.568748e+02,2.327570e+01,2717853
nyx,temperature.f32,SZ2,1,2,128,1.000000e-03,NetCDF,5,2.546558e+00,9.664061e-02,7.580064e+02,2.818664e+01,2717853
nyx,temperature.f32,SZ2,1,2,128,1.000000e-03,NetCDF,6,2.546558e+00,7.811720e-02,7.580064e+02,2.094013e+01,2717853
nyx,temperature.f32,SZ2,2,3,128,1.000000e-03,NetCDF,7,2.546555e+00,5.935199e-02,7.637541e+02,1.532015e+01,2717853
nyx,temperature.f32,SZ2,1,2,128,1.000000e-03,NetCDF,8,2.546558e+00,7.275485e-02,7.580064e+02,2.033283e+01,2717853
nyx,temperature.f32,SZ2,0,2,128,1.000000e-03,NetCDF,9,2.546554e+00,6.132982e-02,7.568748e+02,1.601497e+01,2717853
nyx,temperature.f32,SZ3,1,2,128,1.000000e-03,HDF5,0,6.936488e+00,5.619399e-02,1.962836e+03,1.522030e+01,984854
nyx,temperature.f32,SZ3,0,2,128,1.000000e-03,HDF5,1,6.936484e+00,5.432194e-02,1.897526e+03,1.399026e+01,984854
nyx,temperature.f32,SZ3,1,2,128,1.000000e-03,HDF5,2,6.936488e+00,4.187874e-02,1.962836e+03,1.189999e+01,984854
nyx,temperature.f32,SZ3,0,2,128,1.000000e-03,HDF5,3,6.936484e+00,5.167889e-02,1.897526e+03,1.411398e+01,984854
nyx,temperature.f32,SZ3,1,2,128,1.000000e-03,HDF5,4,6.936488e+00,5.608404e-02,1.962836e+03,1.566909e+01,984854
nyx,temperature.f32,SZ3,0,2,128,1.000000e-03,HDF5,5,6.936484e+00,5.091293e-02,1.897526e+03,1.351547e+01,984854
nyx,temperature.f32,SZ3,1,2,128,1.000000e-03,HDF5,6,6.936488e+00,4.061487e-02,1.962836e+03,1.037357e+01,984854
nyx,temperature.f32,SZ3,0,2,128,1.000000e-03,HDF5,7,6.936484e+00,4.682016e-02,1.897526e+03,1.201199e+01,984854
nyx,temperature.f32,SZ3,1,2,128,1.000000e-03,HDF5,8,6.936488e+00,5.959383e-02,1.962836e+03,1.630196e+01,984854
nyx,temperature.f32,SZ3,2,3,128,1.000000e-03,HDF5,9,6.936466e+00,4.909357e-02,1.886678e+03,1.293838e+01,984854
nyx,temperature.f32,SZ3,1,2,128,1.000000e-03,NetCDF,0,6.936488e+00,6.278637e-02,1.962836e+03,1.719545e+01,984854
nyx,temperature.f32,SZ3,1,2,128,1.000000e-03,NetCDF,1,6.936488e+00,5.357169e-02,1.962836e+03,1.388986e+01,984854
nyx,temperature.f32,SZ3,0,2,128,1.000000e-03,NetCDF,2,6.936484e+00,5.699396e-02,1.897526e+03,1.483853e+01,984854
nyx,temperature.f32,SZ3,2,3,128,1.000000e-03,NetCDF,3,6.936466e+00,5.915031e-02,1.886678e+03,1.550661e+01,984854
nyx,temperature.f32,SZ3,0,2,128,1.000000e-03,NetCDF,4,6.936484e+00,6.061245e-02,1.897526e+03,1.619014e+01,984854
nyx,temperature.f32,SZ3,2,3,128,1.000000e-03,NetCDF,5,6.936466e+00,4.832376e-02,1.886678e+03,1.211276e+01,984854
nyx,temperature.f32,SZ3,1,2,128,1.000000e-03,NetCDF,6,6.936488e+00,6.074473e-02,1.962836e+03,1.700460e+01,984854
nyx,temperature.f32,SZ3,0,2,128,1.000000e-03,NetCDF,6,6.936484e+00,6.074002e-02,1.897526e+03,1.618868e+01,984854
nyx,temperature.f32,SZ3,1,2,128,1.000000e-03,NetCDF,7,6.936488e+00,5.403978e-02,1.962836e+03,1.528310e+01,984854
nyx,temperature.f32,SZ3,0,2,128,1.000000e-03,NetCDF,7,6.936484e+00,5.403630e-02,1.897526e+03,1.144461e+01,984854
nyx,temperature.f32,SZ3,1,2,128,1.000000e-03,NetCDF,8,6.936488e+00,5.078782e-02,1.962836e+03,1.350784e+01,984854
nyx,temperature.f32,SZ3,0,2,128,1.000000e-03,NetCDF,8,6.936484e+00,5.078810e-02,1.897526e+03,1.008048e+01,984854
nyx,temperature.f32,SZ3,0,2,128,1.000000e-03,NetCDF,9,6.936484e+00,5.308639e-02,1.897526e+03,1.121384e+01,984854
nyx,temperature.f32,ZFP,2,3,128,1.000000e-03,HDF5,0,2.447382e+00,1.023656e-01,7.086987e+02,2.655187e+01,21233456
nyx,temperature.f32,ZFP,0,2,128,1.000000e-03,HDF5,1,2.447380e+00,1.072580e-01,7.165701e+02,2.736602e+01,21233456
nyx,temperature.f32,ZFP,1,2,128,1.000000e-03,HDF5,2,2.447387e+00,1.321352e-01,7.233670e+02,3.749905e+01,21233456
nyx,temperature.f32,ZFP,0,2,128,1.000000e-03,HDF5,3,2.447380e+00,1.107080e-01,7.165701e+02,3.107567e+01,21233456
nyx,temperature.f32,ZFP,1,2,128,1.000000e-03,HDF5,4,2.447387e+00,9.721564e-02,7.233670e+02,2.717974e+01,21233456
nyx,temperature.f32,ZFP,0,2,128,1.000000e-03,HDF5,5,2.447380e+00,1.297818e-01,7.165701e+02,3.729171e+01,21233456
nyx,temperature.f32,ZFP,2,3,128,1.000000e-03,HDF5,5,2.447382e+00,1.297787e-01,7.086987e+02,3.646835e+01,21233456
nyx,temperature.f32,ZFP,0,2,128,1.000000e-03,HDF5,6,2.447380e+00,1.197203e-01,7.165701e+02,3.379245e+01,21233456
nyx,temperature.f32,ZFP,1,2,128,1.000000e-03,HDF5,7,2.447387e+00,1.310315e-01,7.233670e+02,3.648062e+01,21233456
nyx,temperature.f32,ZFP,0,2,128,1.000000e-03,HDF5,8,2.447380e+00,1.224695e-01,7.165701e+02,3.168937e+01,21233456
nyx,temperature.f32,ZFP,2,3,128,1.000000e-03,HDF5,8,2.447382e+00,1.228941e-01,7.086987e+02,3.348838e+01,21233456
nyx,temperature.f32,ZFP,1,2,128,1.000000e-03,HDF5,9,2.447387e+00,9.924394e-02,7.233670e+02,2.796770e+01,21233456
nyx,temperature.f32,ZFP,2,3,128,1.000000e-03,NetCDF,0,2.447382e+00,2.469312e-01,7.086987e+02,6.925818e+01,21233456
nyx,temperature.f32,ZFP,0,2,128,1.000000e-03,NetCDF,1,2.447380e+00,3.016356e-01,7.165701e+02,7.988023e+01,21233456
nyx,temperature.f32,ZFP,1,2,128,1.000000e-03,NetCDF,2,2.447387e+00,2.480422e-01,7.233670e+02,6.866883e+01,21233456
nyx,temperature.f32,ZFP,1,2,128,1.000000e-03,NetCDF,3,2.447387e+00,2.354242e-01,7.233670e+02,6.866865e+01,21233456
nyx,temperature.f32,ZFP,1,2,128,1.000000e-03,NetCDF,4,2.447387e+00,1.898142e-01,7.233670e+02,5.430064e+01,21233456
nyx,temperature.f32,ZFP,1,2,128,1.000000e-03,NetCDF,5,2.447387e+00,2.572340e-01,7.233670e+02,6.378914e+01,21233456
nyx,temperature.f32,ZFP,1,2,128,1.000000e-03,NetCDF,6,2.447387e+00,2.427243e-01,7.233670e+02,7.112500e+01,21233456
nyx,temperature.f32,ZFP,0,2,128,1.000000e-03,NetCDF,6,2.447380e+00,2.426808e-01,7.165701e+02,6.507161e+01,21233456
nyx,temperature.f32,ZFP,2,3,128,1.000000e-03,NetCDF,7,2.447382e+00,1.980267e-01,7.086987e+02,5.493852e+01,21233456
nyx,temperature.f32,ZFP,0,2,128,1.000000e-03,NetCDF,8,2.447380e+00,1.988906e-01,7.165701e+02,5.655851e+01,21233456
nyx,temperature.f32,ZFP,1,2,128,1.000000e-03,NetCDF,9,2.447387e+00,2.813763e-01,7.233670e+02,7.250360e+01,21233456
nyx,temperature.f32,QoZ,1,2,128,1.000000e-03,HDF5,0,4.881669e+00,4.349074e-02,1.459931e+03,1.159848e+01,1243160
nyx,temperature.f32,QoZ,0,2,128,1.000000e-03,HDF5,1,4.881665e+00,6.785848e-02,1.460585e+03,1.884810e+01,1243160
nyx,temperature.f32,QoZ,1,2,128,1.000000e-03,HDF5,2,4.881669e+00,9.583998e-02,1.459931e+03,2.841637e+01,1243160
nyx,temperature.f32,QoZ,0,2,128,1.000000e-03,HDF5,3,4.881665e+00,4.428027e-02,1.460585e+03,1.163461e+01,1243160
nyx,temperature.f32,QoZ,2,3,128,1.000000e-03,HDF5,4,4.881671e+00,5.660633e-02,1.448465e+03,1.540377e+01,1243160
nyx,temperature.f32,QoZ,1,2,128,1.000000e-03,HDF5,5,4.881669e+00,3.976159e-02,1.459931e+03,1.000895e+01,1243160
nyx,temperature.f32,QoZ,0,2,128,1.000000e-03,HDF5,6,4.881665e+00,5.564068e-02,1.460585e+03,1.490969e+01,1243160
nyx,temperature.f32,QoZ,0,2,128,1.000000e-03,HDF5,7,4.881665e+00,5.010414e-02,1.460585e+03,1.282425e+01,1243160
nyx,temperature.f32,QoZ,2,3,128,1.000000e-03,HDF5,8,4.881671e+00,7.238998e-02,1.448465e+03,1.882063e+01,1243160
nyx,temperature.f32,QoZ,1,2,128,1.000000e-03,HDF5,9,4.881669e+00,7.297371e-02,1.459931e+03,2.019618e+01,1243160
nyx,temperature.f32,QoZ,2,3,128,1.000000e-03,NetCDF,0,4.881671e+00,1.392032e-01,1.448465e+03,4.114656e+01,1243160
nyx,temperature.f32,QoZ,0,2,128,1.000000e-03,NetCDF,1,4.881665e+00,6.807416e-02,1.460585e+03,1.882222e+01,1243160
nyx,temperature.f32,QoZ,0,2,128,1.000000e-03,NetCDF,2,4.881665e+00,6.319775e-02,1.460585e+03,1.662435e+01,1243160
nyx,temperature.f32,QoZ,1,2,128,1.000000e-03,NetCDF,3,4.881669e+00,9.938081e-02,1.459931e+03,2.900298e+01,1243160
nyx,temperature.f32,QoZ,0,2,128,1.000000e-03,NetCDF,4,4.881665e+00,6.178197e-02,1.460585e+03,1.649965e+01,1243160
nyx,temperature.f32,QoZ,0,2,128,1.000000e-03,NetCDF,5,4.881665e+00,6.564400e-02,1.460585e+03,1.775270e+01,1243160
nyx,temperature.f32,QoZ,2,3,128,1.000000e-03,NetCDF,6,4.881671e+00,5.924829e-02,1.448465e+03,1.519753e+01,1243160
nyx,temperature.f32,QoZ,1,2,128,1.000000e-03,NetCDF,7,4.881669e+00,5.101277e-02,1.459931e+03,1.379757e+01,1243160
nyx,temperature.f32,QoZ,2,3,128,1.000000e-03,NetCDF,8,4.881671e+00,5.758816e-02,1.448465e+03,1.480215e+01,1243160
nyx,temperature.f32,QoZ,1,2,128,1.000000e-03,NetCDF,9,4.881669e+00,4.505779e-02,1.459931e+03,1.180899e+01,1243160
nyx,temperature.f32,SZ2,2,5,256,1.000000e-03,HDF5,0,2.533852e+00,1.069208e-01,7.698730e+02,2.621972e+01,2717853
nyx,temperature.f32,SZ2,4,6,256,1.000000e-03,HDF5,0,2.533887e+00,1.069119e-01,7.558780e+02,2.632647e+01,2717853
nyx,temperature.f32,SZ2,3,5,256,1.000000e-03,HDF5,1,2.533909e+00,7.381631e-02,7.728037e+02,1.959724e+01,2717853
nyx,temperature.f32,SZ2,1,5,256,1.000000e-03,HDF5,1,2.533904e+00,7.373817e-02,7.751306e+02,1.793019e+01,2717853
nyx,temperature.f32,SZ2,1,5,256,1.000000e-03,HDF5,2,2.533904e+00,8.422472e-02,7.751306e+02,2.062403e+01,2717853
nyx,temperature.f32,SZ2,5,6,256,1.000000e-03,HDF5,3,2.533898e+00,7.704166e-02,7.716629e+02,1.984852e+01,2717853
nyx,temperature.f32,SZ2,4,6,256,1.000000e-03,HDF5,4,2.533887e+00,6.523606e-02,7.558780e+02,1.637892e+01,2717853
nyx,temperature.f32,SZ2,1,5,256,1.000000e-03,HDF5,4,2.533904e+00,6.523680e-02,7.751306e+02,1.571657e+01,2717853
nyx,temperature.f32,SZ2,3,5,256,1.000000e-03,HDF5,5,2.533909e+00,6.758045e-02,7.728037e+02,1.765364e+01,2717853
nyx,temperature.f32,SZ2,2,5,256,1.000000e-03,HDF5,6,2.533852e+00,8.606410e-02,7.698730e+02,2.274488e+01,2717853
nyx,temperature.f32,SZ2,1,5,256,1.000000e-03,HDF5,7,2.533904e+00,6.040385e-02,7.751306e+02,1.440115e+01,2717853
nyx,temperature.f32,SZ2,4,6,256,1.000000e-03,HDF5,8,2.533887e+00,7.028657e-02,7.558780e+02,1.788808e+01,2717853
nyx,temperature.f32,SZ2,0,5,256,1.000000e-03,HDF5,9,2.533859e+00,6.358611e-02,7.742580e+02,1.537368e+01,2717853
nyx,temperature.f32,SZ2,5,6,256,1.000000e-03,NetCDF,0,2.533898e+00,9.254834e-02,7.716629e+02,2.454669e+01,2717853
nyx,temperature.f32,SZ2,0,5,256,1.000000e-03,NetCDF,1,2.533859e+00,8.202542e-02,7.742580e+02,2.193238e+01,2717853
nyx,temperature.f32,SZ2,1,5,256,1.000000e-03,NetCDF,2,2.533904e+00,1.153396e-01,7.751306e+02,3.064531e+01,2717853
nyx,temperature.f32,SZ2,0,5,256,1.000000e-03,NetCDF,3,2.533859e+00,8.607340e-02,7.742580e+02,2.281598e+01,2717853
nyx,temperature.f32,SZ2,0,5,256,1.000000e-03,NetCDF,4,2.533859e+00,1.046279e-01,7.742580e+02,2.763146e+01,2717853
nyx,temperature.f32,SZ2,3,5,256,1.000000e-03,NetCDF,5,2.533909e+00,1.289198e-01,7.728037e+02,3.698892e+01,2717853
nyx,temperature.f32,SZ2,0,5,256,1.000000e-03,NetCDF,6,2.533859e+00,1.139326e-01,7.742580e+02,3.223515e+01,2717853
nyx,temperature.f32,SZ2,0,5,256,1.000000e-03,NetCDF,7,2.533859e+00,1.050494e-01,7.742580e+02,2.827648e+01,2717853
nyx,temperature.f32,SZ2,0,5,256,1.000000e-03,NetCDF,8,2.533859e+00,7.852815e-02,7.742580e+02,1.934938e+01,2717853
nyx,temperature.f32,SZ2,1,5,256,1.000000e-03,NetCDF,9,2.533904e+00,7.792598e-02,7.751306e+02,1.900898e+01,2717853
nyx,temperature.f32,SZ3,0,5,256,1.000000e-03,HDF5,0,6.884393e+00,1.546266e-01,1.943228e+03,4.019320e+01,984854
nyx,temperature.f32,SZ3,5,6,256,1.000000e-03,HDF5,0,6.884385e+00,1.546479e-01,1.880547e+03,4.064211e+01,984854
nyx,temperature.f32,SZ3,0,5,256,1.000000e-03,HDF5,1,6.884393e+00,1.531711e-01,1.943228e+03,4.650727e+01,984854
nyx,temperature.f32,SZ3,3,5,256,1.000000e-03,HDF5,2,6.884387e+00,7.366709e-02,1.899479e+03,1.992005e+01,984854
nyx,temperature.f32,SZ3,1,5,256,1.000000e-03,HDF5,3,6.884394e+00,5.151006e-02,1.900417e+03,1.229422e+01,984854
nyx,temperature.f32,SZ3,4,6,256,1.000000e-03,HDF5,4,6.884366e+00,5.100802e-02,1.822285e+03,1.228751e+01,984854
nyx,temperature.f32,SZ3,0,5,256,1.000000e-03,HDF5,5,6.884393e+00,5.398467e-02,1.943228e+03,1.403518e+01,984854
nyx,temperature.f32,SZ3,0,5,256,1.000000e-03,HDF5,6,6.884393e+00,5.824608e-02,1.943228e+03,1.485354e+01,984854
nyx,temperature.f32,SZ3,1,5,256,1.000000e-03,HDF5,7,6.884394e+00,6.356190e-02,1.900417e+03,1.678780e+01,984854
nyx,temperature.f32,SZ3,5,6,256,1.000000e-03,HDF5,8,6.884385e+00,5.717528e-02,1.880547e+03,1.379879e+01,984854
nyx,temperature.f32,SZ3,0,5,256,1.000000e-03,HDF5,9,6.884393e+00,5.931955e-02,1.943228e+03,1.612154e+01,984854
nyx,temperature.f32,SZ3,1,5,256,1.000000e-03,HDF5,9,6.884394e+00,5.931595e-02,1.900417e+03,1.597725e+01,984854
nyx,temperature.f32,SZ3,2,5,256,1.000000e-03,NetCDF,0,6.884395e+00,1.000964e-01,1.843475e+03,2.822667e+01,984854
nyx,temperature.f32,SZ3,5,6,256,1.000000e-03,NetCDF,0,6.884385e+00,1.000941e-01,1.880547e+03,2.763354e+01,984854
nyx,temperature.f32,SZ3,1,5,256,1.000000e-03,NetCDF,1,6.884394e+00,8.615553e-02,1.900417e+03,1.941456e+01,984854
nyx,temperature.f32,SZ3,4,6,256,1.000000e-03,NetCDF,2,6.884366e+00,5.920310e-02,1.822285e+03,1.392935e+01,984854
nyx,temperature.f32,SZ3,5,6,256,1.000000e-03,NetCDF,2,6.884385e+00,5.920321e-02,1.880547e+03,1.530141e+01,984854
nyx,temperature.f32,SZ3,4,6,256,1.000000e-03,NetCDF,3,6.884366e+00,1.274553e-01,1.822285e+03,3.535410e+01,984854
nyx,temperature.f32,SZ3,2,5,256,1.000000e-03,NetCDF,4,6.884395e+00,5.897709e-02,1.843475e+03,1.488918e+01,984854
nyx,temperature.f32,SZ3,3,5,256,1.000000e-03,NetCDF,5,6.884387e+00,5.719065e-02,1.899479e+03,1.531637e+01,984854
nyx,temperature.f32,SZ3,2,5,256,1.000000e-03,NetCDF,6,6.884395e+00,5.261206e-02,1.843475e+03,1.328750e+01,984854
nyx,temperature.f32,SZ3,0,5,256,1.000000e-03,NetCDF,7,6.884393e+00,2.615272e-01,1.943228e+03,8.207761e+01,984854
nyx,temperature.f32,SZ3,0,5,256,1.000000e-03,NetCDF,8,6.884393e+00,7.225786e-02,1.943228e+03,1.949061e+01,984854
nyx,temperature.f32,SZ3,2,5,256,1.000000e-03,NetCDF,9,6.884395e+00,6.065938e-02,1.843475e+03,1.597750e+01,984854
nyx,temperature.f32,ZFP,4,6,256,1.000000e-03,HDF5,0,2.436644e+00,2.062254e-01,6.792486e+02,5.805167e+01,21233456
nyx,temperature.f32,ZFP,2,5,256,1.000000e-03,HDF5,1,2.436662e+00,1.718131e-01,7.003000e+02,4.402943e+01,21233456
nyx,temperature.f32,ZFP,0,5,256,1.000000e-03,HDF5,2,2.436663e+00,2.343210e-01,7.274109e+02,6.699653e+01,21233456
nyx,temperature.f32,ZFP,4,6,256,1.000000e-03,HDF5,3,2.436644e+00,2.478941e-01,6.792486e+02,6.855640e+01,21233456
nyx,temperature.f32,ZFP,2,5,256,1.000000e-03,HDF5,4,2.436662e+00,2.362050e-01,7.003000e+02,6.175967e+01,21233456
nyx,temperature.f32,ZFP,0,5,256,1.000000e-03,HDF5,5,2.436663e+00,2.410497e-01,7.274109e+02,6.227126e+01,21233456
nyx,temperature.f32,ZFP,1,5,256,1.000000e-03,HDF5,6,2.436653e+00,2.609312e-01,7.143909e+02,7.410467e+01,21233456
nyx,temperature.f32,ZFP,5,6,256,1.000000e-03,HDF5,6,2.436650e+00,2.609585e-01,7.084179e+02,7.686333e+01,21233456
nyx,temperature.f32,ZFP,4,6,256,1.000000e-03,HDF5,7,2.436644e+00,2.541334e-01,6.792486e+02,6.979413e+01,21233456
nyx,temperature.f32,ZFP,0,5,256,1.000000e-03,HDF5,8,2.436663e+00,2.368517e-01,7.274109e+02,6.551888e+01,21233456
nyx,temperature.f32,ZFP,5,6,256,1.000000e-03,HDF5,8,2.436650e+00,2.368367e-01,7.084179e+02,6.809632e+01,21233456
nyx,temperature.f32,ZFP,0,5,256,1.000000e-03,HDF5,9,2.436663e+00,1.949735e-01,7.274109e+02,5.413340e+01,21233456
nyx,temperature.f32,ZFP,0,5,256,1.000000e-03,NetCDF,0,2.436663e+00,2.871704e-01,7.274109e+02,7.871006e+01,21233456
nyx,temperature.f32,ZFP,2,5,256,1.000000e-03,NetCDF,1,2.436662e+00,3.078775e-01,7.003000e+02,8.294901e+01,21233456
nyx,temperature.f32,ZFP,1,5,256,1.000000e-03,NetCDF,2,2.436653e+00,2.981264e-01,7.143909e+02,8.319400e+01,21233456
nyx,temperature.f32,ZFP,0,5,256,1.000000e-03,NetCDF,3,2.436663e+00,2.726973e-01,7.274109e+02,7.748711e+01,21233456
nyx,temperature.f32,ZFP,5,6,256,1.000000e-03,NetCDF,4,2.436650e+00,2.309893e-01,7.084179e+02,6.442873e+01,21233456
nyx,temperature.f32,ZFP,4,6,256,1.000000e-03,NetCDF,5,2.436644e+00,2.371866e-01,6.792486e+02,6.303542e+01,21233456
nyx,temperature.f32,ZFP,0,5,256,1.000000e-03,NetCDF,6,2.436663e+00,2.377854e-01,7.274109e+02,6.896711e+01,21233456
nyx,temperature.f32,ZFP,4,6,256,1.000000e-03,NetCDF,7,2.436644e+00,3.038307e-01,6.792486e+02,7.720140e+01,21233456
nyx,temperature.f32,ZFP,0,5,256,1.000000e-03,NetCDF,8,2.436663e+00,2.423335e-01,7.274109e+02,6.459908e+01,21233456
nyx,temperature.f32,ZFP,0,5,256,1.000000e-03,NetCDF,9,2.436663e+00,2.444977e-01,7.274109e+02,6.831892e+01,21233456
nyx,temperature.f32,QoZ,2,5,256,1.000000e-03,HDF5,0,4.953237e+00,2.517788e-01,1.490259e+03,7.158807e+01,1243160
nyx,temperature.f32,QoZ,4,6,256,1.000000e-03,HDF5,1,4.953187e+00,7.351995e-02,1.467622e+03,1.900459e+01,1243160
nyx,temperature.f32,QoZ,3,5,256,1.000000e-03,HDF5,2,4.953244e+00,7.366331e-02,1.489899e+03,1.984718e+01,1243160
nyx,temperature.f32,QoZ,2,5,256,1.000000e-03,HDF5,3,4.953237e+00,5.403408e-02,1.490259e+03,1.362777e+01,1243160
nyx,temperature.f32,QoZ,1,5,256,1.000000e-03,HDF5,4,4.953220e+00,5.921316e-02,1.497872e+03,1.562124e+01,1243160
nyx,temperature.f32,QoZ,0,5,256,1.000000e-03,HDF5,5,4.953221e+00,5.701985e-02,1.480549e+03,1.534945e+01,1243160
nyx,temperature.f32,QoZ,4,6,256,1.000000e-03,HDF5,6,4.953187e+00,5.177594e-02,1.467622e+03,1.330075e+01,1243160
nyx,temperature.f32,QoZ,5,6,256,1.000000e-03,HDF5,6,4.953216e+00,5.178246e-02,1.488796e+03,1.315011e+01,1243160
nyx,temperature.f32,QoZ,5,6,256,1.000000e-03,HDF5,7,4.953216e+00,6.092668e-02,1.488796e+03,1.578689e+01,1243160
nyx,temperature.f32,QoZ,2,5,256,1.000000e-03,HDF5,8,4.953237e+00,5.713934e-02,1.490259e+03,1.473281e+01,1243160
nyx,temperature.f32,QoZ,4,6,256,1.000000e-03,HDF5,9,4.953187e+00,5.622487e-02,1.467622e+03,1.393154e+01,1243160
nyx,temperature.f32,QoZ,2,5,256,1.000000e-03,NetCDF,0,4.953237e+00,7.442957e-02,1.490259e+03,1.968116e+01,1243160
nyx,temperature.f32,QoZ,0,5,256,1.000000e-03,NetCDF,1,4.953221e+00,6.112734e-02,1.480549e+03,1.625228e+01,1243160
nyx,temperature.f32,QoZ,5,6,256,1.000000e-03,NetCDF,1,4.953216e+00,6.112744e-02,1.488796e+03,1.609322e+01,1243160
nyx,temperature.f32,QoZ,1,5,256,1.000000e-03,NetCDF,2,4.953220e+00,5.242246e-02,1.497872e+03,1.353799e+01,1243160
nyx,temperature.f32,QoZ,5,6,256,1.000000e-03,NetCDF,2,4.953216e+00,5.242480e-02,1.488796e+03,1.294558e+01,1243160
nyx,temperature.f32,QoZ,2,5,256,1.000000e-03,NetCDF,2,4.953237e+00,5.242471e-02,1.490259e+03,1.353311e+01,1243160
nyx,temperature.f32,QoZ,4,6,256,1.000000e-03,NetCDF,3,4.953187e+00,5.676716e-02,1.467622e+03,1.396829e+01,1243160
nyx,temperature.f32,QoZ,0,5,256,1.000000e-03,NetCDF,4,4.953221e+00,6.041742e-02,1.480549e+03,1.653847e+01,1243160
nyx,temperature.f32,QoZ,1,5,256,1.000000e-03,NetCDF,4,4.953220e+00,6.041641e-02,1.497872e+03,1.544228e+01,1243160
nyx,temperature.f32,QoZ,3,5,256,1.000000e-03,NetCDF,5,4.953244e+00,7.461297e-02,1.489899e+03,2.011183e+01,1243160
nyx,temperature.f32,QoZ,1,5,256,1.000000e-03,NetCDF,5,4.953220e+00,7.461166e-02,1.497872e+03,1.693801e+01,1243160
nyx,temperature.f32,QoZ,4,6,256,1.000000e-03,NetCDF,5,4.953187e+00,7.461180e-02,1.467622e+03,2.005451e+01,1243160
nyx,temperature.f32,QoZ,5,6,256,1.000000e-03,NetCDF,6,4.953216e+00,6.132740e-02,1.488796e+03,1.612392e+01,1243160
nyx,temperature.f32,QoZ,1,5,256,1.000000e-03,NetCDF,6,4.953220e+00,6.133300e-02,1.497872e+03,1.340243e+01,1243160
nyx,temperature.f32,QoZ,5,6,256,1.000000e-03,NetCDF,7,4.953216e+00,5.881174e-02,1.488796e+03,1.460519e+01,1243160
nyx,temperature.f32,QoZ,1,5,256,1.000000e-03,NetCDF,7,4.953220e+00,5.881093e-02,1.497872e+03,1.217575e+01,1243160
nyx,temperature.f32,QoZ,0,5,256,1.000000e-03,NetCDF,8,4.953221e+00,5.992070e-02,1.480549e+03,1.618892e+01,1243160
nyx,temperature.f32,QoZ,1,5,256,1.000000e-03,NetCDF,8,4.953220e+00,5.991739e-02,1.497872e+03,1.260983e+01,1243160
nyx,temperature.f32,QoZ,2,5,256,1.000000e-03,NetCDF,9,4.953237e+00,6.263997e-02,1.490259e+03,1.645064e+01,1243160
nyx,temperature.f32,SZ2,0,2,64,1.000000e-03,HDF5,0,2.410753e+00,2.960729e-01,6.371292e+02,7.098847e+01,2717853
nyx,temperature.f32,SZ2,0,2,64,1.000000e-03,HDF5,1,2.410753e+00,2.681320e-01,6.371292e+02,6.662080e+01,2717853
nyx,temperature.f32,SZ2,0,2,64,1.000000e-03,HDF5,2,2.410753e+00,2.004995e-01,6.371292e+02,5.059154e+01,2717853
nyx,temperature.f32,SZ2,1,2,64,1.000000e-03,HDF5,3,2.410763e+00,4.538972e-02,6.453024e+02,1.049387e+01,2717853
nyx,temperature.f32,SZ2,0,2,64,1.000000e-03,HDF5,4,2.410753e+00,1.410072e-01,6.371292e+02,3.405637e+01,2717853
nyx,temperature.f32,SZ2,0,2,64,1.000000e-03,HDF5,5,2.410753e+00,9.304804e-02,6.371292e+02,2.231446e+01,2717853
nyx,temperature.f32,SZ2,0,2,64,1.000000e-03,HDF5,6,2.410753e+00,7.657977e-02,6.371292e+02,1.793977e+01,2717853
nyx,temperature.f32,SZ2,1,2,64,1.000000e-03,HDF5,7,2.410763e+00,5.998272e-02,6.453024e+02,1.441213e+01,2717853
nyx,temperature.f32,SZ2,0,2,64,1.000000e-03,HDF5,8,2.410753e+00,5.647636e-02,6.371292e+02,1.331997e+01,2717853
nyx,temperature.f32,SZ2,1,2,64,1.000000e-03,HDF5,9,2.410763e+00,4.452885e-02,6.453024e+02,1.026487e+01,2717853
nyx,temperature.f32,SZ2,0,2,64,1.000000e-03,NetCDF,0,2.410753e+00,6.162384e-02,6.371292e+02,1.351327e+01,2717853
nyx,temperature.f32,SZ2,1,2,64,1.000000e-03,NetCDF,1,2.410763e+00,7.845496e-02,6.453024e+02,1.893873e+01,2717853
nyx,temperature.f32,SZ2,0,2,64,1.000000e-03,NetCDF,2,2.410753e+00,4.840799e-02,6.371292e+02,1.094467e+01,2717853
nyx,temperature.f32,SZ2,0,2,64,1.000000e-03,NetCDF,3,2.410753e+00,6.525398e-02,6.371292e+02,1.471438e+01,2717853
nyx,temperature.f32,SZ2,1,2,64,1.000000e-03,NetCDF,4,2.410763e+00,6.368310e-02,6.453024e+02,1.505233e+01,2717853
nyx,temperature.f32,SZ2,0,2,64,1.000000e-03,NetCDF,5,2.410753e+00,6.184541e-02,6.371292e+02,1.441158e+01,2717853
nyx,temperature.f32,SZ2,1,2,64,1.000000e-03,NetCDF,6,2.410763e+00,4.741854e-02,6.453024e+02,1.098288e+01,2717853
nyx,temperature.f32,SZ2,0,2,64,1.000000e-03,NetCDF,7,2.410753e+00,5.746267e-02,6.371292e+02,1.329104e+01,2717853
nyx,temperature.f32,SZ2,1,2,64,1.000000e-03,NetCDF,8,2.410763e+00,5.635171e-02,6.453024e+02,1.285824e+01,2717853
nyx,temperature.f32,SZ2,1,2,64,1.000000e-03,NetCDF,9,2.410763e+00,5.957384e-02,6.453024e+02,1.364529e+01,2717853
nyx,temperature.f32,SZ2,0,2,64,1.000000e-03,NetCDF,9,2.410753e+00,5.957721e-02,6.371292e+02,1.354000e+01,2717853
nyx,temperature.f32,SZ3,1,2,64,1.000000e-03,HDF5,0,6.627846e+00,4.290492e-02,1.549596e+03,9.674109e+00,984854
nyx,temperature.f32,SZ3,1,2,64,1.000000e-03,HDF5,1,6.627846e+00,3.575680e-02,1.549596e+03,7.490948e+00,984854
nyx,temperature.f32,SZ3,0,2,64,1.000000e-03,HDF5,2,6.627846e+00,4.548963e-02,1.536569e+03,1.056418e+01,984854
nyx,temperature.f32,SZ3,1,2,64,1.000000e-03,HDF5,3,6.627846e+00,4.023930e-02,1.549596e+03,9.111609e+00,984854
nyx,temperature.f32,SZ3,1,2,64,1.000000e-03,HDF5,4,6.627846e+00,4.460598e-02,1.549596e+03,9.822424e+00,984854
nyx,temperature.f32,SZ3,0,2,64,1.000000e-03,HDF5,4,6.627846e+00,4.460853e-02,1.536569e+03,1.001365e+01,984854
nyx,temperature.f32,SZ3,0,2,64,1.000000e-03,HDF5,5,6.627846e+00,4.646648e-02,1.536569e+03,1.018222e+01,984854
nyx,temperature.f32,SZ3,1,2,64,1.000000e-03,HDF5,5,6.627846e+00,4.646103e-02,1.549596e+03,1.051017e+01,984854
nyx,temperature.f32,SZ3,0,2,64,1.000000e-03,HDF5,6,6.627846e+00,4.239731e-02,1.536569e+03,9.353247e+00,984854
nyx,temperature.f32,SZ3,1,2,64,1.000000e-03,HDF5,7,6.627846e+00,3.855157e-02,1.549596e+03,8.472574e+00,984854
nyx,temperature.f32,SZ3,1,2,64,1.000000e-03,HDF5,8,6.627846e+00,4.975970e-02,1.549596e+03,1.125742e+01,984854
nyx,temperature.f32,SZ3,1,2,64,1.000000e-03,HDF5,9,6.627846e+00,3.593629e-02,1.549596e+03,7.232159e+00,984854
nyx,temperature.f32,SZ3,1,2,64,1.000000e-03,NetCDF,0,6.627846e+00,4.391530e-02,1.549596e+03,9.527380e+00,984854
nyx,temperature.f32,SZ3,1,2,64,1.000000e-03,NetCDF,1,6.627846e+00,4.448969e-02,1.549596e+03,8.756081e+00,984854
nyx,temperature.f32,SZ3,0,2,64,1.000000e-03,NetCDF,2,6.627846e+00,7.340282e-02,1.536569e+03,1.744155e+01,984854
nyx,temperature.f32,SZ3,1,2,64,1.000000e-03,NetCDF,3,6.627846e+00,4.283461e-02,1.549596e+03,9.506812e+00,984854
nyx,temperature.f32,SZ3,0,2,64,1.000000e-03,NetCDF,4,6.627846e+00,4.902713e-02,1.536569e+03,1.079770e+01,984854
nyx,temperature.f32,SZ3,1,2,64,1.000000e-03,NetCDF,5,6.627846e+00,5.051659e-02,1.549596e+03,1.143308e+01,984854
nyx,temperature.f32,SZ3,1,2,64,1.000000e-03,NetCDF,6,6.627846e+00,4.873495e-02,1.549596e+03,1.068064e+01,984854
nyx,temperature.f32,SZ3,1,2,64,1.000000e-03,NetCDF,7,6.627846e+00,5.052244e-02,1.549596e+03,8.865150e+00,984854
nyx,temperature.f32,SZ3,1,2,64,1.000000e-03,NetCDF,8,6.627846e+00,5.171868e-02,1.549596e+03,9.476539e+00,984854
nyx,temperature.f32,SZ3,1,2,64,1.000000e-03,NetCDF,9,6.627846e+00,5.090230e-02,1.549596e+03,9.478980e+00,984854
nyx,temperature.f32,ZFP,0,2,64,1.000000e-03,HDF5,0,2.437433e+00,8.953459e-02,5.966768e+02,2.162305e+01,21233456
nyx,temperature.f32,ZFP,1,2,64,1.000000e-03,HDF5,1,2.437441e+00,5.156391e-02,5.990364e+02,1.238602e+01,21233456
nyx,temperature.f32,ZFP,0,2,64,1.000000e-03,HDF5,2,2.437433e+00,6.335446e-02,5.966768e+02,1.520534e+01,21233456
nyx,temperature.f32,ZFP,1,2,64,1.000000e-03,HDF5,3,2.437441e+00,5.708064e-02,5.990364e+02,1.376388e+01,21233456
nyx,temperature.f32,ZFP,0,2,64,1.000000e-03,HDF5,4,2.437433e+00,6.102798e-02,5.966768e+02,1.489370e+01,21233456
nyx,temperature.f32,ZFP,1,2,64,1.000000e-03,HDF5,5,2.437441e+00,6.069738e-02,5.990364e+02,1.458004e+01,21233456
nyx,temperature.f32,ZFP,0,2,64,1.000000e-03,HDF5,6,2.437433e+00,6.779055e-02,5.966768e+02,1.622054e+01,21233456
nyx,temperature.f32,ZFP,1,2,64,1.000000e-03,HDF5,7,2.437441e+00,7.857244e-02,5.990364e+02,1.904890e+01,21233456
nyx,temperature.f32,ZFP,0,2,64,1.000000e-03,HDF5,8,2.437433e+00,6.182693e-02,5.966768e+02,1.485000e+01,21233456
nyx,temperature.f32,ZFP,1,2,64,1.000000e-03,HDF5,9,2.437441e+00,6.633421e-02,5.990364e+02,1.539413e+01,21233456
nyx,temperature.f32,ZFP,0,2,64,1.000000e-03,NetCDF,0,2.437433e+00,1.725422e-01,5.966768e+02,4.230818e+01,21233456
nyx,temperature.f32,ZFP,1,2,64,1.000000e-03,NetCDF,1,2.437441e+00,2.170555e-01,5.990364e+02,5.057891e+01,21233456
nyx,temperature.f32,ZFP,0,2,64,1.000000e-03,NetCDF,2,2.437433e+00,1.485333e-01,5.966768e+02,3.551846e+01,21233456
nyx,temperature.f32,ZFP,1,2,64,1.000000e-03,NetCDF,3,2.437441e+00,1.578348e-01,5.990364e+02,3.857241e+01,21233456
nyx,temperature.f32,ZFP,1,2,64,1.000000e-03,NetCDF,4,2.437441e+00,1.599364e-01,5.990364e+02,3.897616e+01,21233456
nyx,temperature.f32,ZFP,0,2,64,1.000000e-03,NetCDF,5,2.437433e+00,1.720566e-01,5.966768e+02,4.231325e+01,21233456
nyx,temperature.f32,ZFP,1,2,64,1.000000e-03,NetCDF,6,2.437441e+00,1.575518e-01,5.990364e+02,3.840572e+01,21233456
nyx,temperature.f32,ZFP,0,2,64,1.000000e-03,NetCDF,7,2.437433e+00,1.644585e-01,5.966768e+02,4.020022e+01,21233456
nyx,temperature.f32,ZFP,0,2,64,1.000000e-03,NetCDF,8,2.437433e+00,1.471010e-01,5.966768e+02,3.513303e+01,21233456
nyx,temperature.f32,ZFP,1,2,64,1.000000e-03,NetCDF,9,2.437441e+00,1.760639e-01,5.990364e+02,4.374629e+01,21233456
nyx,temperature.f32,QoZ,0,2,64,1.000000e-03,HDF5,0,4.886794e+00,7.069634e-01,1.292616e+03,1.277384e+02,1243160
nyx,temperature.f32,QoZ,1,2,64,1.000000e-03,HDF5,1,4.886787e+00,4.475159e-02,1.315791e+03,9.955113e+00,1243160
nyx,temperature.f32,QoZ,0,2,64,1.000000e-03,HDF5,2,4.886794e+00,3.745889e-02,1.292616e+03,8.311807e+00,1243160
nyx,temperature.f32,QoZ,1,2,64,1.000000e-03,HDF5,3,4.886787e+00,3.474375e-02,1.315791e+03,7.815226e+00,1243160
nyx,temperature.f32,QoZ,0,2,64,1.000000e-03,HDF5,4,4.886794e+00,3.692569e-02,1.292616e+03,8.178996e+00,1243160
nyx,temperature.f32,QoZ,1,2,64,1.000000e-03,HDF5,5,4.886787e+00,4.022112e-02,1.315791e+03,9.233863e+00,1243160
nyx,temperature.f32,QoZ,0,2,64,1.000000e-03,HDF5,6,4.886794e+00,3.874950e-02,1.292616e+03,8.598976e+00,1243160
nyx,temperature.f32,QoZ,0,2,64,1.000000e-03,HDF5,7,4.886794e+00,3.387379e-02,1.292616e+03,7.487347e+00,1243160
nyx,temperature.f32,QoZ,1,2,64,1.000000e-03,HDF5,8,4.886787e+00,3.253098e-02,1.315791e+03,7.140301e+00,1243160
nyx,temperature.f32,QoZ,0,2,64,1.000000e-03,HDF5,9,4.886794e+00,4.615235e-02,1.292616e+03,1.046219e+01,1243160
nyx,temperature.f32,QoZ,1,2,64,1.000000e-03,NetCDF,0,4.886787e+00,4.759519e-02,1.315791e+03,1.023471e+01,1243160
nyx,temperature.f32,QoZ,0,2,64,1.000000e-03,NetCDF,1,4.886794e+00,4.495599e-02,1.292616e+03,1.040781e+01,1243160
nyx,temperature.f32,QoZ,1,2,64,1.000000e-03,NetCDF,2,4.886787e+00,3.880069e-02,1.315791e+03,8.846474e+00,1243160
nyx,temperature.f32,QoZ,0,2,64,1.000000e-03,NetCDF,3,4.886794e+00,5.156980e-02,1.292616e+03,1.204831e+01,1243160
nyx,temperature.f32,QoZ,1,2,64,1.000000e-03,NetCDF,4,4.886787e+00,5.343118e-02,1.315791e+03,1.215860e+01,1243160
nyx,temperature.f32,QoZ,0,2,64,1.000000e-03,NetCDF,5,4.886794e+00,4.977346e-02,1.292616e+03,1.157041e+01,1243160
nyx,temperature.f32,QoZ,1,2,64,1.000000e-03,NetCDF,6,4.886787e+00,5.559823e-02,1.315791e+03,1.296872e+01,1243160
nyx,temperature.f32,QoZ,0,2,64,1.000000e-03,NetCDF,7,4.886794e+00,4.348405e-02,1.292616e+03,9.910680e+00,1243160
nyx,temperature.f32,QoZ,1,2,64,1.000000e-03,NetCDF,8,4.886787e+00,4.853804e-02,1.315791e+03,1.071573e+01,1243160
nyx,temperature.f32,QoZ,0,2,64,1.000000e-03,NetCDF,9,4.886794e+00,5.019167e-02,1.292616e+03,1.163437e+01,1243160
nyx,temperature.f32,SZ2,8,11,512,1.000000e-03,HDF5,0,2.615792e+00,2.382851e-01,7.943802e+02,6.726948e+01,2717853
nyx,temperature.f32,SZ2,10,11,512,1.000000e-03,HDF5,1,2.615798e+00,1.193983e-01,7.960720e+02,3.241465e+01,2717853
nyx,temperature.f32,SZ2,9,11,512,1.000000e-03,HDF5,2,2.615800e+00,8.923816e-02,7.871925e+02,1.941334e+01,2717853
nyx,temperature.f32,SZ2,1,10,512,1.000000e-03,HDF5,2,2.615805e+00,8.923687e-02,7.902520e+02,2.406055e+01,2717853
nyx,temperature.f32,SZ2,1,10,512,1.000000e-03,HDF5,3,2.615805e+00,8.297886e-02,7.902520e+02,2.133668e+01,2717853
nyx,temperature.f32,SZ2,6,11,512,1.000000e-03,HDF5,4,2.615807e+00,1.476621e-01,7.886299e+02,4.274147e+01,2717853
nyx,temperature.f32,SZ2,8,11,512,1.000000e-03,HDF5,5,2.615792e+00,9.653752e-02,7.943802e+02,2.245111e+01,2717853
nyx,temperature.f32,SZ2,0,10,512,1.000000e-03,HDF5,6,2.615724e+00,1.106739e-01,7.858516e+02,3.246201e+01,2717853
nyx,temperature.f32,SZ2,2,10,512,1.000000e-03,HDF5,7,2.615729e+00,2.047078e-01,7.886374e+02,5.955002e+01,2717853
nyx,temperature.f32,SZ2,1,10,512,1.000000e-03,HDF5,7,2.615805e+00,2.046986e-01,7.902520e+02,6.284426e+01,2717853
nyx,temperature.f32,SZ2,5,10,512,1.000000e-03,HDF5,8,2.615795e+00,9.678402e-02,7.968814e+02,2.172144e+01,2717853
nyx,temperature.f32,SZ2,3,10,512,1.000000e-03,HDF5,8,2.615791e+00,9.679071e-02,7.957502e+02,2.351288e+01,2717853
nyx,temperature.f32,SZ2,4,10,512,1.000000e-03,HDF5,9,2.615720e+00,9.046928e-02,7.813974e+02,1.874305e+01,2717853
nyx,temperature.f32,SZ2,2,10,512,1.000000e-03,NetCDF,0,2.615729e+00,1.208038e-01,7.886374e+02,3.224400e+01,2717853
nyx,temperature.f32,SZ2,10,11,512,1.000000e-03,NetCDF,1,2.615798e+00,1.053909e-01,7.960720e+02,2.744347e+01,2717853
nyx,temperature.f32,SZ2,3,10,512,1.000000e-03,NetCDF,1,2.615791e+00,1.053916e-01,7.957502e+02,2.768364e+01,2717853
nyx,temperature.f32,SZ2,6,11,512,1.000000e-03,NetCDF,2,2.615807e+00,1.833331e-01,7.886299e+02,5.551567e+01,2717853
nyx,temperature.f32,SZ2,5,10,512,1.000000e-03,NetCDF,3,2.615795e+00,1.649184e-01,7.968814e+02,4.387635e+01,2717853
nyx,temperature.f32,SZ2,5,10,512,1.000000e-03,NetCDF,4,2.615795e+00,1.314362e-01,7.968814e+02,3.418308e+01,2717853
nyx,temperature.f32,SZ2,10,11,512,1.000000e-03,NetCDF,5,2.615798e+00,1.075897e-01,7.960720e+02,2.927959e+01,2717853
nyx,temperature.f32,SZ2,6,11,512,1.000000e-03,NetCDF,6,2.615807e+00,9.457234e-02,7.886299e+02,2.461651e+01,2717853
nyx,temperature.f32,SZ2,10,11,512,1.000000e-03,NetCDF,7,2.615798e+00,1.574935e-01,7.960720e+02,4.491218e+01,2717853
nyx,temperature.f32,SZ2,3,10,512,1.000000e-03,NetCDF,8,2.615791e+00,1.299389e-01,7.957502e+02,3.605008e+01,2717853
nyx,temperature.f32,SZ2,0,10,512,1.000000e-03,NetCDF,9,2.615724e+00,1.098890e-01,7.858516e+02,3.074461e+01,2717853
nyx,temperature.f32,SZ3,7,11,512,1.000000e-03,HDF5,0,6.998864e+00,1.506280e-01,2.016427e+03,3.452176e+01,984854
nyx,temperature.f32,SZ3,10,11,512,1.000000e-03,HDF5,1,6.998850e+00,6.866417e-02,1.971649e+03,1.865962e+01,984854
nyx,temperature.f32,SZ3,4,10,512,1.000000e-03,HDF5,2,7.017423e+00,7.444795e-02,1.851693e+03,1.866902e+01,984854
nyx,temperature.f32,SZ3,2,10,512,1.000000e-03,HDF5,3,6.998851e+00,6.310939e-02,1.958132e+03,1.689205e+01,984854
nyx,temperature.f32,SZ3,4,10,512,1.000000e-03,HDF5,4,7.017423e+00,6.054915e-02,1.851693e+03,1.557454e+01,984854
nyx,temperature.f32,SZ3,6,11,512,1.000000e-03,HDF5,4,6.998871e+00,6.054417e-02,2.023767e+03,1.622768e+01,984854
nyx,temperature.f32,SZ3,2,10,512,1.000000e-03,HDF5,5,6.998851e+00,6.254313e-02,1.958132e+03,1.693093e+01,984854
nyx,temperature.f32,SZ3,6,11,512,1.000000e-03,HDF5,5,6.998871e+00,6.254345e-02,2.023767e+03,1.548428e+01,984854
nyx,temperature.f32,SZ3,2,10,512,1.000000e-03,HDF5,6,6.998851e+00,1.178801e-01,1.958132e+03,3.336686e+01,984854
nyx,temperature.f32,SZ3,6,11,512,1.000000e-03,HDF5,6,6.998871e+00,1.178776e-01,2.023767e+03,3.425150e+01,984854
nyx,temperature.f32,SZ3,1,10,512,1.000000e-03,HDF5,7,6.998875e+00,6.381066e-02,2.010403e+03,1.728560e+01,984854
nyx,temperature.f32,SZ3,6,11,512,1.000000e-03,HDF5,7,6.998871e+00,6.381037e-02,2.023767e+03,1.656777e+01,984854
nyx,temperature.f32,SZ3,10,11,512,1.000000e-03,HDF5,8,6.998850e+00,6.834842e-02,1.971649e+03,1.864320e+01,984854
nyx,temperature.f32,SZ3,8,11,512,1.000000e-03,HDF5,9,6.998856e+00,6.694962e-02,2.011093e+03,1.896364e+01,984854
nyx,temperature.f32,SZ3,10,11,512,1.000000e-03,NetCDF,0,6.998850e+00,9.642541e-02,1.971649e+03,2.647393e+01,984854
nyx,temperature.f32,SZ3,1,10,512,1.000000e-03,NetCDF,1,6.998875e+00,7.781501e-02,2.010403e+03,2.281592e+01,984854
nyx,temperature.f32,SZ3,6,11,512,1.000000e-03,NetCDF,2,6.998871e+00,6.354269e-02,2.023767e+03,1.814052e+01,984854
nyx,temperature.f32,SZ3,8,11,512,1.000000e-03,NetCDF,3,6.998856e+00,7.145883e-02,2.011093e+03,2.005305e+01,984854
nyx,temperature.f32,SZ3,5,10,512,1.000000e-03,NetCDF,3,6.998873e+00,7.146268e-02,1.968577e+03,1.998738e+01,984854
nyx,temperature.f32,SZ3,6,11,512,1.000000e-03,NetCDF,3,6.998871e+00,7.146273e-02,2.023767e+03,2.033180e+01,984854
nyx,temperature.f32,SZ3,5,10,512,1.000000e-03,NetCDF,4,6.998873e+00,5.913672e-02,1.968577e+03,1.553738e+01,984854
nyx,temperature.f32,SZ3,6,11,512,1.000000e-03,NetCDF,4,6.998871e+00,5.914711e-02,2.023767e+03,1.533877e+01,984854
nyx,temperature.f32,SZ3,10,11,512,1.000000e-03,NetCDF,5,6.998850e+00,6.791336e-02,1.971649e+03,1.862520e+01,984854
nyx,temperature.f32,SZ3,6,11,512,1.000000e-03,NetCDF,5,6.998871e+00,6.791652e-02,2.023767e+03,1.763161e+01,984854
nyx,temperature.f32,SZ3,0,10,512,1.000000e-03,NetCDF,6,6.998873e+00,6.212253e-02,2.021129e+03,1.733833e+01,984854
nyx,temperature.f32,SZ3,6,11,512,1.000000e-03,NetCDF,6,6.998871e+00,6.211947e-02,2.023767e+03,1.584578e+01,984854
nyx,temperature.f32,SZ3,2,10,512,1.000000e-03,NetCDF,7,6.998851e+00,7.874416e-02,1.958132e+03,2.145270e+01,984854
nyx,temperature.f32,SZ3,5,10,512,1.000000e-03,NetCDF,8,6.998873e+00,6.575327e-02,1.968577e+03,1.771547e+01,984854
nyx,temperature.f32,SZ3,4,10,512,1.000000e-03,NetCDF,9,7.017423e+00,6.941838e-02,1.851693e+03,1.844453e+01,984854
nyx,temperature.f32,ZFP,10,11,512,1.000000e-03,HDF5,0,2.465771e+00,4.482319e-01,7.388427e+02,1.281132e+02,21233456
nyx,temperature.f32,ZFP,1,10,512,1.000000e-03,HDF5,0,2.465801e+00,4.482651e-01,7.424484e+02,1.338610e+02,21233456
nyx,temperature.f32,ZFP,2,10,512,1.000000e-03,HDF5,1,2.465769e+00,4.605293e-01,7.379468e+02,1.279259e+02,21233456
nyx,temperature.f32,ZFP,2,10,512,1.000000e-03,HDF5,2,2.465769e+00,3.916302e-01,7.379468e+02,1.150341e+02,21233456
nyx,temperature.f32,ZFP,8,11,512,1.000000e-03,HDF5,2,2.465752e+00,3.915715e-01,7.489947e+02,1.132411e+02,21233456
nyx,temperature.f32,ZFP,4,10,512,1.000000e-03,HDF5,3,2.465745e+00,4.772305e-01,6.908195e+02,1.222333e+02,21233456
nyx,temperature.f32,ZFP,2,10,512,1.000000e-03,HDF5,4,2.465769e+00,3.873955e-01,7.379468e+02,1.092254e+02,21233456
nyx,temperature.f32,ZFP,2,10,512,1.000000e-03,HDF5,5,2.465769e+00,3.740208e-01,7.379468e+02,1.088626e+02,21233456
nyx,temperature.f32,ZFP,3,10,512,1.000000e-03,HDF5,6,2.465801e+00,4.690441e-01,7.514272e+02,1.302777e+02,21233456
nyx,temperature.f32,ZFP,6,11,512,1.000000e-03,HDF5,7,2.465769e+00,5.043877e-01,7.473626e+02,1.520180e+02,21233456
nyx,temperature.f32,ZFP,3,10,512,1.000000e-03,HDF5,8,2.465801e+00,4.793857e-01,7.514272e+02,1.261347e+02,21233456
nnyx,temperature.f32,ZFP,4,10,512,1.000000e-03,HDF5,8,2.465745e+00,4.793935e-01,6.908195e+02,1.147162e+02,21233456
nyx,temperature.f32,ZFP,8,11,512,1.000000e-03,HDF5,8,2.465752e+00,4.793884e-01,7.489947e+02,1.261218e+02,21233456
nyx,temperature.f32,ZFP,5,10,512,1.000000e-03,HDF5,9,2.465743e+00,4.684047e-01,7.424748e+02,1.100835e+02,21233456
nyx,temperature.f32,ZFP,8,11,512,1.000000e-03,HDF5,9,2.465752e+00,4.684282e-01,7.489947e+02,1.348735e+02,21233456
nyx,temperature.f32,ZFP,1,10,512,1.000000e-03,NetCDF,0,2.465801e+00,4.078173e-01,7.424484e+02,1.214857e+02,21233456
nyx,temperature.f32,ZFP,7,11,512,1.000000e-03,NetCDF,0,2.465766e+00,4.077275e-01,7.480011e+02,1.073269e+02,21233456
nyx,temperature.f32,ZFP,3,10,512,1.000000e-03,NetCDF,1,2.465801e+00,4.211876e-01,7.514272e+02,1.262670e+02,21233456
nyx,temperature.f32,ZFP,7,11,512,1.000000e-03,NetCDF,1,2.465766e+00,4.228427e-01,7.480011e+02,1.132539e+02,21233456
nyx,temperature.f32,ZFP,5,10,512,1.000000e-03,NetCDF,2,2.465743e+00,3.983651e-01,7.424748e+02,1.124111e+02,21233456
nyx,temperature.f32,ZFP,6,11,512,1.000000e-03,NetCDF,2,2.465769e+00,3.983219e-01,7.473626e+02,1.199349e+02,21233456
nyx,temperature.f32,ZFP,2,10,512,1.000000e-03,NetCDF,3,2.465769e+00,4.765173e-01,7.379468e+02,1.413160e+02,21233456
nyx,temperature.f32,ZFP,7,11,512,1.000000e-03,NetCDF,3,2.465766e+00,4.765957e-01,7.480011e+02,1.337932e+02,21233456
nyx,temperature.f32,ZFP,2,10,512,1.000000e-03,NetCDF,4,2.465769e+00,4.021007e-01,7.379468e+02,1.154220e+02,21233456
nyx,temperature.f32,ZFP,7,11,512,1.000000e-03,NetCDF,4,2.465766e+00,4.019981e-01,7.480011e+02,1.156966e+02,21233456
nyx,temperature.f32,ZFP,6,11,512,1.000000e-03,NetCDF,5,2.465769e+00,4.874893e-01,7.473626e+02,1.450317e+02,21233456
nyx,temperature.f32,ZFP,4,10,512,1.000000e-03,NetCDF,6,2.465745e+00,3.756163e-01,6.908195e+02,9.575525e+01,21233456
nyx,temperature.f32,ZFP,2,10,512,1.000000e-03,NetCDF,7,2.465769e+00,3.858959e-01,7.379468e+02,1.135546e+02,21233456
nyx,temperature.f32,ZFP,0,10,512,1.000000e-03,NetCDF,8,2.465791e+00,4.865331e-01,7.454365e+02,1.373514e+02,21233456
nyx,temperature.f32,ZFP,4,10,512,1.000000e-03,NetCDF,9,2.465745e+00,5.027132e-01,6.908195e+02,1.358165e+02,21233456
nyx,temperature.f32,ZFP,3,10,512,1.000000e-03,NetCDF,9,2.465801e+00,5.026549e-01,7.514272e+02,1.514917e+02,21233456
nyx,temperature.f32,ZFP,9,11,512,1.000000e-03,NetCDF,9,2.465752e+00,5.026190e-01,7.127517e+02,1.415403e+02,21233456
nyx,temperature.f32,QoZ,9,11,512,1.000000e-03,HDF5,0,5.452060e+00,4.679931e-01,1.638214e+03,1.313296e+02,1243160
nyx,temperature.f32,QoZ,10,11,512,1.000000e-03,HDF5,1,5.452040e+00,7.014212e-02,1.645905e+03,1.710738e+01,1243160
nyx,temperature.f32,QoZ,4,10,512,1.000000e-03,HDF5,2,5.452071e+00,5.858777e-02,1.635668e+03,1.293051e+01,1243160
nyx,temperature.f32,QoZ,7,11,512,1.000000e-03,HDF5,2,5.452059e+00,5.858331e-02,1.643262e+03,1.469454e+01,1243160
nyx,temperature.f32,QoZ,8,11,512,1.000000e-03,HDF5,2,5.452041e+00,5.857807e-02,1.646501e+03,1.456124e+01,1243160
nyx,temperature.f32,QoZ,9,11,512,1.000000e-03,HDF5,2,5.452060e+00,5.858543e-02,1.638214e+03,1.487630e+01,1243160
nyx,temperature.f32,QoZ,7,11,512,1.000000e-03,HDF5,3,5.452059e+00,6.509297e-02,1.643262e+03,1.705318e+01,1243160
nyx,temperature.f32,QoZ,8,11,512,1.000000e-03,HDF5,3,5.452041e+00,6.509206e-02,1.646501e+03,1.532058e+01,1243160
nyx,temperature.f32,QoZ,3,10,512,1.000000e-03,HDF5,3,5.452076e+00,6.509267e-02,1.649067e+03,1.090714e+01,1243160
nyx,temperature.f32,QoZ,5,10,512,1.000000e-03,HDF5,4,5.452051e+00,6.170584e-02,1.645152e+03,1.546603e+01,1243160
nyx,temperature.f32,QoZ,2,10,512,1.000000e-03,HDF5,4,5.452056e+00,6.171020e-02,1.646030e+03,1.265811e+01,1243160
nyx,temperature.f32,QoZ,3,10,512,1.000000e-03,HDF5,4,5.452076e+00,6.170957e-02,1.649067e+03,1.032035e+01,1243160
nyx,temperature.f32,QoZ,8,11,512,1.000000e-03,HDF5,5,5.452041e+00,6.604219e-02,1.646501e+03,1.791841e+01,1243160
nyx,temperature.f32,QoZ,7,11,512,1.000000e-03,HDF5,5,5.452059e+00,6.606352e-02,1.643262e+03,1.801961e+01,1243160
nyx,temperature.f32,QoZ,9,11,512,1.000000e-03,HDF5,5,5.452060e+00,6.604410e-02,1.638214e+03,1.470528e+01,1243160
nyx,temperature.f32,QoZ,10,11,512,1.000000e-03,HDF5,6,5.452040e+00,6.084327e-02,1.645905e+03,1.647524e+01,1243160
nyx,temperature.f32,QoZ,7,11,512,1.000000e-03,HDF5,6,5.452059e+00,6.084397e-02,1.643262e+03,1.515646e+01,1243160
nyx,temperature.f32,QoZ,6,11,512,1.000000e-03,HDF5,7,5.452054e+00,6.710909e-02,1.630801e+03,1.920674e+01,1243160
nyx,temperature.f32,QoZ,7,11,512,1.000000e-03,HDF5,7,5.452059e+00,6.711378e-02,1.643262e+03,1.729518e+01,1243160
nyx,temperature.f32,QoZ,3,10,512,1.000000e-03,HDF5,8,5.452076e+00,6.164176e-02,1.649067e+03,1.702352e+01,1243160
nyx,temperature.f32,QoZ,7,11,512,1.000000e-03,HDF5,8,5.452059e+00,6.164184e-02,1.643262e+03,1.536507e+01,1243160
nyx,temperature.f32,QoZ,10,11,512,1.000000e-03,HDF5,9,5.452040e+00,6.331261e-02,1.645905e+03,1.708510e+01,1243160
nyx,temperature.f32,QoZ,8,11,512,1.000000e-03,HDF5,9,5.452041e+00,6.330999e-02,1.646501e+03,1.722255e+01,1243160
nyx,temperature.f32,QoZ,2,10,512,1.000000e-03,HDF5,9,5.452056e+00,6.331456e-02,1.646030e+03,1.657460e+01,1243160
nyx,temperature.f32,QoZ,5,10,512,1.000000e-03,NetCDF,0,5.452051e+00,7.425786e-02,1.645152e+03,1.906416e+01,1243160
nyx,temperature.f32,QoZ,8,11,512,1.000000e-03,NetCDF,0,5.452041e+00,7.425454e-02,1.646501e+03,1.930330e+01,1243160
nyx,temperature.f32,QoZ,9,11,512,1.000000e-03,NetCDF,0,5.452060e+00,7.425599e-02,1.638214e+03,1.859248e+01,1243160
nyx,temperature.f32,QoZ,2,10,512,1.000000e-03,NetCDF,0,5.452056e+00,7.426324e-02,1.646030e+03,1.628725e+01,1243160
nyx,temperature.f32,QoZ,3,10,512,1.000000e-03,NetCDF,1,5.452076e+00,7.165332e-02,1.649067e+03,1.768160e+01,1243160
nyx,temperature.f32,QoZ,10,11,512,1.000000e-03,NetCDF,1,5.452040e+00,7.166003e-02,1.645905e+03,1.853279e+01,1243160
nyx,temperature.f32,QoZ,6,11,512,1.000000e-03,NetCDF,2,5.452054e+00,6.693609e-02,1.630801e+03,1.843233e+01,1243160
nyx,temperature.f32,QoZ,10,11,512,1.000000e-03,NetCDF,2,5.452040e+00,6.693280e-02,1.645905e+03,1.466775e+01,1243160
nyx,temperature.f32,QoZ,6,11,512,1.000000e-03,NetCDF,3,5.452054e+00,6.438513e-02,1.630801e+03,1.790803e+01,1243160
nyx,temperature.f32,QoZ,10,11,512,1.000000e-03,NetCDF,3,5.452040e+00,6.438749e-02,1.645905e+03,1.364773e+01,1243160
nyx,temperature.f32,QoZ,0,10,512,1.000000e-03,NetCDF,4,5.452093e+00,8.138850e-02,1.640225e+03,2.402563e+01,1243160
nyx,temperature.f32,QoZ,10,11,512,1.000000e-03,NetCDF,4,5.452040e+00,8.137873e-02,1.645905e+03,2.011353e+01,1243160
nyx,temperature.f32,QoZ,5,10,512,1.000000e-03,NetCDF,5,5.452051e+00,6.551494e-02,1.645152e+03,1.562160e+01,1243160
yx,temperature.f32,QoZ,6,11,512,1.000000e-03,NetCDF,5,5.452054e+00,6.551029e-02,1.630801e+03,1.767824e+01,1243160
nyx,temperature.f32,QoZ,6,11,512,1.000000e-03,NetCDF,6,5.452054e+00,6.429096e-02,1.630801e+03,1.814424e+01,1243160
nyx,temperature.f32,QoZ,0,10,512,1.000000e-03,NetCDF,7,5.452093e+00,6.930398e-02,1.640225e+03,1.928511e+01,1243160
nyx,temperature.f32,QoZ,8,11,512,1.000000e-03,NetCDF,8,5.452041e+00,7.613313e-02,1.646501e+03,2.027546e+01,1243160
nyx,temperature.f32,QoZ,10,11,512,1.000000e-03,NetCDF,9,5.452040e+00,7.939452e-02,1.645905e+03,2.202454e+01,1243160
nyx,temperature.f32,SZ2,0,1,32,1.000000e-03,HDF5,0,2.440007e+00,6.870877e-02,6.811118e+02,1.527773e+01,2717853
nyx,temperature.f32,SZ2,0,1,32,1.000000e-03,HDF5,1,2.440007e+00,3.927255e-02,6.811118e+02,8.923744e+00,2717853
nyx,temperature.f32,SZ2,0,1,32,1.000000e-03,HDF5,2,2.440007e+00,3.940567e-02,6.811118e+02,9.270301e+00,2717853
nyx,temperature.f32,SZ2,0,1,32,1.000000e-03,HDF5,3,2.440007e+00,4.584843e-02,6.811118e+02,1.110568e+01,2717853
nyx,temperature.f32,SZ2,0,1,32,1.000000e-03,HDF5,4,2.440007e+00,4.845147e-02,6.811118e+02,1.190341e+01,2717853
nyx,temperature.f32,SZ2,0,1,32,1.000000e-03,HDF5,5,2.440007e+00,4.323585e-02,6.811118e+02,1.020719e+01,2717853
nyx,temperature.f32,SZ2,0,1,32,1.000000e-03,HDF5,6,2.440007e+00,4.416507e-02,6.811118e+02,1.083896e+01,2717853
nyx,temperature.f32,SZ2,0,1,32,1.000000e-03,HDF5,7,2.440007e+00,3.767419e-02,6.811118e+02,8.661355e+00,2717853
nyx,temperature.f32,SZ2,0,1,32,1.000000e-03,HDF5,8,2.440007e+00,3.882884e-02,6.811118e+02,9.062904e+00,2717853
nyx,temperature.f32,SZ2,0,1,32,1.000000e-03,HDF5,9,2.440007e+00,5.308641e-02,6.811118e+02,1.260489e+01,2717853
nyx,temperature.f32,SZ2,0,1,32,1.000000e-03,NetCDF,0,2.440007e+00,6.362618e-02,6.811118e+02,1.424514e+01,2717853
nyx,temperature.f32,SZ2,0,1,32,1.000000e-03,NetCDF,1,2.440007e+00,6.544824e-02,6.811118e+02,1.572451e+01,2717853
nyx,temperature.f32,SZ2,0,1,32,1.000000e-03,NetCDF,2,2.440007e+00,7.167632e-02,6.811118e+02,1.735018e+01,2717853
nyx,temperature.f32,SZ2,0,1,32,1.000000e-03,NetCDF,3,2.440007e+00,5.223050e-02,6.811118e+02,1.256631e+01,2717853
nyx,temperature.f32,SZ2,0,1,32,1.000000e-03,NetCDF,4,2.440007e+00,5.139120e-02,6.811118e+02,1.224972e+01,2717853
nyx,temperature.f32,SZ2,0,1,32,1.000000e-03,NetCDF,5,2.440007e+00,7.008485e-02,6.811118e+02,1.639479e+01,2717853
nyx,temperature.f32,SZ2,0,1,32,1.000000e-03,NetCDF,6,2.440007e+00,5.193485e-02,6.811118e+02,1.192185e+01,2717853
nyx,temperature.f32,SZ2,0,1,32,1.000000e-03,NetCDF,7,2.440007e+00,5.356302e-02,6.811118e+02,1.278140e+01,2717853
nyx,temperature.f32,SZ2,0,1,32,1.000000e-03,NetCDF,8,2.440007e+00,6.366867e-02,6.811118e+02,1.532412e+01,2717853
nyx,temperature.f32,SZ2,0,1,32,1.000000e-03,NetCDF,9,2.440007e+00,5.839741e-02,6.811118e+02,1.415402e+01,2717853
nyx,temperature.f32,SZ3,0,1,32,1.000000e-03,HDF5,0,6.776937e+00,3.829038e-02,1.683913e+03,9.214393e+00,984854
nyx,temperature.f32,SZ3,0,1,32,1.000000e-03,HDF5,1,6.776937e+00,3.195332e-02,1.683913e+03,7.143231e+00,984854
nyx,temperature.f32,SZ3,0,1,32,1.000000e-03,HDF5,2,6.776937e+00,4.455089e-02,1.683913e+03,1.054129e+01,984854
nyx,temperature.f32,SZ3,0,1,32,1.000000e-03,HDF5,3,6.776937e+00,4.443761e-02,1.683913e+03,1.021354e+01,984854
nyx,temperature.f32,SZ3,0,1,32,1.000000e-03,HDF5,4,6.776937e+00,4.235398e-02,1.683913e+03,8.710854e+00,984854
nyx,temperature.f32,SZ3,0,1,32,1.000000e-03,HDF5,5,6.776937e+00,4.819861e-02,1.683913e+03,8.922768e+00,984854
nyx,temperature.f32,SZ3,0,1,32,1.000000e-03,HDF5,6,6.776937e+00,3.913926e-02,1.683913e+03,7.937906e+00,984854
nyx,temperature.f32,SZ3,0,1,32,1.000000e-03,HDF5,7,6.776937e+00,5.202098e-02,1.683913e+03,1.144974e+01,984854
nyx,temperature.f32,SZ3,0,1,32,1.000000e-03,HDF5,8,6.776937e+00,4.261065e-02,1.683913e+03,8.901588e+00,984854
nyx,temperature.f32,SZ3,0,1,32,1.000000e-03,HDF5,9,6.776937e+00,3.312574e-02,1.683913e+03,6.809310e+00,984854
nyx,temperature.f32,SZ3,0,1,32,1.000000e-03,NetCDF,0,6.776937e+00,3.817147e-02,1.683913e+03,7.747721e+00,984854
nyx,temperature.f32,SZ3,0,1,32,1.000000e-03,NetCDF,1,6.776937e+00,3.763020e-02,1.683913e+03,7.530072e+00,984854
nyx,temperature.f32,SZ3,0,1,32,1.000000e-03,NetCDF,2,6.776937e+00,5.148634e-02,1.683913e+03,1.101431e+01,984854
nyx,temperature.f32,SZ3,0,1,32,1.000000e-03,NetCDF,3,6.776937e+00,4.385420e-02,1.683913e+03,8.684975e+00,984854
nyx,temperature.f32,SZ3,0,1,32,1.000000e-03,NetCDF,4,6.776937e+00,4.637714e-02,1.683913e+03,1.009513e+01,984854
nyx,temperature.f32,SZ3,0,1,32,1.000000e-03,NetCDF,5,6.776937e+00,5.043363e-02,1.683913e+03,1.117014e+01,984854
nyx,temperature.f32,SZ3,0,1,32,1.000000e-03,NetCDF,6,6.776937e+00,5.006583e-02,1.683913e+03,1.075077e+01,984854
nyx,temperature.f32,SZ3,0,1,32,1.000000e-03,NetCDF,7,6.776937e+00,4.249263e-02,1.683913e+03,9.105445e+00,984854
nyx,temperature.f32,SZ3,0,1,32,1.000000e-03,NetCDF,8,6.776937e+00,5.748419e-02,1.683913e+03,1.313736e+01,984854
nyx,temperature.f32,SZ3,0,1,32,1.000000e-03,NetCDF,9,6.776937e+00,4.229634e-02,1.683913e+03,8.788185e+00,984854
nyx,temperature.f32,ZFP,0,1,32,1.000000e-03,HDF5,0,2.432073e+00,8.367601e-02,6.258616e+02,2.092756e+01,21233456
nyx,temperature.f32,ZFP,0,1,32,1.000000e-03,HDF5,1,2.432073e+00,6.604774e-02,6.258616e+02,1.672981e+01,21233456
nyx,temperature.f32,ZFP,0,1,32,1.000000e-03,HDF5,2,2.432073e+00,5.330130e-02,6.258616e+02,1.308328e+01,21233456
nyx,temperature.f32,ZFP,0,1,32,1.000000e-03,HDF5,3,2.432073e+00,5.470638e-02,6.258616e+02,1.360958e+01,21233456
nyx,temperature.f32,ZFP,0,1,32,1.000000e-03,HDF5,4,2.432073e+00,5.126188e-02,6.258616e+02,1.263656e+01,21233456
nyx,temperature.f32,ZFP,0,1,32,1.000000e-03,HDF5,5,2.432073e+00,5.564659e-02,6.258616e+02,1.372763e+01,21233456
nyx,temperature.f32,ZFP,0,1,32,1.000000e-03,HDF5,6,2.432073e+00,1.324141e-01,6.258616e+02,3.432889e+01,21233456
nyx,temperature.f32,ZFP,0,1,32,1.000000e-03,HDF5,7,2.432073e+00,8.184094e-02,6.258616e+02,2.063807e+01,21233456
nyx,temperature.f32,ZFP,0,1,32,1.000000e-03,HDF5,8,2.432073e+00,6.375094e-02,6.258616e+02,1.603664e+01,21233456
nyx,temperature.f32,ZFP,0,1,32,1.000000e-03,HDF5,9,2.432073e+00,9.755665e-02,6.258616e+02,2.316321e+01,21233456
nyx,temperature.f32,ZFP,0,1,32,1.000000e-03,NetCDF,0,2.432073e+00,1.627625e-01,6.258616e+02,4.082747e+01,21233456
nyx,temperature.f32,ZFP,0,1,32,1.000000e-03,NetCDF,1,2.432073e+00,1.483961e-01,6.258616e+02,3.721341e+01,21233456
nyx,temperature.f32,ZFP,0,1,32,1.000000e-03,NetCDF,2,2.432073e+00,1.647155e-01,6.258616e+02,4.049489e+01,21233456
nyx,temperature.f32,ZFP,0,1,32,1.000000e-03,NetCDF,3,2.432073e+00,1.809082e-01,6.258616e+02,4.623523e+01,21233456
nyx,temperature.f32,ZFP,0,1,32,1.000000e-03,NetCDF,4,2.432073e+00,1.481607e-01,6.258616e+02,3.722622e+01,21233456
nyx,temperature.f32,ZFP,0,1,32,1.000000e-03,NetCDF,5,2.432073e+00,1.541802e-01,6.258616e+02,3.904696e+01,21233456
nyx,temperature.f32,ZFP,0,1,32,1.000000e-03,NetCDF,6,2.432073e+00,3.066859e-01,6.258616e+02,7.709050e+01,21233456
nyx,temperature.f32,ZFP,0,1,32,1.000000e-03,NetCDF,7,2.432073e+00,1.529082e-01,6.258616e+02,3.855038e+01,21233456
nyx,temperature.f32,ZFP,0,1,32,1.000000e-03,NetCDF,8,2.432073e+00,1.494525e-01,6.258616e+02,3.738974e+01,21233456
nyx,temperature.f32,ZFP,0,1,32,1.000000e-03,NetCDF,9,2.432073e+00,1.866973e-01,6.258616e+02,4.533729e+01,21233456
nyx,temperature.f32,QoZ,0,1,32,1.000000e-03,HDF5,0,4.440339e+00,4.721414e-01,1.239087e+03,9.337031e+01,1243160
nyx,temperature.f32,QoZ,0,1,32,1.000000e-03,HDF5,1,4.440339e+00,5.024152e-02,1.239087e+03,1.203268e+01,1243160
nyx,temperature.f32,QoZ,0,1,32,1.000000e-03,HDF5,2,4.440339e+00,3.857739e-02,1.239087e+03,9.105629e+00,1243160
nyx,temperature.f32,QoZ,0,1,32,1.000000e-03,HDF5,3,4.440339e+00,4.547435e-02,1.239087e+03,1.059366e+01,1243160
nyx,temperature.f32,QoZ,0,1,32,1.000000e-03,HDF5,4,4.440339e+00,4.168004e-02,1.239087e+03,8.945352e+00,1243160
nyx,temperature.f32,QoZ,0,1,32,1.000000e-03,HDF5,5,4.440339e+00,3.608850e-02,1.239087e+03,6.990277e+00,1243160
nyx,temperature.f32,QoZ,0,1,32,1.000000e-03,HDF5,6,4.440339e+00,3.895403e-02,1.239087e+03,7.549053e+00,1243160
nyx,temperature.f32,QoZ,0,1,32,1.000000e-03,HDF5,7,4.440339e+00,5.207129e-02,1.239087e+03,1.249606e+01,1243160
nyx,temperature.f32,QoZ,0,1,32,1.000000e-03,HDF5,8,4.440339e+00,3.953421e-02,1.239087e+03,9.258766e+00,1243160
nyx,temperature.f32,QoZ,0,1,32,1.000000e-03,HDF5,9,4.440339e+00,3.209480e-02,1.239087e+03,7.353802e+00,1243160
nyx,temperature.f32,QoZ,0,1,32,1.000000e-03,NetCDF,0,4.440339e+00,5.721596e-02,1.239087e+03,1.390298e+01,1243160
nyx,temperature.f32,QoZ,0,1,32,1.000000e-03,NetCDF,1,4.440339e+00,4.081207e-02,1.239087e+03,9.584754e+00,1243160
nyx,temperature.f32,QoZ,0,1,32,1.000000e-03,NetCDF,2,4.440339e+00,4.721068e-02,1.239087e+03,1.142276e+01,1243160
nyx,temperature.f32,QoZ,0,1,32,1.000000e-03,NetCDF,3,4.440339e+00,5.705296e-02,1.239087e+03,1.354025e+01,1243160
nyx,temperature.f32,QoZ,0,1,32,1.000000e-03,NetCDF,4,4.440339e+00,5.601970e-02,1.239087e+03,1.333438e+01,1243160
nyx,temperature.f32,QoZ,0,1,32,1.000000e-03,NetCDF,5,4.440339e+00,4.411239e-02,1.239087e+03,9.986975e+00,1243160
nyx,temperature.f32,QoZ,0,1,32,1.000000e-03,NetCDF,6,4.440339e+00,4.840397e-02,1.239087e+03,1.155777e+01,1243160
nyx,temperature.f32,QoZ,0,1,32,1.000000e-03,NetCDF,7,4.440339e+00,4.757078e-02,1.239087e+03,1.141061e+01,1243160
nyx,temperature.f32,QoZ,0,1,32,1.000000e-03,NetCDF,8,4.440339e+00,5.700782e-02,1.239087e+03,1.361459e+01,1243160
nyx,temperature.f32,QoZ,0,1,32,1.000000e-03,NetCDF,9,4.440339e+00,5.458137e-02,1.239087e+03,1.296420e+01,1243160
nyx,temperature.f32,SZ2,0,1,16,1.000000e-03,HDF5,0,2.390492e+00,6.148524e-02,4.970050e+02,1.038077e+01,2717853
nyx,temperature.f32,SZ2,0,1,16,1.000000e-03,HDF5,1,2.390492e+00,3.561707e-02,4.970050e+02,6.216537e+00,2717853
nyx,temperature.f32,SZ2,0,1,16,1.000000e-03,HDF5,2,2.390492e+00,3.362056e-02,4.970050e+02,6.149460e+00,2717853
nyx,temperature.f32,SZ2,0,1,16,1.000000e-03,HDF5,3,2.390492e+00,4.107434e-02,4.970050e+02,7.580608e+00,2717853
nyx,temperature.f32,SZ2,0,1,16,1.000000e-03,HDF5,4,2.390492e+00,4.955030e-02,4.970050e+02,8.974220e+00,2717853
nyx,temperature.f32,SZ2,0,1,16,1.000000e-03,HDF5,5,2.390492e+00,3.140160e-02,4.970050e+02,5.295030e+00,2717853
nyx,temperature.f32,SZ2,0,1,16,1.000000e-03,HDF5,6,2.390492e+00,4.537404e-02,4.970050e+02,7.991618e+00,2717853
nyx,temperature.f32,SZ2,0,1,16,1.000000e-03,HDF5,7,2.390492e+00,2.344647e-02,4.970050e+02,4.322620e+00,2717853
nyx,temperature.f32,SZ2,0,1,16,1.000000e-03,HDF5,8,2.390492e+00,2.219243e-02,4.970050e+02,4.070790e+00,2717853
nyx,temperature.f32,SZ2,0,1,16,1.000000e-03,HDF5,9,2.390492e+00,4.219418e-02,4.970050e+02,7.753886e+00,2717853
nyx,temperature.f32,SZ2,0,1,16,1.000000e-03,NetCDF,0,2.390492e+00,5.277047e-02,4.970050e+02,9.258887e+00,2717853
nyx,temperature.f32,SZ2,0,1,16,1.000000e-03,NetCDF,1,2.390492e+00,4.459477e-02,4.970050e+02,8.317179e+00,2717853
nyx,temperature.f32,SZ2,0,1,16,1.000000e-03,NetCDF,2,2.390492e+00,4.717956e-02,4.970050e+02,8.702676e+00,2717853
nyx,temperature.f32,SZ2,0,1,16,1.000000e-03,NetCDF,3,2.390492e+00,4.311440e-02,4.970050e+02,8.046062e+00,2717853
nyx,temperature.f32,SZ2,0,1,16,1.000000e-03,NetCDF,4,2.390492e+00,4.193446e-02,4.970050e+02,7.599285e+00,2717853
nyx,temperature.f32,SZ2,0,1,16,1.000000e-03,NetCDF,5,2.390492e+00,4.346592e-02,4.970050e+02,8.104472e+00,2717853
nyx,temperature.f32,SZ2,0,1,16,1.000000e-03,NetCDF,6,2.390492e+00,4.404569e-02,4.970050e+02,8.140054e+00,2717853
nyx,temperature.f32,SZ2,0,1,16,1.000000e-03,NetCDF,7,2.390492e+00,4.632361e-02,4.970050e+02,8.658058e+00,2717853
nyx,temperature.f32,SZ2,0,1,16,1.000000e-03,NetCDF,8,2.390492e+00,5.220165e-02,4.970050e+02,9.611914e+00,2717853
nyx,temperature.f32,SZ2,0,1,16,1.000000e-03,NetCDF,9,2.390492e+00,3.475625e-02,4.970050e+02,6.514692e+00,2717853
nyx,temperature.f32,SZ3,0,1,16,1.000000e-03,HDF5,0,6.464195e+00,4.916822e-02,1.248061e+03,8.860694e+00,984854
nyx,temperature.f32,SZ3,0,1,16,1.000000e-03,HDF5,1,6.464195e+00,3.830761e-02,1.248061e+03,6.686324e+00,984854
nyx,temperature.f32,SZ3,0,1,16,1.000000e-03,HDF5,2,6.464195e+00,4.683047e-02,1.248061e+03,8.469826e+00,984854
nyx,temperature.f32,SZ3,0,1,16,1.000000e-03,HDF5,3,6.464195e+00,2.975337e-02,1.248061e+03,5.306444e+00,984854
nyx,temperature.f32,SZ3,0,1,16,1.000000e-03,HDF5,4,6.464195e+00,4.231064e-02,1.248061e+03,7.824748e+00,984854
nyx,temperature.f32,SZ3,0,1,16,1.000000e-03,HDF5,5,6.464195e+00,1.773641e-02,1.248061e+03,3.091911e+00,984854
nyx,temperature.f32,SZ3,0,1,16,1.000000e-03,HDF5,6,6.464195e+00,1.785129e-02,1.248061e+03,3.016166e+00,984854
nyx,temperature.f32,SZ3,0,1,16,1.000000e-03,HDF5,7,6.464195e+00,4.260424e-02,1.248061e+03,7.846172e+00,984854
nyx,temperature.f32,SZ3,0,1,16,1.000000e-03,HDF5,8,6.464195e+00,4.845410e-02,1.248061e+03,8.988563e+00,984854
nyx,temperature.f32,SZ3,0,1,16,1.000000e-03,HDF5,9,6.464195e+00,3.297913e-02,1.248061e+03,5.506822e+00,984854
nyx,temperature.f32,SZ3,0,1,16,1.000000e-03,NetCDF,0,6.464195e+00,4.229179e-02,1.248061e+03,7.447674e+00,984854
nyx,temperature.f32,SZ3,0,1,16,1.000000e-03,NetCDF,1,6.464195e+00,5.024110e-02,1.248061e+03,9.150184e+00,984854
nyx,temperature.f32,SZ3,0,1,16,1.000000e-03,NetCDF,2,6.464195e+00,3.809560e-02,1.248061e+03,6.773908e+00,984854
nyx,temperature.f32,SZ3,0,1,16,1.000000e-03,NetCDF,3,6.464195e+00,3.833811e-02,1.248061e+03,7.153180e+00,984854
nyx,temperature.f32,SZ3,0,1,16,1.000000e-03,NetCDF,4,6.464195e+00,3.364384e-02,1.248061e+03,5.922897e+00,984854
nyx,temperature.f32,SZ3,0,1,16,1.000000e-03,NetCDF,5,6.464195e+00,3.291807e-02,1.248061e+03,6.064742e+00,984854
nyx,temperature.f32,SZ3,0,1,16,1.000000e-03,NetCDF,6,6.464195e+00,4.761165e-02,1.248061e+03,8.669046e+00,984854
nyx,temperature.f32,SZ3,0,1,16,1.000000e-03,NetCDF,7,6.464195e+00,2.812008e-02,1.248061e+03,4.882861e+00,984854
nyx,temperature.f32,SZ3,0,1,16,1.000000e-03,NetCDF,8,6.464195e+00,3.527200e-02,1.248061e+03,6.349654e+00,984854
nyx,temperature.f32,SZ3,0,1,16,1.000000e-03,NetCDF,9,6.464195e+00,3.625950e-02,1.248061e+03,6.539169e+00,984854
nyx,temperature.f32,ZFP,0,1,16,1.000000e-03,HDF5,0,2.427587e+00,3.977042e-02,4.770026e+02,8.257303e+00,21233456
nyx,temperature.f32,ZFP,0,1,16,1.000000e-03,HDF5,1,2.427587e+00,4.571327e-02,4.770026e+02,8.958046e+00,21233456
nyx,temperature.f32,ZFP,0,1,16,1.000000e-03,HDF5,2,2.427587e+00,5.593690e-02,4.770026e+02,1.149918e+01,21233456
nyx,temperature.f32,ZFP,0,1,16,1.000000e-03,HDF5,3,2.427587e+00,4.127152e-02,4.770026e+02,8.539162e+00,21233456
nyx,temperature.f32,ZFP,0,1,16,1.000000e-03,HDF5,4,2.427587e+00,3.761910e-02,4.770026e+02,7.771953e+00,21233456
nyx,temperature.f32,ZFP,0,1,16,1.000000e-03,HDF5,5,2.427587e+00,4.729594e-02,4.770026e+02,9.741309e+00,21233456
nyx,temperature.f32,ZFP,0,1,16,1.000000e-03,HDF5,6,2.427587e+00,5.928987e-02,4.770026e+02,1.204269e+01,21233456
nyx,temperature.f32,ZFP,0,1,16,1.000000e-03,HDF5,7,2.427587e+00,4.491043e-02,4.770026e+02,9.214760e+00,21233456
nyx,temperature.f32,ZFP,0,1,16,1.000000e-03,HDF5,8,2.427587e+00,4.639906e-02,4.770026e+02,9.543616e+00,21233456
nyx,temperature.f32,ZFP,0,1,16,1.000000e-03,HDF5,9,2.427587e+00,4.509093e-02,4.770026e+02,9.282446e+00,21233456
nyx,temperature.f32,ZFP,0,1,16,1.000000e-03,NetCDF,0,2.427587e+00,1.597234e-01,4.770026e+02,3.164744e+01,21233456
nyx,temperature.f32,ZFP,0,1,16,1.000000e-03,NetCDF,1,2.427587e+00,1.499361e-01,4.770026e+02,2.964928e+01,21233456
nyx,temperature.f32,ZFP,0,1,16,1.000000e-03,NetCDF,2,2.427587e+00,1.393377e-01,4.770026e+02,2.768853e+01,21233456
nyx,temperature.f32,ZFP,0,1,16,1.000000e-03,NetCDF,3,2.427587e+00,1.435243e-01,4.770026e+02,2.847582e+01,21233456
nyx,temperature.f32,ZFP,0,1,16,1.000000e-03,NetCDF,4,2.427587e+00,1.463270e-01,4.770026e+02,2.837786e+01,21233456
nyx,temperature.f32,ZFP,0,1,16,1.000000e-03,NetCDF,5,2.427587e+00,1.533936e-01,4.770026e+02,3.028630e+01,21233456
nyx,temperature.f32,ZFP,0,1,16,1.000000e-03,NetCDF,6,2.427587e+00,1.411113e-01,4.770026e+02,2.822551e+01,21233456
nyx,temperature.f32,ZFP,0,1,16,1.000000e-03,NetCDF,7,2.427587e+00,1.369749e-01,4.770026e+02,2.702532e+01,21233456
nyx,temperature.f32,ZFP,0,1,16,1.000000e-03,NetCDF,8,2.427587e+00,1.492003e-01,4.770026e+02,2.969811e+01,21233456
nyx,temperature.f32,ZFP,0,1,16,1.000000e-03,NetCDF,9,2.427587e+00,1.478840e-01,4.770026e+02,2.940825e+01,21233456
nyx,temperature.f32,QoZ,0,1,16,1.000000e-03,HDF5,0,4.402897e+00,4.766852e-02,9.183339e+02,9.024208e+00,1243160
nyx,temperature.f32,QoZ,0,1,16,1.000000e-03,HDF5,1,4.402897e+00,3.168811e-02,9.183339e+02,5.551499e+00,1243160
nyx,temperature.f32,QoZ,0,1,16,1.000000e-03,HDF5,2,4.402897e+00,3.538485e-02,9.183339e+02,6.270248e+00,1243160
nyx,temperature.f32,QoZ,0,1,16,1.000000e-03,HDF5,3,4.402897e+00,4.677074e-02,9.183339e+02,8.810648e+00,1243160
nyx,temperature.f32,QoZ,0,1,16,1.000000e-03,HDF5,4,4.402897e+00,3.485116e-02,9.183339e+02,6.090500e+00,1243160
nyx,temperature.f32,QoZ,0,1,16,1.000000e-03,HDF5,5,4.402897e+00,3.223988e-02,9.183339e+02,5.732102e+00,1243160
nyx,temperature.f32,QoZ,0,1,16,1.000000e-03,HDF5,6,4.402897e+00,3.876053e-02,9.183339e+02,7.203961e+00,1243160
nyx,temperature.f32,QoZ,0,1,16,1.000000e-03,HDF5,7,4.402897e+00,1.742684e-02,9.183339e+02,2.878838e+00,1243160
nyx,temperature.f32,QoZ,0,1,16,1.000000e-03,HDF5,8,4.402897e+00,3.291432e-02,9.183339e+02,5.839646e+00,1243160
nyx,temperature.f32,QoZ,0,1,16,1.000000e-03,HDF5,9,4.402897e+00,3.116344e-02,9.183339e+02,5.646470e+00,1243160
nyx,temperature.f32,QoZ,0,1,16,1.000000e-03,NetCDF,0,4.402897e+00,5.585673e-02,9.183339e+02,1.047007e+01,1243160
nyx,temperature.f32,QoZ,0,1,16,1.000000e-03,NetCDF,1,4.402897e+00,3.791101e-02,9.183339e+02,6.869061e+00,1243160
nyx,temperature.f32,QoZ,0,1,16,1.000000e-03,NetCDF,2,4.402897e+00,2.964661e-02,9.183339e+02,5.296312e+00,1243160
nyx,temperature.f32,QoZ,0,1,16,1.000000e-03,NetCDF,3,4.402897e+00,3.731510e-02,9.183339e+02,6.646040e+00,1243160
nyx,temperature.f32,QoZ,0,1,16,1.000000e-03,NetCDF,4,4.402897e+00,3.894477e-02,9.183339e+02,6.971174e+00,1243160
nyx,temperature.f32,QoZ,0,1,16,1.000000e-03,NetCDF,5,4.402897e+00,5.326412e-02,9.183339e+02,9.858068e+00,1243160
nyx,temperature.f32,QoZ,0,1,16,1.000000e-03,NetCDF,6,4.402897e+00,3.820642e-02,9.183339e+02,6.712080e+00,1243160
nyx,temperature.f32,QoZ,0,1,16,1.000000e-03,NetCDF,7,4.402897e+00,3.696720e-02,9.183339e+02,6.674238e+00,1243160
nyx,temperature.f32,QoZ,0,1,16,1.000000e-03,NetCDF,8,4.402897e+00,5.297363e-02,9.183339e+02,9.860204e+00,1243160
nyx,temperature.f32,QoZ,0,1,16,1.000000e-03,NetCDF,9,4.402897e+00,3.889170e-02,9.183339e+02,7.124494e+00,1243160
nyx,temperature.f32,Original,0,1,16,1.000000e-03,HDF5,0,4.105907e-01,6.291342e-01,7.418261e+01,1.393374e+02,536870912
nyx,temperature.f32,Original,0,1,16,1.000000e-03,HDF5,1,4.105907e-01,6.237880e-01,7.418261e+01,1.401654e+02,536870912
nyx,temperature.f32,Original,0,1,16,1.000000e-03,HDF5,2,4.105907e-01,6.176879e-01,7.418261e+01,1.383750e+02,536870912
nyx,temperature.f32,Original,0,1,16,1.000000e-03,HDF5,3,4.105907e-01,6.353928e-01,7.418261e+01,1.429542e+02,536870912
nyx,temperature.f32,Original,0,1,16,1.000000e-03,HDF5,4,4.105907e-01,1.190181e+00,7.418261e+01,2.186892e+02,536870912
nyx,temperature.f32,Original,0,1,16,1.000000e-03,HDF5,5,4.105907e-01,1.643067e+00,7.418261e+01,3.176941e+02,536870912
nyx,temperature.f32,Original,0,1,16,1.000000e-03,HDF5,6,4.105907e-01,1.393344e+00,7.418261e+01,2.721604e+02,536870912
nyx,temperature.f32,Original,0,1,16,1.000000e-03,HDF5,7,4.105907e-01,1.049209e+00,7.418261e+01,2.306566e+02,536870912
nyx,temperature.f32,Original,0,1,16,1.000000e-03,HDF5,8,4.105907e-01,1.128468e+00,7.418261e+01,2.262623e+02,536870912
nyx,temperature.f32,Original,0,1,16,1.000000e-03,HDF5,9,4.105907e-01,1.122651e+00,7.418261e+01,2.361715e+02,536870912
nyx,temperature.f32,Original,0,1,32,1.000000e-03,HDF5,0,5.103582e-01,1.150000e+00,1.119470e+02,2.973846e+02,536870912
nyx,temperature.f32,Original,0,1,32,1.000000e-03,HDF5,1,5.103582e-01,1.116654e+00,1.119470e+02,2.871206e+02,536870912
nyx,temperature.f32,Original,0,1,32,1.000000e-03,HDF5,2,5.103582e-01,2.463802e+00,1.119470e+02,5.248375e+02,536870912
nyx,temperature.f32,Original,0,1,32,1.000000e-03,HDF5,3,5.103582e-01,1.368534e+00,1.119470e+02,3.450995e+02,536870912
nyx,temperature.f32,Original,0,1,32,1.000000e-03,HDF5,4,5.103582e-01,1.250507e+00,1.119470e+02,3.224796e+02,536870912
nyx,temperature.f32,Original,0,1,32,1.000000e-03,HDF5,5,5.103582e-01,1.747317e+00,1.119470e+02,4.294181e+02,536870912
nyx,temperature.f32,Original,0,1,32,1.000000e-03,HDF5,6,5.103582e-01,1.121607e+00,1.119470e+02,2.904180e+02,536870912
nyx,temperature.f32,Original,0,1,32,1.000000e-03,HDF5,7,5.103582e-01,2.203835e+00,1.119470e+02,4.655825e+02,536870912
nyx,temperature.f32,Original,0,1,32,1.000000e-03,HDF5,8,5.103582e-01,1.544758e+00,1.119470e+02,3.896454e+02,536870912
nyx,temperature.f32,Original,0,1,32,1.000000e-03,HDF5,9,5.103582e-01,1.153902e+00,1.119470e+02,2.953724e+02,536870912
nyx,temperature.f32,Original,1,2,64,1.000000e-03,HDF5,0,2.380595e+00,1.480002e+00,6.441122e+02,3.767814e+02,536870912
nyx,temperature.f32,Original,1,2,64,1.000000e-03,HDF5,1,2.380595e+00,1.283645e+00,6.441122e+02,3.225767e+02,536870912
nyx,temperature.f32,Original,0,2,64,1.000000e-03,HDF5,2,2.380645e+00,1.627987e+00,6.551917e+02,4.333791e+02,536870912
nyx,temperature.f32,Original,1,2,64,1.000000e-03,HDF5,3,2.380595e+00,1.467822e+00,6.441122e+02,3.748282e+02,536870912
nyx,temperature.f32,Original,1,2,64,1.000000e-03,HDF5,4,2.380595e+00,1.597313e+00,6.441122e+02,4.020399e+02,536870912
nyx,temperature.f32,Original,0,2,64,1.000000e-03,HDF5,4,2.380645e+00,1.597055e+00,6.551917e+02,3.934053e+02,536870912
nyx,temperature.f32,Original,1,2,64,1.000000e-03,HDF5,5,2.380595e+00,1.576620e+00,6.441122e+02,3.722629e+02,536870912
nyx,temperature.f32,Original,0,2,64,1.000000e-03,HDF5,6,2.380645e+00,1.370977e+00,6.551917e+02,3.447859e+02,536870912
nyx,temperature.f32,Original,0,2,64,1.000000e-03,HDF5,7,2.380645e+00,1.340784e+00,6.551917e+02,3.494774e+02,536870912
nyx,temperature.f32,Original,0,2,64,1.000000e-03,HDF5,8,2.380645e+00,1.494788e+00,6.551917e+02,3.670012e+02,536870912
nyx,temperature.f32,Original,0,2,64,1.000000e-03,HDF5,9,2.380645e+00,1.409897e+00,6.551917e+02,3.630907e+02,536870912
nyx,temperature.f32,Original,1,2,128,1.000000e-03,HDF5,0,9.535111e-01,2.074800e+00,3.009049e+02,6.010796e+02,536870912
nyx,temperature.f32,Original,0,2,128,1.000000e-03,HDF5,1,9.535428e-01,1.941870e+00,3.102255e+02,5.157589e+02,536870912
nyx,temperature.f32,Original,1,2,128,1.000000e-03,HDF5,2,9.535111e-01,1.605494e+00,3.009049e+02,4.168668e+02,536870912
nyx,temperature.f32,Original,0,2,128,1.000000e-03,HDF5,3,9.535428e-01,1.817383e+00,3.102255e+02,4.707101e+02,536870912
nyx,temperature.f32,Original,1,2,128,1.000000e-03,HDF5,4,9.535111e-01,1.766974e+00,3.009049e+02,4.689114e+02,536870912
nyx,temperature.f32,Original,2,3,128,1.000000e-03,HDF5,5,9.535151e-01,1.786149e+00,2.941648e+02,4.751649e+02,536870912
nyx,temperature.f32,Original,0,2,128,1.000000e-03,HDF5,6,9.535428e-01,2.031602e+00,3.102255e+02,5.232978e+02,536870912
nyx,temperature.f32,Original,1,2,128,1.000000e-03,HDF5,7,9.535111e-01,1.614126e+00,3.009049e+02,4.275060e+02,536870912
nyx,temperature.f32,Original,0,2,128,1.000000e-03,HDF5,8,9.535428e-01,1.651141e+00,3.102255e+02,4.457454e+02,536870912
nyx,temperature.f32,Original,1,2,128,1.000000e-03,HDF5,9,9.535111e-01,1.951133e+00,3.009049e+02,5.295040e+02,536870912
nyx,temperature.f32,Original,0,2,128,1.000000e-03,HDF5,9,9.535428e-01,1.951156e+00,3.102255e+02,5.356370e+02,536870912
nyx,temperature.f32,Original,5,6,256,1.000000e-03,HDF5,0,9.269230e-01,5.882430e+00,2.213279e+02,1.700340e+03,536870912
nyx,temperature.f32,Original,1,5,256,1.000000e-03,HDF5,0,9.269331e-01,5.882550e+00,2.122916e+02,1.679943e+03,536870912
nyx,temperature.f32,Original,0,5,256,1.000000e-03,HDF5,1,9.269911e-01,2.556478e+00,2.207649e+02,7.381317e+02,536870912
nyx,temperature.f32,Original,1,5,256,1.000000e-03,HDF5,2,9.269331e-01,3.729639e+00,2.122916e+02,1.078086e+03,536870912
nyx,temperature.f32,Original,4,6,256,1.000000e-03,HDF5,2,9.269197e-01,3.729725e+00,2.252406e+02,1.080192e+03,536870912
nyx,temperature.f32,Original,2,5,256,1.000000e-03,HDF5,3,9.269914e-01,3.966727e+00,2.126524e+02,1.160180e+03,536870912
nyx,temperature.f32,Original,0,5,256,1.000000e-03,HDF5,4,9.269911e-01,5.522609e+00,2.207649e+02,1.589624e+03,536870912
nyx,temperature.f32,Original,4,6,256,1.000000e-03,HDF5,4,9.269197e-01,5.522602e+00,2.252406e+02,1.547007e+03,536870912
nyx,temperature.f32,Original,4,6,256,1.000000e-03,HDF5,5,9.269197e-01,3.130841e+00,2.252406e+02,8.417383e+02,536870912
nyx,temperature.f32,Original,1,5,256,1.000000e-03,HDF5,5,9.269331e-01,3.130660e+00,2.122916e+02,8.829543e+02,536870912
nyx,temperature.f32,Original,3,5,256,1.000000e-03,HDF5,6,9.269262e-01,3.892836e+00,2.183094e+02,1.134558e+03,536870912
nyx,temperature.f32,Original,3,5,256,1.000000e-03,HDF5,7,9.269262e-01,5.138958e+00,2.183094e+02,1.475614e+03,536870912
nyx,temperature.f32,Original,1,5,256,1.000000e-03,HDF5,8,9.269331e-01,4.060541e+00,2.122916e+02,1.150547e+03,536870912
nyx,temperature.f32,Original,5,6,256,1.000000e-03,HDF5,9,9.269230e-01,5.702412e+00,2.213279e+02,1.626145e+03,536870912
nyx,temperature.f32,Original,4,6,256,1.000000e-03,HDF5,9,9.269197e-01,5.702418e+00,2.252406e+02,1.648305e+03,536870912
nyx,temperature.f32,Original,5,10,512,1.000000e-03,HDF5,0,1.011321e+00,1.060263e+01,2.599780e+02,3.122863e+03,536870912
nyx,temperature.f32,Original,7,11,512,1.000000e-03,HDF5,1,1.011323e+00,8.765227e+00,2.223918e+02,2.553564e+03,536870912
nyx,temperature.f32,Original,5,10,512,1.000000e-03,HDF5,1,1.011321e+00,8.765264e+00,2.599780e+02,2.579350e+03,536870912
nyx,temperature.f32,Original,4,10,512,1.000000e-03,HDF5,2,1.011394e+00,1.027214e+01,2.455499e+02,3.013535e+03,536870912
nyx,temperature.f32,Original,4,10,512,1.000000e-03,HDF5,3,1.011394e+00,8.551681e+00,2.455499e+02,2.505908e+03,536870912
nyx,temperature.f32,Original,7,11,512,1.000000e-03,HDF5,3,1.011323e+00,8.551769e+00,2.223918e+02,2.490578e+03,536870912
nyx,temperature.f32,Original,3,10,512,1.000000e-03,HDF5,4,1.011324e+00,9.356531e+00,2.527998e+02,2.776383e+03,536870912
nyx,temperature.f32,Original,1,10,512,1.000000e-03,HDF5,5,1.011312e+00,9.433146e+00,2.395323e+02,2.741835e+03,536870912
nyx,temperature.f32,Original,7,11,512,1.000000e-03,HDF5,5,1.011323e+00,9.433366e+00,2.223918e+02,2.760601e+03,536870912
nyx,temperature.f32,Original,8,11,512,1.000000e-03,HDF5,6,1.011322e+00,1.019196e+01,2.289453e+02,2.963505e+03,536870912
nyx,temperature.f32,Original,6,11,512,1.000000e-03,HDF5,7,1.011324e+00,9.457300e+00,2.522252e+02,2.777662e+03,536870912
nyx,temperature.f32,Original,7,11,512,1.000000e-03,HDF5,7,1.011323e+00,9.457117e+00,2.223918e+02,2.769856e+03,536870912
nyx,temperature.f32,Original,7,11,512,1.000000e-03,HDF5,8,1.011323e+00,1.081900e+01,2.223918e+02,3.106818e+03,536870912
nyx,temperature.f32,Original,5,10,512,1.000000e-03,HDF5,8,1.011321e+00,1.081904e+01,2.599780e+02,3.204230e+03,536870912
nyx,temperature.f32,Original,1,10,512,1.000000e-03,HDF5,9,1.011312e+00,8.898028e+00,2.395323e+02,2.594443e+03,536870912
