hdf5,nyx/temperature.f32,SZx,0.100000,0,3.401878e-02,5.822433e+00,0.000000e+00
hdf5,nyx/temperature.f32,SZx,0.100000,1,2.339670e-02,3.832448e+00,0.000000e+00
hdf5,nyx/temperature.f32,SZx,0.100000,2,1.905756e-02,3.187553e+00,0.000000e+00
hdf5,nyx/temperature.f32,SZx,0.100000,3,2.019487e-02,3.385367e+00,0.000000e+00
hdf5,nyx/temperature.f32,SZx,0.100000,4,2.470064e-02,4.349843e+00,0.000000e+00
hdf5,nyx/temperature.f32,SZx,0.100000,5,2.657218e-02,4.543872e+00,0.000000e+00
hdf5,nyx/temperature.f32,SZx,0.100000,6,5.146740e-02,8.885292e+00,0.000000e+00
hdf5,nyx/temperature.f32,SZx,0.100000,7,2.254493e-02,3.915701e+00,0.000000e+00
hdf5,nyx/temperature.f32,SZx,0.100000,8,4.005034e-02,6.933759e+00,0.000000e+00
hdf5,nyx/temperature.f32,SZx,0.100000,9,3.847255e-02,6.683210e+00,0.000000e+00
netcdf,nyx/temperature.f32,SZx,0.100000,0,6.305819e-02,1.082975e+01,0.000000e+00
netcdf,nyx/temperature.f32,SZx,0.100000,1,5.397385e-02,9.353797e+00,0.000000e+00
netcdf,nyx/temperature.f32,SZx,0.100000,2,5.072916e-02,8.565164e+00,0.000000e+00
netcdf,nyx/temperature.f32,SZx,0.100000,3,6.306436e-02,1.114035e+01,0.000000e+00
netcdf,nyx/temperature.f32,SZx,0.100000,4,1.021177e-01,1.758003e+01,0.000000e+00
netcdf,nyx/temperature.f32,SZx,0.100000,5,4.707240e-02,8.111124e+00,0.000000e+00
netcdf,nyx/temperature.f32,SZx,0.100000,6,5.914560e-02,1.020560e+01,0.000000e+00
netcdf,nyx/temperature.f32,SZx,0.100000,7,1.061859e-01,1.826729e+01,0.000000e+00
netcdf,nyx/temperature.f32,SZx,0.100000,8,4.630685e-02,7.805461e+00,0.000000e+00
netcdf,nyx/temperature.f32,SZx,0.100000,9,4.712099e-02,8.074503e+00,0.000000e+00
hdf5,nyx/temperature.f32,SZx,0.010000,0,2.506567e-02,4.160023e+00,0.000000e+00
hdf5,nyx/temperature.f32,SZx,0.010000,1,2.652431e-02,4.591175e+00,0.000000e+00
hdf5,nyx/temperature.f32,SZx,0.010000,2,3.439129e-02,5.775314e+00,0.000000e+00
hdf5,nyx/temperature.f32,SZx,0.010000,3,2.314134e-02,4.163137e+00,0.000000e+00
hdf5,nyx/temperature.f32,SZx,0.010000,4,2.467035e-02,4.294118e+00,0.000000e+00
hdf5,nyx/temperature.f32,SZx,0.010000,5,2.482628e-02,4.316883e+00,0.000000e+00
hdf5,nyx/temperature.f32,SZx,0.010000,6,2.401392e-02,4.098744e+00,0.000000e+00
hdf5,nyx/temperature.f32,SZx,0.010000,7,3.127491e-02,5.418321e+00,0.000000e+00
hdf5,nyx/temperature.f32,SZx,0.010000,8,2.038596e-02,3.374320e+00,0.000000e+00
hdf5,nyx/temperature.f32,SZx,0.010000,9,3.207075e-02,5.397447e+00,0.000000e+00
netcdf,nyx/temperature.f32,SZx,0.010000,0,5.058375e-02,8.591104e+00,0.000000e+00
netcdf,nyx/temperature.f32,SZx,0.010000,1,5.073090e-02,8.728615e+00,0.000000e+00
netcdf,nyx/temperature.f32,SZx,0.010000,2,4.781881e-02,8.184733e+00,0.000000e+00
netcdf,nyx/temperature.f32,SZx,0.010000,3,5.066914e-02,8.675454e+00,0.000000e+00
netcdf,nyx/temperature.f32,SZx,0.010000,4,4.809995e-02,8.350016e+00,0.000000e+00
netcdf,nyx/temperature.f32,SZx,0.010000,5,6.103876e-02,1.051835e+01,0.000000e+00
netcdf,nyx/temperature.f32,SZx,0.010000,6,4.825192e-02,8.347269e+00,0.000000e+00
netcdf,nyx/temperature.f32,SZx,0.010000,7,4.979452e-02,8.624551e+00,0.000000e+00
netcdf,nyx/temperature.f32,SZx,0.010000,8,6.674308e-02,1.154300e+01,0.000000e+00
netcdf,nyx/temperature.f32,SZx,0.010000,9,4.950058e-02,8.592263e+00,0.000000e+00
hdf5,nyx/temperature.f32,SZx,0.001000,0,3.958370e-02,6.774885e+00,0.000000e+00
hdf5,nyx/temperature.f32,SZx,0.001000,1,3.267668e-02,5.866074e+00,0.000000e+00
hdf5,nyx/temperature.f32,SZx,0.001000,2,3.371060e-02,5.688889e+00,0.000000e+00
hdf5,nyx/temperature.f32,SZx,0.001000,3,2.910269e-02,4.878345e+00,0.000000e+00
hdf5,nyx/temperature.f32,SZx,0.001000,4,3.512114e-02,6.276168e+00,0.000000e+00
hdf5,nyx/temperature.f32,SZx,0.001000,5,2.892616e-02,4.988391e+00,0.000000e+00
hdf5,nyx/temperature.f32,SZx,0.001000,6,5.498712e-02,9.469519e+00,0.000000e+00
hdf5,nyx/temperature.f32,SZx,0.001000,7,3.255978e-02,5.590928e+00,0.000000e+00
hdf5,nyx/temperature.f32,SZx,0.001000,8,3.692122e-02,6.262557e+00,0.000000e+00
hdf5,nyx/temperature.f32,SZx,0.001000,9,3.347198e-02,5.772995e+00,0.000000e+00
netcdf,nyx/temperature.f32,SZx,0.001000,0,7.920043e-02,1.372384e+01,0.000000e+00
netcdf,nyx/temperature.f32,SZx,0.001000,1,7.183241e-02,1.223910e+01,0.000000e+00
netcdf,nyx/temperature.f32,SZx,0.001000,2,7.205898e-02,1.250247e+01,0.000000e+00
netcdf,nyx/temperature.f32,SZx,0.001000,3,7.508954e-02,1.292251e+01,0.000000e+00
netcdf,nyx/temperature.f32,SZx,0.001000,4,7.465651e-02,1.305710e+01,0.000000e+00
netcdf,nyx/temperature.f32,SZx,0.001000,5,7.248304e-02,1.271896e+01,0.000000e+00
netcdf,nyx/temperature.f32,SZx,0.001000,6,7.212227e-02,1.250992e+01,0.000000e+00
netcdf,nyx/temperature.f32,SZx,0.001000,7,7.323964e-02,1.266507e+01,0.000000e+00
netcdf,nyx/temperature.f32,SZx,0.001000,8,7.483693e-02,1.283658e+01,0.000000e+00
netcdf,nyx/temperature.f32,SZx,0.001000,9,7.322865e-02,1.268063e+01,0.000000e+00
hdf5,nyx/temperature.f32,SZx,0.000100,0,9.199903e-02,1.591658e+01,0.000000e+00
hdf5,nyx/temperature.f32,SZx,0.000100,1,8.879903e-02,1.537697e+01,0.000000e+00
hdf5,nyx/temperature.f32,SZx,0.000100,2,8.759938e-02,1.522811e+01,0.000000e+00
hdf5,nyx/temperature.f32,SZx,0.000100,3,8.745409e-02,1.522158e+01,0.000000e+00
hdf5,nyx/temperature.f32,SZx,0.000100,4,8.416516e-02,1.435079e+01,0.000000e+00
hdf5,nyx/temperature.f32,SZx,0.000100,5,8.808337e-02,1.527529e+01,0.000000e+00
hdf5,nyx/temperature.f32,SZx,0.000100,6,8.062021e-02,1.405282e+01,0.000000e+00
hdf5,nyx/temperature.f32,SZx,0.000100,7,6.670971e-02,1.151859e+01,0.000000e+00
hdf5,nyx/temperature.f32,SZx,0.000100,8,8.788181e-02,1.522469e+01,0.000000e+00
hdf5,nyx/temperature.f32,SZx,0.000100,9,8.607436e-02,1.494540e+01,0.000000e+00
netcdf,nyx/temperature.f32,SZx,0.000100,0,2.064617e-01,3.597958e+01,0.000000e+00
netcdf,nyx/temperature.f32,SZx,0.000100,1,2.631422e-01,4.630890e+01,0.000000e+00
netcdf,nyx/temperature.f32,SZx,0.000100,2,2.187096e-01,3.804806e+01,0.000000e+00
netcdf,nyx/temperature.f32,SZx,0.000100,3,2.112966e-01,3.677292e+01,0.000000e+00
netcdf,nyx/temperature.f32,SZx,0.000100,4,2.158110e-01,3.740872e+01,0.000000e+00
netcdf,nyx/temperature.f32,SZx,0.000100,5,1.966656e-01,3.425504e+01,0.000000e+00
netcdf,nyx/temperature.f32,SZx,0.000100,6,1.816888e-01,3.154667e+01,0.000000e+00
netcdf,nyx/temperature.f32,SZx,0.000100,7,1.811025e-01,3.149345e+01,0.000000e+00
netcdf,nyx/temperature.f32,SZx,0.000100,8,1.838675e-01,3.176304e+01,0.000000e+00
netcdf,nyx/temperature.f32,SZx,0.000100,9,1.849535e-01,3.200675e+01,0.000000e+00
hdf5,nyx/temperature.f32,SZx,0.000010,0,1.138424e-01,1.960865e+01,0.000000e+00
hdf5,nyx/temperature.f32,SZx,0.000010,1,1.187957e-01,2.048292e+01,0.000000e+00
hdf5,nyx/temperature.f32,SZx,0.000010,2,1.137285e-01,1.975264e+01,0.000000e+00
hdf5,nyx/temperature.f32,SZx,0.000010,3,1.137467e-01,1.986695e+01,0.000000e+00
hdf5,nyx/temperature.f32,SZx,0.000010,4,1.098928e-01,1.921211e+01,0.000000e+00
hdf5,nyx/temperature.f32,SZx,0.000010,5,1.191611e-01,2.056843e+01,0.000000e+00
hdf5,nyx/temperature.f32,SZx,0.000010,6,1.131150e-01,1.946937e+01,0.000000e+00
hdf5,nyx/temperature.f32,SZx,0.000010,7,1.160812e-01,1.992073e+01,0.000000e+00
hdf5,nyx/temperature.f32,SZx,0.000010,8,1.097726e-01,1.921955e+01,0.000000e+00
hdf5,nyx/temperature.f32,SZx,0.000010,9,1.163424e-01,2.020930e+01,0.000000e+00
netcdf,nyx/temperature.f32,SZx,0.000010,0,2.352874e-01,4.087606e+01,0.000000e+00
netcdf,nyx/temperature.f32,SZx,0.000010,1,2.448265e-01,4.241066e+01,0.000000e+00
netcdf,nyx/temperature.f32,SZx,0.000010,2,2.404650e-01,4.158339e+01,0.000000e+00
netcdf,nyx/temperature.f32,SZx,0.000010,3,4.559083e-01,8.133689e+01,0.000000e+00
netcdf,nyx/temperature.f32,SZx,0.000010,4,2.401321e-01,4.180440e+01,0.000000e+00
netcdf,nyx/temperature.f32,SZx,0.000010,5,2.446893e-01,4.254487e+01,0.000000e+00
netcdf,nyx/temperature.f32,SZx,0.000010,6,2.483982e-01,4.295619e+01,0.000000e+00
netcdf,nyx/temperature.f32,SZx,0.000010,7,2.550081e-01,4.424354e+01,0.000000e+00
netcdf,nyx/temperature.f32,SZx,0.000010,8,2.374848e-01,4.136476e+01,0.000000e+00
netcdf,nyx/temperature.f32,SZx,0.000010,9,2.351756e-01,4.085475e+01,0.000000e+00
hdf5,nyx/temperature.f32,SZx,0.000001,0,1.438599e-01,2.512634e+01,0.000000e+00
hdf5,nyx/temperature.f32,SZx,0.000001,1,1.468995e-01,2.548901e+01,0.000000e+00
hdf5,nyx/temperature.f32,SZx,0.000001,2,1.370743e-01,2.389392e+01,0.000000e+00
hdf5,nyx/temperature.f32,SZx,0.000001,3,1.407292e-01,2.457147e+01,0.000000e+00
hdf5,nyx/temperature.f32,SZx,0.000001,4,1.431693e-01,2.488495e+01,0.000000e+00
hdf5,nyx/temperature.f32,SZx,0.000001,5,1.469712e-01,2.567749e+01,0.000000e+00
hdf5,nyx/temperature.f32,SZx,0.000001,6,1.418508e-01,2.472375e+01,0.000000e+00
hdf5,nyx/temperature.f32,SZx,0.000001,7,1.511733e-01,2.628765e+01,0.000000e+00
hdf5,nyx/temperature.f32,SZx,0.000001,8,1.485027e-01,2.571758e+01,0.000000e+00
hdf5,nyx/temperature.f32,SZx,0.000001,9,1.407658e-01,2.446039e+01,0.000000e+00
netcdf,nyx/temperature.f32,SZx,0.000001,0,2.974267e-01,5.134344e+01,0.000000e+00
netcdf,nyx/temperature.f32,SZx,0.000001,1,3.028840e-01,5.255877e+01,0.000000e+00
netcdf,nyx/temperature.f32,SZx,0.000001,2,3.091834e-01,5.423021e+01,0.000000e+00
netcdf,nyx/temperature.f32,SZx,0.000001,3,4.622621e-01,8.123551e+01,0.000000e+00
netcdf,nyx/temperature.f32,SZx,0.000001,4,2.997589e-01,5.196862e+01,0.000000e+00
netcdf,nyx/temperature.f32,SZx,0.000001,5,3.126306e-01,5.429008e+01,0.000000e+00
netcdf,nyx/temperature.f32,SZx,0.000001,6,2.985356e-01,5.176104e+01,0.000000e+00
netcdf,nyx/temperature.f32,SZx,0.000001,7,3.031675e-01,5.254949e+01,0.000000e+00
netcdf,nyx/temperature.f32,SZx,0.000001,8,3.083211e-01,5.344634e+01,0.000000e+00
netcdf,nyx/temperature.f32,SZx,0.000001,9,3.256457e-01,5.653696e+01,0.000000e+00
hdf5,s3d/stat_planar.1.1000E-03.field.d64,SZx,0.100000,0,2.233938e-01,3.886465e+01,0.000000e+00
hdf5,s3d/stat_planar.1.1000E-03.field.d64,SZx,0.100000,1,2.191715e-01,3.795699e+01,0.000000e+00
hdf5,s3d/stat_planar.1.1000E-03.field.d64,SZx,0.100000,2,2.108659e-01,3.666916e+01,0.000000e+00
hdf5,s3d/stat_planar.1.1000E-03.field.d64,SZx,0.100000,3,2.178796e-01,3.789309e+01,0.000000e+00
hdf5,s3d/stat_planar.1.1000E-03.field.d64,SZx,0.100000,4,2.108486e-01,3.657565e+01,0.000000e+00
hdf5,s3d/stat_planar.1.1000E-03.field.d64,SZx,0.100000,5,2.177384e-01,3.783749e+01,0.000000e+00
hdf5,s3d/stat_planar.1.1000E-03.field.d64,SZx,0.100000,6,2.124548e-01,3.676626e+01,0.000000e+00
hdf5,s3d/stat_planar.1.1000E-03.field.d64,SZx,0.100000,7,2.181114e-01,3.799404e+01,0.000000e+00
hdf5,s3d/stat_planar.1.1000E-03.field.d64,SZx,0.100000,8,2.139975e-01,3.705765e+01,0.000000e+00
hdf5,s3d/stat_planar.1.1000E-03.field.d64,SZx,0.100000,9,2.192149e-01,3.799240e+01,0.000000e+00
netcdf,s3d/stat_planar.1.1000E-03.field.d64,SZx,0.100000,0,4.760248e-01,8.264469e+01,0.000000e+00
netcdf,s3d/stat_planar.1.1000E-03.field.d64,SZx,0.100000,1,4.627691e-01,8.021207e+01,0.000000e+00
netcdf,s3d/stat_planar.1.1000E-03.field.d64,SZx,0.100000,2,4.558164e-01,7.926329e+01,0.000000e+00
netcdf,s3d/stat_planar.1.1000E-03.field.d64,SZx,0.100000,3,4.622499e-01,8.028391e+01,0.000000e+00
netcdf,s3d/stat_planar.1.1000E-03.field.d64,SZx,0.100000,4,4.594585e-01,7.974137e+01,0.000000e+00
netcdf,s3d/stat_planar.1.1000E-03.field.d64,SZx,0.100000,5,4.767478e-01,8.282993e+01,0.000000e+00
netcdf,s3d/stat_planar.1.1000E-03.field.d64,SZx,0.100000,6,4.617243e-01,8.079136e+01,0.000000e+00
netcdf,s3d/stat_planar.1.1000E-03.field.d64,SZx,0.100000,7,5.401776e-01,9.404688e+01,0.000000e+00
netcdf,s3d/stat_planar.1.1000E-03.field.d64,SZx,0.100000,8,4.731208e-01,8.220365e+01,0.000000e+00
netcdf,s3d/stat_planar.1.1000E-03.field.d64,SZx,0.100000,9,4.769717e-01,8.276029e+01,0.000000e+00
hdf5,s3d/stat_planar.1.1000E-03.field.d64,SZx,0.010000,0,2.303066e-01,4.009920e+01,0.000000e+00
hdf5,s3d/stat_planar.1.1000E-03.field.d64,SZx,0.010000,1,2.234109e-01,3.860958e+01,0.000000e+00
hdf5,s3d/stat_planar.1.1000E-03.field.d64,SZx,0.010000,2,2.221466e-01,3.842684e+01,0.000000e+00
hdf5,s3d/stat_planar.1.1000E-03.field.d64,SZx,0.010000,3,2.495211e-01,4.312678e+01,0.000000e+00
hdf5,s3d/stat_planar.1.1000E-03.field.d64,SZx,0.010000,4,2.258381e-01,3.915401e+01,0.000000e+00
hdf5,s3d/stat_planar.1.1000E-03.field.d64,SZx,0.010000,5,2.186663e-01,3.805386e+01,0.000000e+00
hdf5,s3d/stat_planar.1.1000E-03.field.d64,SZx,0.010000,6,2.376224e-01,4.129585e+01,0.000000e+00
hdf5,s3d/stat_planar.1.1000E-03.field.d64,SZx,0.010000,7,2.197581e-01,3.805984e+01,0.000000e+00
hdf5,s3d/stat_planar.1.1000E-03.field.d64,SZx,0.010000,8,2.196219e-01,3.820370e+01,0.000000e+00
hdf5,s3d/stat_planar.1.1000E-03.field.d64,SZx,0.010000,9,2.166647e-01,3.759970e+01,0.000000e+00
netcdf,s3d/stat_planar.1.1000E-03.field.d64,SZx,0.010000,0,4.806714e-01,8.359665e+01,0.000000e+00
netcdf,s3d/stat_planar.1.1000E-03.field.d64,SZx,0.010000,1,4.755898e-01,8.257895e+01,0.000000e+00
netcdf,s3d/stat_planar.1.1000E-03.field.d64,SZx,0.010000,2,4.807505e-01,8.326047e+01,0.000000e+00
netcdf,s3d/stat_planar.1.1000E-03.field.d64,SZx,0.010000,3,4.738540e-01,8.232682e+01,0.000000e+00
netcdf,s3d/stat_planar.1.1000E-03.field.d64,SZx,0.010000,4,4.814916e-01,8.347598e+01,0.000000e+00
netcdf,s3d/stat_planar.1.1000E-03.field.d64,SZx,0.010000,5,4.881453e-01,8.461050e+01,0.000000e+00
netcdf,s3d/stat_planar.1.1000E-03.field.d64,SZx,0.010000,6,4.952283e-01,8.587814e+01,0.000000e+00
netcdf,s3d/stat_planar.1.1000E-03.field.d64,SZx,0.010000,7,4.829161e-01,8.365018e+01,0.000000e+00
netcdf,s3d/stat_planar.1.1000E-03.field.d64,SZx,0.010000,8,4.809190e-01,8.335672e+01,0.000000e+00
netcdf,s3d/stat_planar.1.1000E-03.field.d64,SZx,0.010000,9,4.933295e-01,8.548098e+01,0.000000e+00
hdf5,s3d/stat_planar.1.1000E-03.field.d64,SZx,0.001000,0,2.485748e-01,4.317140e+01,0.000000e+00
hdf5,s3d/stat_planar.1.1000E-03.field.d64,SZx,0.001000,1,2.600203e-01,4.486994e+01,0.000000e+00
hdf5,s3d/stat_planar.1.1000E-03.field.d64,SZx,0.001000,2,2.435738e-01,4.228853e+01,0.000000e+00
hdf5,s3d/stat_planar.1.1000E-03.field.d64,SZx,0.001000,3,2.431557e-01,4.213716e+01,0.000000e+00
hdf5,s3d/stat_planar.1.1000E-03.field.d64,SZx,0.001000,4,2.436051e-01,4.241743e+01,0.000000e+00
hdf5,s3d/stat_planar.1.1000E-03.field.d64,SZx,0.001000,5,2.438821e-01,4.245466e+01,0.000000e+00
hdf5,s3d/stat_planar.1.1000E-03.field.d64,SZx,0.001000,6,2.431532e-01,4.215492e+01,0.000000e+00
hdf5,s3d/stat_planar.1.1000E-03.field.d64,SZx,0.001000,7,2.599404e-01,4.515479e+01,0.000000e+00
hdf5,s3d/stat_planar.1.1000E-03.field.d64,SZx,0.001000,8,2.431386e-01,4.236690e+01,0.000000e+00
hdf5,s3d/stat_planar.1.1000E-03.field.d64,SZx,0.001000,9,2.411407e-01,4.200368e+01,0.000000e+00
netcdf,s3d/stat_planar.1.1000E-03.field.d64,SZx,0.001000,0,5.230284e-01,9.085322e+01,0.000000e+00
netcdf,s3d/stat_planar.1.1000E-03.field.d64,SZx,0.001000,1,5.266513e-01,9.118580e+01,0.000000e+00
netcdf,s3d/stat_planar.1.1000E-03.field.d64,SZx,0.001000,2,5.172587e-01,8.974965e+01,0.000000e+00
netcdf,s3d/stat_planar.1.1000E-03.field.d64,SZx,0.001000,3,5.430098e-01,9.421643e+01,0.000000e+00
netcdf,s3d/stat_planar.1.1000E-03.field.d64,SZx,0.001000,4,5.229515e-01,9.076942e+01,0.000000e+00
netcdf,s3d/stat_planar.1.1000E-03.field.d64,SZx,0.001000,5,5.341306e-01,9.260078e+01,0.000000e+00
netcdf,s3d/stat_planar.1.1000E-03.field.d64,SZx,0.001000,6,5.137774e-01,9.006019e+01,0.000000e+00
netcdf,s3d/stat_planar.1.1000E-03.field.d64,SZx,0.001000,7,5.275610e-01,9.174092e+01,0.000000e+00
netcdf,s3d/stat_planar.1.1000E-03.field.d64,SZx,0.001000,8,5.498531e-01,9.533942e+01,0.000000e+00
netcdf,s3d/stat_planar.1.1000E-03.field.d64,SZx,0.001000,9,5.403340e-01,9.368592e+01,0.000000e+00
hdf5,s3d/stat_planar.1.1000E-03.field.d64,SZx,0.000100,0,3.204784e-01,5.567393e+01,0.000000e+00
hdf5,s3d/stat_planar.1.1000E-03.field.d64,SZx,0.000100,1,3.003905e-01,5.223052e+01,0.000000e+00
hdf5,s3d/stat_planar.1.1000E-03.field.d64,SZx,0.000100,2,3.081321e-01,5.356627e+01,0.000000e+00
hdf5,s3d/stat_planar.1.1000E-03.field.d64,SZx,0.000100,3,3.180427e-01,5.518126e+01,0.000000e+00
hdf5,s3d/stat_planar.1.1000E-03.field.d64,SZx,0.000100,4,3.130754e-01,5.449107e+01,0.000000e+00
hdf5,s3d/stat_planar.1.1000E-03.field.d64,SZx,0.000100,5,2.877844e-01,5.006994e+01,0.000000e+00
hdf5,s3d/stat_planar.1.1000E-03.field.d64,SZx,0.000100,6,3.059031e-01,5.329326e+01,0.000000e+00
hdf5,s3d/stat_planar.1.1000E-03.field.d64,SZx,0.000100,7,2.988810e-01,5.191558e+01,0.000000e+00
hdf5,s3d/stat_planar.1.1000E-03.field.d64,SZx,0.000100,8,3.186324e-01,5.544487e+01,0.000000e+00
hdf5,s3d/stat_planar.1.1000E-03.field.d64,SZx,0.000100,9,2.978275e-01,5.161876e+01,0.000000e+00
netcdf,s3d/stat_planar.1.1000E-03.field.d64,SZx,0.000100,0,6.534368e-01,1.133369e+02,0.000000e+00
netcdf,s3d/stat_planar.1.1000E-03.field.d64,SZx,0.000100,1,6.506853e-01,1.126962e+02,0.000000e+00
netcdf,s3d/stat_planar.1.1000E-03.field.d64,SZx,0.000100,2,6.541052e-01,1.135814e+02,0.000000e+00
netcdf,s3d/stat_planar.1.1000E-03.field.d64,SZx,0.000100,3,6.689446e-01,1.159244e+02,0.000000e+00
netcdf,s3d/stat_planar.1.1000E-03.field.d64,SZx,0.000100,4,9.385007e-01,1.636040e+02,0.000000e+00
netcdf,s3d/stat_planar.1.1000E-03.field.d64,SZx,0.000100,5,6.463313e-01,1.121873e+02,0.000000e+00
netcdf,s3d/stat_planar.1.1000E-03.field.d64,SZx,0.000100,6,6.860089e-01,1.188530e+02,0.000000e+00
netcdf,s3d/stat_planar.1.1000E-03.field.d64,SZx,0.000100,7,6.501641e-01,1.127940e+02,0.000000e+00
netcdf,s3d/stat_planar.1.1000E-03.field.d64,SZx,0.000100,8,6.702198e-01,1.161661e+02,0.000000e+00
netcdf,s3d/stat_planar.1.1000E-03.field.d64,SZx,0.000100,9,6.477588e-01,1.124115e+02,0.000000e+00
hdf5,s3d/stat_planar.1.1000E-03.field.d64,SZx,0.000010,0,1.087244e+00,1.889423e+02,0.000000e+00
hdf5,s3d/stat_planar.1.1000E-03.field.d64,SZx,0.000010,1,1.123895e+00,1.952771e+02,0.000000e+00
hdf5,s3d/stat_planar.1.1000E-03.field.d64,SZx,0.000010,2,1.068891e+00,1.855246e+02,0.000000e+00
hdf5,s3d/stat_planar.1.1000E-03.field.d64,SZx,0.000010,3,1.128247e+00,1.959802e+02,0.000000e+00
hdf5,s3d/stat_planar.1.1000E-03.field.d64,SZx,0.000010,4,1.060787e+00,1.843203e+02,0.000000e+00
hdf5,s3d/stat_planar.1.1000E-03.field.d64,SZx,0.000010,5,1.188533e+00,2.064250e+02,0.000000e+00
hdf5,s3d/stat_planar.1.1000E-03.field.d64,SZx,0.000010,6,1.094695e+00,1.907037e+02,0.000000e+00
hdf5,s3d/stat_planar.1.1000E-03.field.d64,SZx,0.000010,7,1.139253e+00,1.975768e+02,0.000000e+00
hdf5,s3d/stat_planar.1.1000E-03.field.d64,SZx,0.000010,8,1.148759e+00,2.018327e+02,0.000000e+00
hdf5,s3d/stat_planar.1.1000E-03.field.d64,SZx,0.000010,9,1.120689e+00,1.945843e+02,0.000000e+00
netcdf,s3d/stat_planar.1.1000E-03.field.d64,SZx,0.000010,0,2.302316e+00,3.998067e+02,0.000000e+00
netcdf,s3d/stat_planar.1.1000E-03.field.d64,SZx,0.000010,1,2.371382e+00,4.135501e+02,0.000000e+00
netcdf,s3d/stat_planar.1.1000E-03.field.d64,SZx,0.000010,2,2.305148e+00,4.000759e+02,0.000000e+00
netcdf,s3d/stat_planar.1.1000E-03.field.d64,SZx,0.000010,3,2.463502e+00,4.282294e+02,0.000000e+00
netcdf,s3d/stat_planar.1.1000E-03.field.d64,SZx,0.000010,4,2.302131e+00,3.995486e+02,0.000000e+00
netcdf,s3d/stat_planar.1.1000E-03.field.d64,SZx,0.000010,5,2.336587e+00,4.056703e+02,0.000000e+00
netcdf,s3d/stat_planar.1.1000E-03.field.d64,SZx,0.000010,6,2.311643e+00,4.013888e+02,0.000000e+00
netcdf,s3d/stat_planar.1.1000E-03.field.d64,SZx,0.000010,7,2.364596e+00,4.117070e+02,0.000000e+00
netcdf,s3d/stat_planar.1.1000E-03.field.d64,SZx,0.000010,8,2.311918e+00,4.011647e+02,0.000000e+00
netcdf,s3d/stat_planar.1.1000E-03.field.d64,SZx,0.000010,9,2.351306e+00,4.080070e+02,0.000000e+00
hdf5,s3d/stat_planar.1.1000E-03.field.d64,SZx,0.000001,0,1.147362e+00,1.992588e+02,0.000000e+00
hdf5,s3d/stat_planar.1.1000E-03.field.d64,SZx,0.000001,1,1.120469e+00,1.947223e+02,0.000000e+00
hdf5,s3d/stat_planar.1.1000E-03.field.d64,SZx,0.000001,2,1.143798e+00,1.987290e+02,0.000000e+00
hdf5,s3d/stat_planar.1.1000E-03.field.d64,SZx,0.000001,3,1.178806e+00,2.046826e+02,0.000000e+00
hdf5,s3d/stat_planar.1.1000E-03.field.d64,SZx,0.000001,4,1.147007e+00,1.992467e+02,0.000000e+00
hdf5,s3d/stat_planar.1.1000E-03.field.d64,SZx,0.000001,5,1.128457e+00,1.958940e+02,0.000000e+00
hdf5,s3d/stat_planar.1.1000E-03.field.d64,SZx,0.000001,6,1.252790e+00,2.179967e+02,0.000000e+00
hdf5,s3d/stat_planar.1.1000E-03.field.d64,SZx,0.000001,7,1.120096e+00,1.946741e+02,0.000000e+00
hdf5,s3d/stat_planar.1.1000E-03.field.d64,SZx,0.000001,8,1.151611e+00,1.999012e+02,0.000000e+00
hdf5,s3d/stat_planar.1.1000E-03.field.d64,SZx,0.000001,9,1.135641e+00,1.972498e+02,0.000000e+00
netcdf,s3d/stat_planar.1.1000E-03.field.d64,SZx,0.000001,0,2.466558e+00,4.308527e+02,0.000000e+00
netcdf,s3d/stat_planar.1.1000E-03.field.d64,SZx,0.000001,1,2.388988e+00,4.146586e+02,0.000000e+00
netcdf,s3d/stat_planar.1.1000E-03.field.d64,SZx,0.000001,2,2.464808e+00,4.298192e+02,0.000000e+00
netcdf,s3d/stat_planar.1.1000E-03.field.d64,SZx,0.000001,3,2.385126e+00,4.140877e+02,0.000000e+00
netcdf,s3d/stat_planar.1.1000E-03.field.d64,SZx,0.000001,4,2.399110e+00,4.162054e+02,0.000000e+00
netcdf,s3d/stat_planar.1.1000E-03.field.d64,SZx,0.000001,5,2.320397e+00,4.041262e+02,0.000000e+00
netcdf,s3d/stat_planar.1.1000E-03.field.d64,SZx,0.000001,6,2.395890e+00,4.157153e+02,0.000000e+00
netcdf,s3d/stat_planar.1.1000E-03.field.d64,SZx,0.000001,7,2.382310e+00,4.135949e+02,0.000000e+00
netcdf,s3d/stat_planar.1.1000E-03.field.d64,SZx,0.000001,8,2.395387e+00,4.157367e+02,0.000000e+00
netcdf,s3d/stat_planar.1.1000E-03.field.d64,SZx,0.000001,9,2.374733e+00,4.122610e+02,0.000000e+00
hdf5,cesm/V_1_26_1800_3600.f32,SZx,0.100000,0,4.473561e-02,7.743144e+00,0.000000e+00
hdf5,cesm/V_1_26_1800_3600.f32,SZx,0.100000,1,4.385527e-02,7.531597e+00,0.000000e+00
hdf5,cesm/V_1_26_1800_3600.f32,SZx,0.100000,2,4.127174e-02,7.112470e+00,0.000000e+00
hdf5,cesm/V_1_26_1800_3600.f32,SZx,0.100000,3,3.987578e-02,6.786055e+00,0.000000e+00
hdf5,cesm/V_1_26_1800_3600.f32,SZx,0.100000,4,4.040699e-02,6.948834e+00,0.000000e+00
hdf5,cesm/V_1_26_1800_3600.f32,SZx,0.100000,5,3.973182e-02,6.894147e+00,0.000000e+00
hdf5,cesm/V_1_26_1800_3600.f32,SZx,0.100000,6,6.479471e-02,1.104361e+01,0.000000e+00
hdf5,cesm/V_1_26_1800_3600.f32,SZx,0.100000,7,3.780943e-02,6.651900e+00,0.000000e+00
hdf5,cesm/V_1_26_1800_3600.f32,SZx,0.100000,8,3.729872e-02,6.515547e+00,0.000000e+00
hdf5,cesm/V_1_26_1800_3600.f32,SZx,0.100000,9,3.648723e-02,6.323593e+00,0.000000e+00
netcdf,cesm/V_1_26_1800_3600.f32,SZx,0.100000,0,8.847278e-02,1.548226e+01,0.000000e+00
netcdf,cesm/V_1_26_1800_3600.f32,SZx,0.100000,1,9.541222e-02,1.663118e+01,0.000000e+00
netcdf,cesm/V_1_26_1800_3600.f32,SZx,0.100000,2,1.092966e-01,1.872291e+01,0.000000e+00
netcdf,cesm/V_1_26_1800_3600.f32,SZx,0.100000,3,9.089055e-02,1.578493e+01,0.000000e+00
netcdf,cesm/V_1_26_1800_3600.f32,SZx,0.100000,4,8.475201e-02,1.459530e+01,0.000000e+00
netcdf,cesm/V_1_26_1800_3600.f32,SZx,0.100000,5,8.658995e-02,1.506423e+01,0.000000e+00
netcdf,cesm/V_1_26_1800_3600.f32,SZx,0.100000,6,9.261438e-02,1.624929e+01,0.000000e+00
netcdf,cesm/V_1_26_1800_3600.f32,SZx,0.100000,7,1.281822e-01,2.233234e+01,0.000000e+00
netcdf,cesm/V_1_26_1800_3600.f32,SZx,0.100000,8,9.584300e-02,1.665999e+01,0.000000e+00
netcdf,cesm/V_1_26_1800_3600.f32,SZx,0.100000,9,9.160237e-02,1.602846e+01,0.000000e+00
hdf5,cesm/V_1_26_1800_3600.f32,SZx,0.010000,0,7.990812e-02,1.388497e+01,0.000000e+00
hdf5,cesm/V_1_26_1800_3600.f32,SZx,0.010000,1,7.866558e-02,1.362228e+01,0.000000e+00
hdf5,cesm/V_1_26_1800_3600.f32,SZx,0.010000,2,7.341915e-02,1.271048e+01,0.000000e+00
hdf5,cesm/V_1_26_1800_3600.f32,SZx,0.010000,3,7.247119e-02,1.267496e+01,0.000000e+00
hdf5,cesm/V_1_26_1800_3600.f32,SZx,0.010000,4,5.834791e-02,1.001157e+01,0.000000e+00
hdf5,cesm/V_1_26_1800_3600.f32,SZx,0.010000,5,7.635881e-02,1.327017e+01,0.000000e+00
hdf5,cesm/V_1_26_1800_3600.f32,SZx,0.010000,6,7.469766e-02,1.301657e+01,0.000000e+00
hdf5,cesm/V_1_26_1800_3600.f32,SZx,0.010000,7,7.634352e-02,1.332089e+01,0.000000e+00
hdf5,cesm/V_1_26_1800_3600.f32,SZx,0.010000,8,7.413262e-02,1.289242e+01,0.000000e+00
hdf5,cesm/V_1_26_1800_3600.f32,SZx,0.010000,9,7.415310e-02,1.289541e+01,0.000000e+00
netcdf,cesm/V_1_26_1800_3600.f32,SZx,0.010000,0,2.311552e-01,4.062123e+01,0.000000e+00
netcdf,cesm/V_1_26_1800_3600.f32,SZx,0.010000,1,1.730047e-01,2.990349e+01,0.000000e+00
netcdf,cesm/V_1_26_1800_3600.f32,SZx,0.010000,2,2.531581e-01,4.456495e+01,0.000000e+00
netcdf,cesm/V_1_26_1800_3600.f32,SZx,0.010000,3,1.942056e-01,3.384977e+01,0.000000e+00
netcdf,cesm/V_1_26_1800_3600.f32,SZx,0.010000,4,1.732662e-01,3.006786e+01,0.000000e+00
netcdf,cesm/V_1_26_1800_3600.f32,SZx,0.010000,5,1.772655e-01,3.074931e+01,0.000000e+00
netcdf,cesm/V_1_26_1800_3600.f32,SZx,0.010000,6,1.748233e-01,3.011552e+01,0.000000e+00
netcdf,cesm/V_1_26_1800_3600.f32,SZx,0.010000,7,1.736302e-01,3.001219e+01,0.000000e+00
netcdf,cesm/V_1_26_1800_3600.f32,SZx,0.010000,8,1.731090e-01,3.001390e+01,0.000000e+00
netcdf,cesm/V_1_26_1800_3600.f32,SZx,0.010000,9,1.776399e-01,3.091490e+01,0.000000e+00
hdf5,cesm/V_1_26_1800_3600.f32,SZx,0.001000,0,1.339192e-01,2.320746e+01,0.000000e+00
hdf5,cesm/V_1_26_1800_3600.f32,SZx,0.001000,1,1.255719e-01,2.169684e+01,0.000000e+00
hdf5,cesm/V_1_26_1800_3600.f32,SZx,0.001000,2,1.285708e-01,2.242780e+01,0.000000e+00
hdf5,cesm/V_1_26_1800_3600.f32,SZx,0.001000,3,1.263508e-01,2.203614e+01,0.000000e+00
hdf5,cesm/V_1_26_1800_3600.f32,SZx,0.001000,4,1.274682e-01,2.223353e+01,0.000000e+00
hdf5,cesm/V_1_26_1800_3600.f32,SZx,0.001000,5,1.286845e-01,2.222187e+01,0.000000e+00
hdf5,cesm/V_1_26_1800_3600.f32,SZx,0.001000,6,1.972330e-01,3.475241e+01,0.000000e+00
hdf5,cesm/V_1_26_1800_3600.f32,SZx,0.001000,7,1.507991e-01,2.696703e+01,0.000000e+00
hdf5,cesm/V_1_26_1800_3600.f32,SZx,0.001000,8,1.334352e-01,2.391223e+01,0.000000e+00
hdf5,cesm/V_1_26_1800_3600.f32,SZx,0.001000,9,1.418932e-01,2.527954e+01,0.000000e+00
netcdf,cesm/V_1_26_1800_3600.f32,SZx,0.001000,0,2.878350e-01,5.197307e+01,0.000000e+00
netcdf,cesm/V_1_26_1800_3600.f32,SZx,0.001000,1,2.809772e-01,5.071154e+01,0.000000e+00
netcdf,cesm/V_1_26_1800_3600.f32,SZx,0.001000,2,4.888803e-01,8.549832e+01,0.000000e+00
netcdf,cesm/V_1_26_1800_3600.f32,SZx,0.001000,3,2.764833e-01,4.799097e+01,0.000000e+00
netcdf,cesm/V_1_26_1800_3600.f32,SZx,0.001000,4,2.687698e-01,4.682227e+01,0.000000e+00
netcdf,cesm/V_1_26_1800_3600.f32,SZx,0.001000,5,2.823425e-01,4.894043e+01,0.000000e+00
netcdf,cesm/V_1_26_1800_3600.f32,SZx,0.001000,6,2.707164e-01,4.709808e+01,0.000000e+00
netcdf,cesm/V_1_26_1800_3600.f32,SZx,0.001000,7,2.851654e-01,4.938146e+01,0.000000e+00
netcdf,cesm/V_1_26_1800_3600.f32,SZx,0.001000,8,5.890377e-01,1.061966e+02,0.000000e+00
netcdf,cesm/V_1_26_1800_3600.f32,SZx,0.001000,9,2.747706e-01,4.759076e+01,0.000000e+00
hdf5,cesm/V_1_26_1800_3600.f32,SZx,0.000100,0,1.777093e-01,3.090825e+01,0.000000e+00
hdf5,cesm/V_1_26_1800_3600.f32,SZx,0.000100,1,1.818792e-01,3.167057e+01,0.000000e+00
hdf5,cesm/V_1_26_1800_3600.f32,SZx,0.000100,2,1.656980e-01,2.871190e+01,0.000000e+00
hdf5,cesm/V_1_26_1800_3600.f32,SZx,0.000100,3,1.687637e-01,2.938902e+01,0.000000e+00
hdf5,cesm/V_1_26_1800_3600.f32,SZx,0.000100,4,1.646173e-01,2.853588e+01,0.000000e+00
hdf5,cesm/V_1_26_1800_3600.f32,SZx,0.000100,5,1.399894e-01,2.431073e+01,0.000000e+00
hdf5,cesm/V_1_26_1800_3600.f32,SZx,0.000100,6,1.695237e-01,2.941014e+01,0.000000e+00
hdf5,cesm/V_1_26_1800_3600.f32,SZx,0.000100,7,1.666477e-01,2.904271e+01,0.000000e+00
hdf5,cesm/V_1_26_1800_3600.f32,SZx,0.000100,8,1.606949e-01,2.793993e+01,0.000000e+00
hdf5,cesm/V_1_26_1800_3600.f32,SZx,0.000100,9,1.634131e-01,2.814989e+01,0.000000e+00
netcdf,cesm/V_1_26_1800_3600.f32,SZx,0.000100,0,6.270197e-01,1.113720e+02,0.000000e+00
netcdf,cesm/V_1_26_1800_3600.f32,SZx,0.000100,1,3.786290e-01,6.563277e+01,0.000000e+00
netcdf,cesm/V_1_26_1800_3600.f32,SZx,0.000100,2,3.739527e-01,6.486189e+01,0.000000e+00
netcdf,cesm/V_1_26_1800_3600.f32,SZx,0.000100,3,3.785669e-01,6.565559e+01,0.000000e+00
netcdf,cesm/V_1_26_1800_3600.f32,SZx,0.000100,4,3.738324e-01,6.472658e+01,0.000000e+00
netcdf,cesm/V_1_26_1800_3600.f32,SZx,0.000100,5,3.710958e-01,6.419234e+01,0.000000e+00
netcdf,cesm/V_1_26_1800_3600.f32,SZx,0.000100,6,3.608468e-01,6.258694e+01,0.000000e+00
netcdf,cesm/V_1_26_1800_3600.f32,SZx,0.000100,7,3.651297e-01,6.343770e+01,0.000000e+00
netcdf,cesm/V_1_26_1800_3600.f32,SZx,0.000100,8,3.669304e-01,6.345022e+01,0.000000e+00
netcdf,cesm/V_1_26_1800_3600.f32,SZx,0.000100,9,3.693850e-01,6.421816e+01,0.000000e+00
hdf5,cesm/V_1_26_1800_3600.f32,SZx,0.000010,0,2.876676e-01,5.006036e+01,0.000000e+00
hdf5,cesm/V_1_26_1800_3600.f32,SZx,0.000010,1,2.308737e-01,4.005220e+01,0.000000e+00
hdf5,cesm/V_1_26_1800_3600.f32,SZx,0.000010,2,2.146422e-01,3.726834e+01,0.000000e+00
hdf5,cesm/V_1_26_1800_3600.f32,SZx,0.000010,3,2.159341e-01,3.734866e+01,0.000000e+00
hdf5,cesm/V_1_26_1800_3600.f32,SZx,0.000010,4,2.173151e-01,3.776168e+01,0.000000e+00
hdf5,cesm/V_1_26_1800_3600.f32,SZx,0.000010,5,2.155001e-01,3.747097e+01,0.000000e+00
hdf5,cesm/V_1_26_1800_3600.f32,SZx,0.000010,6,2.175988e-01,3.767843e+01,0.000000e+00
hdf5,cesm/V_1_26_1800_3600.f32,SZx,0.000010,7,3.382757e-01,5.982346e+01,0.000000e+00
hdf5,cesm/V_1_26_1800_3600.f32,SZx,0.000010,8,2.159878e-01,3.743905e+01,0.000000e+00
hdf5,cesm/V_1_26_1800_3600.f32,SZx,0.000010,9,2.099116e-01,3.631607e+01,0.000000e+00
netcdf,cesm/V_1_26_1800_3600.f32,SZx,0.000010,0,4.705468e-01,8.167075e+01,0.000000e+00
netcdf,cesm/V_1_26_1800_3600.f32,SZx,0.000010,1,4.642079e-01,8.045750e+01,0.000000e+00
netcdf,cesm/V_1_26_1800_3600.f32,SZx,0.000010,2,4.602526e-01,7.993430e+01,0.000000e+00
netcdf,cesm/V_1_26_1800_3600.f32,SZx,0.000010,3,4.788743e-01,8.420566e+01,0.000000e+00
netcdf,cesm/V_1_26_1800_3600.f32,SZx,0.000010,4,6.298644e-01,1.096804e+02,0.000000e+00
netcdf,cesm/V_1_26_1800_3600.f32,SZx,0.000010,5,4.690100e-01,8.130613e+01,0.000000e+00
netcdf,cesm/V_1_26_1800_3600.f32,SZx,0.000010,6,4.647594e-01,8.071738e+01,0.000000e+00
netcdf,cesm/V_1_26_1800_3600.f32,SZx,0.000010,7,4.635768e-01,8.034489e+01,0.000000e+00
netcdf,cesm/V_1_26_1800_3600.f32,SZx,0.000010,8,4.665363e-01,8.103525e+01,0.000000e+00
netcdf,cesm/V_1_26_1800_3600.f32,SZx,0.000010,9,4.864588e-01,8.431582e+01,0.000000e+00
hdf5,cesm/V_1_26_1800_3600.f32,SZx,0.000001,0,2.505584e-01,4.354206e+01,0.000000e+00
hdf5,cesm/V_1_26_1800_3600.f32,SZx,0.000001,1,2.494483e-01,4.348646e+01,0.000000e+00
hdf5,cesm/V_1_26_1800_3600.f32,SZx,0.000001,2,2.612235e-01,4.532740e+01,0.000000e+00
hdf5,cesm/V_1_26_1800_3600.f32,SZx,0.000001,3,2.542861e-01,4.435597e+01,0.000000e+00
hdf5,cesm/V_1_26_1800_3600.f32,SZx,0.000001,4,2.495410e-01,4.344245e+01,0.000000e+00
hdf5,cesm/V_1_26_1800_3600.f32,SZx,0.000001,5,2.463936e-01,4.294337e+01,0.000000e+00
hdf5,cesm/V_1_26_1800_3600.f32,SZx,0.000001,6,2.574026e-01,4.468061e+01,0.000000e+00
hdf5,cesm/V_1_26_1800_3600.f32,SZx,0.000001,7,2.490689e-01,4.327540e+01,0.000000e+00
hdf5,cesm/V_1_26_1800_3600.f32,SZx,0.000001,8,2.458894e-01,4.271010e+01,0.000000e+00
hdf5,cesm/V_1_26_1800_3600.f32,SZx,0.000001,9,2.629996e-01,4.573975e+01,0.000000e+00
netcdf,cesm/V_1_26_1800_3600.f32,SZx,0.000001,0,5.573395e-01,9.670691e+01,0.000000e+00
netcdf,cesm/V_1_26_1800_3600.f32,SZx,0.000001,1,5.350371e-01,9.282508e+01,0.000000e+00
netcdf,cesm/V_1_26_1800_3600.f32,SZx,0.000001,2,7.766279e-01,1.378380e+02,0.000000e+00
netcdf,cesm/V_1_26_1800_3600.f32,SZx,0.000001,3,5.260757e-01,9.139167e+01,0.000000e+00
netcdf,cesm/V_1_26_1800_3600.f32,SZx,0.000001,4,5.282986e-01,9.151692e+01,0.000000e+00
netcdf,cesm/V_1_26_1800_3600.f32,SZx,0.000001,5,5.272207e-01,9.157075e+01,0.000000e+00
netcdf,cesm/V_1_26_1800_3600.f32,SZx,0.000001,6,5.298361e-01,9.175556e+01,0.000000e+00
netcdf,cesm/V_1_26_1800_3600.f32,SZx,0.000001,7,5.278383e-01,9.166889e+01,0.000000e+00
netcdf,cesm/V_1_26_1800_3600.f32,SZx,0.000001,8,5.469944e-01,9.486566e+01,0.000000e+00
netcdf,cesm/V_1_26_1800_3600.f32,SZx,0.000001,9,5.439330e-01,9.446106e+01,0.000000e+00
hdf5,hacc/vx.f32,SZx,0.100000,0,8.122282e-01,1.410179e+02,0.000000e+00
hdf5,hacc/vx.f32,SZx,0.100000,1,7.786047e-01,1.354394e+02,0.000000e+00
hdf5,hacc/vx.f32,SZx,0.100000,2,7.977579e-01,1.386387e+02,0.000000e+00
hdf5,hacc/vx.f32,SZx,0.100000,3,8.151045e-01,1.416054e+02,0.000000e+00
hdf5,hacc/vx.f32,SZx,0.100000,4,7.826887e-01,1.357674e+02,0.000000e+00
hdf5,hacc/vx.f32,SZx,0.100000,5,7.805588e-01,1.357806e+02,0.000000e+00
hdf5,hacc/vx.f32,SZx,0.100000,6,8.265562e-01,1.450467e+02,0.000000e+00
hdf5,hacc/vx.f32,SZx,0.100000,7,7.809334e-01,1.356823e+02,0.000000e+00
hdf5,hacc/vx.f32,SZx,0.100000,8,7.819982e-01,1.357346e+02,0.000000e+00
hdf5,hacc/vx.f32,SZx,0.100000,9,8.277393e-01,1.438160e+02,0.000000e+00
netcdf,hacc/vx.f32,SZx,0.100000,0,1.652930e+00,2.868669e+02,0.000000e+00
netcdf,hacc/vx.f32,SZx,0.100000,1,1.637903e+00,2.878715e+02,0.000000e+00
netcdf,hacc/vx.f32,SZx,0.100000,2,1.659298e+00,2.879903e+02,0.000000e+00
netcdf,hacc/vx.f32,SZx,0.100000,3,1.645005e+00,2.855039e+02,0.000000e+00
netcdf,hacc/vx.f32,SZx,0.100000,4,1.647094e+00,2.857626e+02,0.000000e+00
netcdf,hacc/vx.f32,SZx,0.100000,5,1.643809e+00,2.852911e+02,0.000000e+00
netcdf,hacc/vx.f32,SZx,0.100000,6,1.673369e+00,2.904103e+02,0.000000e+00
netcdf,hacc/vx.f32,SZx,0.100000,7,1.648151e+00,2.863475e+02,0.000000e+00
netcdf,hacc/vx.f32,SZx,0.100000,8,1.685061e+00,2.929063e+02,0.000000e+00
netcdf,hacc/vx.f32,SZx,0.100000,9,1.645286e+00,2.859083e+02,0.000000e+00
hdf5,hacc/vx.f32,SZx,0.010000,0,9.686556e-01,1.685981e+02,0.000000e+00
hdf5,hacc/vx.f32,SZx,0.010000,1,9.767505e-01,1.701437e+02,0.000000e+00
hdf5,hacc/vx.f32,SZx,0.010000,2,9.562410e-01,1.662636e+02,0.000000e+00
hdf5,hacc/vx.f32,SZx,0.010000,3,9.931640e-01,1.725364e+02,0.000000e+00
hdf5,hacc/vx.f32,SZx,0.010000,4,9.688149e-01,1.685530e+02,0.000000e+00
hdf5,hacc/vx.f32,SZx,0.010000,5,9.882425e-01,1.719783e+02,0.000000e+00
hdf5,hacc/vx.f32,SZx,0.010000,6,9.551758e-01,1.664115e+02,0.000000e+00
hdf5,hacc/vx.f32,SZx,0.010000,7,1.014010e+00,1.778571e+02,0.000000e+00
hdf5,hacc/vx.f32,SZx,0.010000,8,1.045828e+00,1.865612e+02,0.000000e+00
hdf5,hacc/vx.f32,SZx,0.010000,9,9.694688e-01,1.685834e+02,0.000000e+00
netcdf,hacc/vx.f32,SZx,0.010000,0,2.025397e+00,3.518305e+02,0.000000e+00
netcdf,hacc/vx.f32,SZx,0.010000,1,2.139317e+00,3.783524e+02,0.000000e+00
netcdf,hacc/vx.f32,SZx,0.010000,2,2.029272e+00,3.531619e+02,0.000000e+00
netcdf,hacc/vx.f32,SZx,0.010000,3,2.037170e+00,3.539160e+02,0.000000e+00
netcdf,hacc/vx.f32,SZx,0.010000,4,2.037448e+00,3.540501e+02,0.000000e+00
netcdf,hacc/vx.f32,SZx,0.010000,5,2.032848e+00,3.532626e+02,0.000000e+00
netcdf,hacc/vx.f32,SZx,0.010000,6,2.018464e+00,3.506834e+02,0.000000e+00
netcdf,hacc/vx.f32,SZx,0.010000,7,2.070113e+00,3.609324e+02,0.000000e+00
netcdf,hacc/vx.f32,SZx,0.010000,8,2.025370e+00,3.518483e+02,0.000000e+00
netcdf,hacc/vx.f32,SZx,0.010000,9,2.053449e+00,3.567177e+02,0.000000e+00
hdf5,hacc/vx.f32,SZx,0.001000,0,1.416582e+00,2.463108e+02,0.000000e+00
hdf5,hacc/vx.f32,SZx,0.001000,1,1.402556e+00,2.437724e+02,0.000000e+00
hdf5,hacc/vx.f32,SZx,0.001000,2,1.407616e+00,2.445968e+02,0.000000e+00
hdf5,hacc/vx.f32,SZx,0.001000,3,1.387036e+00,2.410346e+02,0.000000e+00
hdf5,hacc/vx.f32,SZx,0.001000,4,1.404513e+00,2.447247e+02,0.000000e+00
hdf5,hacc/vx.f32,SZx,0.001000,5,1.390052e+00,2.417252e+02,0.000000e+00
hdf5,hacc/vx.f32,SZx,0.001000,6,1.393613e+00,2.422259e+02,0.000000e+00
hdf5,hacc/vx.f32,SZx,0.001000,7,1.421703e+00,2.490560e+02,0.000000e+00
hdf5,hacc/vx.f32,SZx,0.001000,8,1.495273e+00,2.600997e+02,0.000000e+00
hdf5,hacc/vx.f32,SZx,0.001000,9,1.392930e+00,2.421879e+02,0.000000e+00
netcdf,hacc/vx.f32,SZx,0.001000,0,9.725205e-02,1.679470e+01,0.000000e+00
netcdf,hacc/vx.f32,SZx,0.001000,1,2.129775e-03,1.941520e-01,0.000000e+00
netcdf,hacc/vx.f32,SZx,0.001000,2,3.666940e-03,5.038440e-01,0.000000e+00
netcdf,hacc/vx.f32,SZx,0.001000,3,2.926482e-03,4.876090e-01,0.000000e+00
netcdf,hacc/vx.f32,SZx,0.001000,4,2.384441e-03,2.302850e-01,0.000000e+00
netcdf,hacc/vx.f32,SZx,0.001000,5,2.744954e-03,2.477410e-01,0.000000e+00
netcdf,hacc/vx.f32,SZx,0.001000,6,2.469110e-03,4.685660e-01,0.000000e+00
netcdf,hacc/vx.f32,SZx,0.001000,7,2.450386e-03,4.880360e-01,0.000000e+00
netcdf,hacc/vx.f32,SZx,0.001000,8,2.755135e-03,4.878530e-01,0.000000e+00
netcdf,hacc/vx.f32,SZx,0.001000,9,2.651124e-03,4.865100e-01,0.000000e+00
hdf5,hacc/vx.f32,SZx,0.000100,0,1.627139e+00,2.830269e+02,0.000000e+00
hdf5,hacc/vx.f32,SZx,0.000100,1,1.592620e+00,2.768864e+02,0.000000e+00
hdf5,hacc/vx.f32,SZx,0.000100,2,1.589464e+00,2.764852e+02,0.000000e+00
hdf5,hacc/vx.f32,SZx,0.000100,3,1.599815e+00,2.781593e+02,0.000000e+00
hdf5,hacc/vx.f32,SZx,0.000100,4,1.588554e+00,2.762754e+02,0.000000e+00
hdf5,hacc/vx.f32,SZx,0.000100,5,1.600993e+00,2.788671e+02,0.000000e+00
hdf5,hacc/vx.f32,SZx,0.000100,6,1.592076e+00,2.770537e+02,0.000000e+00
hdf5,hacc/vx.f32,SZx,0.000100,7,1.603110e+00,2.788424e+02,0.000000e+00
hdf5,hacc/vx.f32,SZx,0.000100,8,1.596645e+00,2.776222e+02,0.000000e+00
hdf5,hacc/vx.f32,SZx,0.000100,9,1.613962e+00,2.805903e+02,0.000000e+00
netcdf,hacc/vx.f32,SZx,0.000100,0,4.892103e-03,7.156960e-01,0.000000e+00
netcdf,hacc/vx.f32,SZx,0.000100,1,6.163437e-03,9.384740e-01,0.000000e+00
netcdf,hacc/vx.f32,SZx,0.000100,2,4.548144e-03,7.432840e-01,0.000000e+00
netcdf,hacc/vx.f32,SZx,0.000100,3,3.486752e-03,4.331650e-01,0.000000e+00
netcdf,hacc/vx.f32,SZx,0.000100,4,3.737859e-03,6.985450e-01,0.000000e+00
netcdf,hacc/vx.f32,SZx,0.000100,5,3.106453e-03,4.858390e-01,0.000000e+00
netcdf,hacc/vx.f32,SZx,0.000100,6,3.414735e-03,4.500720e-01,0.000000e+00
netcdf,hacc/vx.f32,SZx,0.000100,7,3.171219e-03,4.519640e-01,0.000000e+00
netcdf,hacc/vx.f32,SZx,0.000100,8,1.763132e-02,2.983452e+00,0.000000e+00
netcdf,hacc/vx.f32,SZx,0.000100,9,3.530834e-03,4.859610e-01,0.000000e+00
hdf5,hacc/vx.f32,SZx,0.000010,0,1.913718e+00,3.328138e+02,0.000000e+00
hdf5,hacc/vx.f32,SZx,0.000010,1,1.890769e+00,3.289631e+02,0.000000e+00
hdf5,hacc/vx.f32,SZx,0.000010,2,1.908619e+00,3.320956e+02,0.000000e+00
hdf5,hacc/vx.f32,SZx,0.000010,3,1.899283e+00,3.303653e+02,0.000000e+00
hdf5,hacc/vx.f32,SZx,0.000010,4,1.899918e+00,3.305725e+02,0.000000e+00
hdf5,hacc/vx.f32,SZx,0.000010,5,1.896937e+00,3.299037e+02,0.000000e+00
hdf5,hacc/vx.f32,SZx,0.000010,6,1.910482e+00,3.321607e+02,0.000000e+00
hdf5,hacc/vx.f32,SZx,0.000010,7,1.854809e+00,3.227434e+02,0.000000e+00
hdf5,hacc/vx.f32,SZx,0.000010,8,1.962771e+00,3.432507e+02,0.000000e+00
hdf5,hacc/vx.f32,SZx,0.000010,9,1.890537e+00,3.289757e+02,0.000000e+00
netcdf,hacc/vx.f32,SZx,0.000010,0,1.476167e-02,2.651604e+00,0.000000e+00
netcdf,hacc/vx.f32,SZx,0.000010,1,2.581701e-03,5.047600e-01,0.000000e+00
netcdf,hacc/vx.f32,SZx,0.000010,2,3.665115e-03,6.904280e-01,0.000000e+00
netcdf,hacc/vx.f32,SZx,0.000010,3,2.444500e-03,4.539170e-01,0.000000e+00
netcdf,hacc/vx.f32,SZx,0.000010,4,2.509626e-03,4.869370e-01,0.000000e+00
netcdf,hacc/vx.f32,SZx,0.000010,5,2.892385e-03,4.685050e-01,0.000000e+00
netcdf,hacc/vx.f32,SZx,0.000010,6,2.391266e-03,4.513540e-01,0.000000e+00
netcdf,hacc/vx.f32,SZx,0.000010,7,2.561433e-03,4.510490e-01,0.000000e+00
netcdf,hacc/vx.f32,SZx,0.000010,8,2.647321e-03,5.321030e-01,0.000000e+00
netcdf,hacc/vx.f32,SZx,0.000010,9,2.820434e-03,4.862660e-01,0.000000e+00
hdf5,hacc/vx.f32,SZx,0.000001,0,2.199426e+00,3.825411e+02,0.000000e+00
hdf5,hacc/vx.f32,SZx,0.000001,1,2.198859e+00,3.824673e+02,0.000000e+00
hdf5,hacc/vx.f32,SZx,0.000001,2,2.165582e+00,3.766675e+02,0.000000e+00
hdf5,hacc/vx.f32,SZx,0.000001,3,2.207876e+00,3.838135e+02,0.000000e+00
hdf5,hacc/vx.f32,SZx,0.000001,4,2.214566e+00,3.849360e+02,0.000000e+00
hdf5,hacc/vx.f32,SZx,0.000001,5,2.197670e+00,3.824811e+02,0.000000e+00
hdf5,hacc/vx.f32,SZx,0.000001,6,2.187956e+00,3.808918e+02,0.000000e+00
hdf5,hacc/vx.f32,SZx,0.000001,7,2.211132e+00,3.845714e+02,0.000000e+00
hdf5,hacc/vx.f32,SZx,0.000001,8,2.213361e+00,3.850856e+02,0.000000e+00
hdf5,hacc/vx.f32,SZx,0.000001,9,2.203923e+00,3.834335e+02,0.000000e+00
netcdf,hacc/vx.f32,SZx,0.000001,0,5.039038e-03,9.182720e-01,0.000000e+00
netcdf,hacc/vx.f32,SZx,0.000001,1,3.140129e-03,5.040270e-01,0.000000e+00
netcdf,hacc/vx.f32,SZx,0.000001,2,3.946348e-03,7.160020e-01,0.000000e+00
netcdf,hacc/vx.f32,SZx,0.000001,3,3.150116e-03,4.859600e-01,0.000000e+00
netcdf,hacc/vx.f32,SZx,0.000001,4,1.422270e-02,2.381098e+00,0.000000e+00
netcdf,hacc/vx.f32,SZx,0.000001,5,3.219201e-03,4.510480e-01,0.000000e+00
netcdf,hacc/vx.f32,SZx,0.000001,6,5.318282e-03,9.363380e-01,0.000000e+00
netcdf,hacc/vx.f32,SZx,0.000001,7,3.469124e-03,5.044540e-01,0.000000e+00
netcdf,hacc/vx.f32,SZx,0.000001,8,1.450343e-02,2.418023e+00,0.000000e+00
netcdf,hacc/vx.f32,SZx,0.000001,9,3.084613e-03,4.899890e-01,0.000000e+00
